Province,District,Palika,Category,Status,Rows_Added,Started_Date,Completed_Date,Notes
National,National,National,Emergency Services,Completed,3,2026-06-25,2026-06-27,"Official Nepal Police and NTA National Numbering Allocation Plan checked; police 100, fire 101, and ambulance 102 short codes are added. 24/7 status left blank where not explicitly stated."
National,National,National,Government Complaints,Completed,3,2026-06-25,2026-07-06,"Official Hello Sarkar, Nepal Police toll-free complaint line, and CIAA anti-corruption complaint hotline verified from official sources and added."
National,National,National,Women & Children,Completed,2,2026-06-25,2026-06-28,NWC 1145 and NCRC Child Helpline 1098 official sources checked and added.
Bagmati,Kathmandu,Kathmandu Metropolitan City,Information & Inquiry,Completed,1,2026-06-25,2026-06-25,Official Kathmandu Metropolitan City call center page checked; call center number and email added.
Bagmati,Kathmandu,Kathmandu Metropolitan City,Government Services,Completed,23,2026-06-25,2026-06-28,"Official KMC office and departments directory checked; all phone-bearing municipal department/project rows captured. Departments without published phone numbers were not added as separate rows. Related service categories such as Ward Offices, Complaints, Utilities, Health, and Tourism are tracked separately."
Bagmati,Kathmandu,Kathmandu Metropolitan City,Health & Ambulance,Completed,34,2026-06-25,2026-06-28,"Official KMC Health Department, KMC clinics directory, Urban Health Promotion Centers, and official HEOC Ambulance Nepal 102 contact checked. Category covers municipal health contacts and core ambulance coordination; individual private ambulance providers not added without official source."
Bagmati,Kathmandu,Kathmandu Metropolitan City,Disaster & Rescue,Completed,3,2026-06-25,2026-06-28,"Official KMC disaster contacts, NEOC/NDRRMA context, and Nepal Red Cross central humanitarian response contact added. Core KMC disaster/rescue public contacts covered."
Bagmati,Kathmandu,Kathmandu Metropolitan City,Emergency Services,Completed,2,2026-06-27,2026-06-27,Official KMC contact page checked; free ambulance 102 and fire brigade 101 added. Police emergency 100 remains covered in the national emergency row; local police/security category remains in progress.
Bagmati,Kathmandu,Kathmandu Metropolitan City,Hospitals,Completed,55,2026-06-27,2026-06-28,Official KMC free-health portal table processed; all hospital records with contact numbers from the portal added. Individual hospital official websites can be cross-checked later for enrichment.
Bagmati,Kathmandu,Kathmandu Metropolitan City,Ward Offices,Completed,32,2026-06-28,2026-06-28,Official KMC ward offices directory parsed; 32 ward office contacts found with phone numbers.
Bagmati,Kathmandu,Kathmandu Metropolitan City,Travel & Tourism,Completed,9,2026-06-28,2026-06-28,"Official Nepal Police Tourist Police and Nepal Tourism Board sources checked; Kathmandu tourist police units, NTB information contact, and NTB crisis cell added."
Bagmati,Kathmandu,Kathmandu Metropolitan City,Electricity & Utilities,Completed,15,2026-06-28,2026-06-28,"Official NEA distribution centers, NEA outage hotline, KUKL central office, and KUKL Kathmandu branch contacts added. Ward-level service boundaries remain unspecified by source, but main KMC electricity/water utility contacts are covered."
National,National,National,Disaster & Rescue,Completed,3,2026-06-28,2026-07-06,"Official MoHA/NEOC, NDRRMA, and Armed Police Force emergency/rescue contacts verified from official sources and added."
Bagmati,Lalitpur,Lalitpur Metropolitan City,Emergency Services,Completed,2,2026-06-28,2026-06-28,Official Lalitpur Metropolitan City contact page checked; fire brigade and ambulance service contacts added. National short codes 100/101/102 remain covered in national rows.
Bagmati,Lalitpur,Lalitpur Metropolitan City,Police & Security,Completed,14,2026-06-28,2026-06-28,Official Lalitpur Metropolitan City municipal police contact and official Kathmandu Valley Police District Police Range Lalitpur table checked. District range and key Lalitpur metro-area police/traffic posts added; offices outside or uncertain for the metro were not added.
Bagmati,Lalitpur,Lalitpur Metropolitan City,Government Services,Completed,4,2026-06-28,2026-06-28,"Official Lalitpur Metropolitan City contact page and official site search checked; central municipal office, mayor, deputy mayor, and CAO contacts captured. Department pages found mostly repeat central office contact without unique department numbers, so no unsourced department rows were added."
Bagmati,Lalitpur,Lalitpur Metropolitan City,Electricity & Utilities,Completed,6,2026-06-28,2026-06-28,"Official Lalitpur municipal utility contacts, NEA Pulchowk/Lagankhel Distribution Centers, and KUKL Lalitpur Branch added. Core electricity/water/sanitation utility contacts covered."
Bagmati,Lalitpur,Lalitpur Metropolitan City,Ward Offices,Completed,29,2026-06-28,2026-06-28,Official Lalitpur Metropolitan City elected representatives table parsed; 29 ward chairperson rows with ward office phone numbers found and added.
Bagmati,Lalitpur,Lalitpur Metropolitan City,Hospitals,Completed,11,2026-06-28,2026-06-28,"Official hospital/government websites checked; major Lalitpur Metropolitan City hospitals added including Patan/PAHS, Nepal Mediciti, B&B, Alka, Sumeru, Star, Ganeshman Singh Memorial, Megha, Mental Hospital Lagankhel, Nepal Cancer Hospital, and National Cancer Hospital. Category completed for main official-source hospital contacts; smaller clinics may be added later under Health & Ambulance if verified."
Bagmati,Lalitpur,Lalitpur Metropolitan City,Health & Ambulance,Completed,2,2026-06-28,2026-06-28,"Official Lalitpur Metropolitan City contact page and ward profile search checked; ambulance service and COVID-19 isolation center/hotline added. Official health-center phone directory was not found, so health-post rows were not fabricated. Hospitals are tracked separately and completed."
Bagmati,Lalitpur,Lalitpur Metropolitan City,Women & Children,Completed,2,2026-06-28,2026-06-28,Official NWC/Khabar Garau 1145 and NCRC Child Helpline 1098 sources checked and added as Lalitpur coverage rows. No unique LMC women/children office phone was found on official pages.
Bagmati,Lalitpur,Lalitpur Metropolitan City,Disaster & Rescue,Completed,3,2026-06-28,2026-06-28,"Official Lalitpur fire service, NDRRMA/NEOC national disaster coordination, and Nepal Red Cross disaster/humanitarian response contacts added as Lalitpur coverage rows."
Bagmati,Lalitpur,Lalitpur Metropolitan City,Government Complaints,Completed,1,2026-06-28,2026-06-28,Official LMC grievance page checked and municipal grievance/contact row added.
Bagmati,Lalitpur,Lalitpur Metropolitan City,Information & Inquiry,Completed,1,2026-06-28,2026-06-28,Official LMC information officer contact found and added.
Bagmati,Lalitpur,Lalitpur Metropolitan City,Travel & Tourism,Completed,1,2026-06-28,2026-06-28,Official Nepal Police Tourist Police page checked; Tourist Police Mangal Bazar Patan contact and 1144 hotline added. NTB/LMC tourism pages describe Patan and fees but did not publish additional local contact numbers.
Bagmati,Bhaktapur,Bhaktapur Municipality,Disaster & Rescue,Completed,1,2026-06-28,2026-06-28,Official DAO Bhaktapur disaster page and emergency contacts PDF checked; District Administration Office disaster coordination and fire/rescue references captured. Category completed for core official public disaster contacts.
Bagmati,Bhaktapur,Bhaktapur Municipality,Emergency Services,Completed,2,2026-06-28,2026-06-28,"Official NTA short codes, DAO Bhaktapur fire brigade row, and DAO ambulance contacts in Health & Ambulance checked. Core local emergency contacts covered; detailed ward-level emergency contacts can be enriched later from OCR/PDF review."
Bagmati,Bhaktapur,Bhaktapur Municipality,Health & Ambulance,Completed,2,2026-06-28,2026-06-28,Official DAO Bhaktapur emergency contacts PDF and health-post page checked. Bhaktapur Municipality COVID ambulance and Nepal Red Cross Bhaktapur ambulance added; health-post page did not expose phone rows. Hospitals are tracked separately and completed.
Bagmati,Bhaktapur,Bhaktapur Municipality,Hospitals,Completed,3,2026-06-28,2026-06-28,"Official DAO emergency contacts PDF and official Bhaktapur Cancer Hospital website checked; Bhaktapur Hospital, Shahid Dharmabhakta National Transplant Center, and Bhaktapur Cancer Hospital added. Kathmandu Cancer Center is in Tathali outside Bhaktapur Municipality and was not added."
Bagmati,Bhaktapur,Bhaktapur Municipality,Electricity & Utilities,Completed,3,2026-06-28,2026-06-28,"Official DAO Bhaktapur emergency contacts PDF checked; KUKL Dudhpaty, NEA Bhaktapur, and Nepal Telecom Bhaktapur added. Core official utility contacts covered; ward-level utility boundaries not specified."
Bagmati,Bhaktapur,Madhyapur Thimi Municipality,Information & Inquiry,Completed,2,2026-06-28,2026-06-28,Official contact/staff pages checked; IT/inquiry contact and information officer added.
Bagmati,Bhaktapur,Madhyapur Thimi Municipality,Emergency Services,Completed,1,2026-06-28,2026-06-28,Official municipality contact page and DAO Bhaktapur emergency contacts PDF checked; local ambulance contacts plus national emergency short codes covered. No separate official fire brigade row specific to Madhyapur Thimi was found.
Bagmati,Bhaktapur,Madhyapur Thimi Municipality,Government Complaints,Completed,1,2026-06-28,2026-06-28,Official Madhyapur Thimi Municipality grievance page checked and complaint/contact row added.
Bagmati,Bhaktapur,Madhyapur Thimi Municipality,Hospitals,Completed,3,2026-06-28,2026-06-28,"Official NKFMH, Madhyapur Hospital, and Nagarik Community Teaching Hospital sources checked and added. Main official-source hospital contacts covered."
Bagmati,Bhaktapur,Madhyapur Thimi Municipality,Electricity & Utilities,Completed,2,2026-06-28,2026-06-28,Official DAO Bhaktapur emergency contacts PDF checked; Nepal Telecom Thimi and NEA Thimi contacts added. No official Madhyapur Thimi water/sewer branch contact found in this pass; category completed for verified core utility contacts.
Bagmati,Bhaktapur,Suryabinayak Municipality,Government Services,Completed,2,2026-06-28,2026-06-28,"Official municipality contact page, DAO PDF, and ward pages checked; municipal office, CAO, and ward offices captured. Department-specific rows without unique phone numbers were not added."
Bagmati,Bhaktapur,Suryabinayak Municipality,Government Complaints,Completed,1,2026-06-28,2026-06-28,Official contact page feedback/complaint form checked and complaint/contact row added.
Bagmati,Bhaktapur,Suryabinayak Municipality,Information & Inquiry,Completed,1,2026-06-28,2026-06-28,Official municipal general contact added.
Bagmati,Bhaktapur,Suryabinayak Municipality,Health & Ambulance,Completed,2,2026-06-28,2026-06-28,"Official DAO PDF and Suryabinayak health pages checked; COVID special ambulance and public health sub-branch added. Health post pages expose central municipal phone only, so no unsourced facility numbers were added."
Bagmati,Bhaktapur,Suryabinayak Municipality,Hospitals,Completed,1,2026-06-28,2026-06-28,Official Suryabinayak Municipality hospital page checked; Municipality Hospital Dadhikot added using official municipal contact details because no separate hospital phone was exposed.
Bagmati,Bhaktapur,Suryabinayak Municipality,Emergency Services,Completed,1,2026-06-29,2026-06-29,Official DAO Bhaktapur emergency PDF and national official hotline sources checked; core verified coverage row added. No more specific Suryabinayak branch contact was found in this pass.
Bagmati,Bhaktapur,Suryabinayak Municipality,Disaster & Rescue,Completed,1,2026-06-29,2026-06-29,Official DAO Bhaktapur emergency PDF and national official hotline sources checked; core verified coverage row added. No more specific Suryabinayak branch contact was found in this pass.
Bagmati,Bhaktapur,Suryabinayak Municipality,Electricity & Utilities,Completed,1,2026-06-29,2026-06-29,Official DAO Bhaktapur emergency PDF and national official hotline sources checked; core verified coverage row added. No more specific Suryabinayak branch contact was found in this pass.
Bagmati,Bhaktapur,Suryabinayak Municipality,Women & Children,Completed,2,2026-06-29,2026-06-29,Official national/police sources checked and coverage row(s) added; no unique Suryabinayak office contact found.
Bagmati,Bhaktapur,Suryabinayak Municipality,Travel & Tourism,Completed,1,2026-06-29,2026-06-29,Official national/police sources checked and coverage row(s) added; no unique Suryabinayak office contact found.
Bagmati,Bhaktapur,Changunarayan Municipality,Government Services,Completed,4,2026-06-29,2026-06-29,"Official municipal contact page plus current Mayor and Deputy Mayor profile pages checked; central office, CAO/DAO listing, Mayor, and Deputy Mayor contacts added."
Bagmati,Bhaktapur,Changunarayan Municipality,Health & Ambulance,Completed,6,2026-06-29,2026-06-29,"Official DAO PDF and official Changunarayan Municipality diary checked; main municipality, PHC, Red Cross/Telkot/Nagarkot, Harinam Sankirtan, and Tathali Health Center ambulance contacts added. Older diary numbers marked Needs Review where not cross-checked."
Bagmati,Bhaktapur,Changunarayan Municipality,Hospitals,Completed,1,2026-06-29,2026-06-29,Kathmandu Cancer Center row cross-checked against official hospital contact page and updated; older DAO/municipality diary ambulance numbers retained in notes for manual verification.
Bagmati,Bhaktapur,Changunarayan Municipality,Emergency Services,Completed,1,2026-06-29,2026-06-29,Official DAO/national sources checked; emergency short code and local ambulance coverage rows added. Fire brigade is district-level Juddha Barun Yantra already represented in Bhaktapur-area emergency sources.
Bagmati,Bhaktapur,Changunarayan Municipality,Disaster & Rescue,Completed,1,2026-06-29,2026-06-29,Official DAO/national sources checked; disaster/ambulance/municipal coordination coverage row added with national disaster hotlines.
Bagmati,Bhaktapur,Changunarayan Municipality,Women & Children,Completed,2,2026-06-29,2026-06-29,Official DAO/national sources checked; coverage rows added. More local official contacts may need collection.
Bagmati,Bhaktapur,Changunarayan Municipality,Information & Inquiry,Completed,1,2026-06-29,2026-06-29,Official Changunarayan contact page/footer checked; inquiry and toll-free contact added.
Bagmati,Bhaktapur,Changunarayan Municipality,Ward Offices,Completed,9,2026-06-29,2026-06-29,Current official Changunarayan ward pages checked; ward office/contact rows for wards 1-9 updated from official current pages and old diary conflicts noted in row Notes.
Bagmati,Bhaktapur,Changunarayan Municipality,Government Complaints,Completed,1,2026-06-29,2026-06-29,Official Changunarayan contact page/footer checked; toll-free municipal complaint/inquiry contact added.
Bagmati,Bhaktapur,Changunarayan Municipality,Electricity & Utilities,Completed,1,2026-06-29,2026-06-29,Official DAO Bhaktapur emergency contacts PDF checked; NEA and Nepal Telecom Bhaktapur district utility coverage added for Changunarayan.
Bagmati,Bhaktapur,Changunarayan Municipality,Travel & Tourism,Completed,1,2026-06-29,2026-06-29,Official Nepal Police Tourist Police contact used for Changunarayan heritage visitor support coverage; no separate municipal tourism desk found in this pass.
Bagmati,Kathmandu,Kageshwori Manohara Municipality,Government Complaints,Completed,1,2026-06-29,2026-06-29,Official contact page grievance/feedback form checked; complaint contact row added.
Bagmati,Kathmandu,Kageshwori Manohara Municipality,Hospitals,Completed,1,2026-06-29,2026-06-29,Official municipal hospital contact page checked; hospital contact and emergency hours added.
Bagmati,Kathmandu,Kageshwori Manohara Municipality,Emergency Services,Completed,1,2026-06-29,2026-06-29,Official hospital emergency source checked; national emergency short-code coverage added with hospital emergency contact.
Bagmati,Kathmandu,Kageshwori Manohara Municipality,Ward Offices,Completed,9,2026-07-01,2026-07-01,Official municipality ward pages checked; ward contact numbers for wards 1-9 added.
Bagmati,Kathmandu,Kageshwori Manohara Municipality,Travel & Tourism,Completed,1,2026-07-01,2026-07-01,Official Nepal Police Tourist Police contact used for Kathmandu Valley/Kageshwori visitor-support coverage; no municipal tourism desk found.
Bagmati,Kathmandu,Gokarneshwor Municipality,Government Services,Completed,5,2026-07-02,2026-07-02,"Official municipal homepage and contact page checked; central office, Mayor, Deputy Mayor, CAO, and spokesperson contacts added."
Bagmati,Kathmandu,Gokarneshwor Municipality,Information & Inquiry,Completed,1,2026-07-02,2026-07-02,Official contact page checked; inquiry/toll-free row added.
Bagmati,Kathmandu,Gokarneshwor Municipality,Government Complaints,Completed,1,2026-07-02,2026-07-02,Official contact page and site complaint links checked; toll-free complaint/contact row added.
Bagmati,Kathmandu,Gokarneshwor Municipality,Hospitals,Completed,3,2026-07-02,2026-07-02,"Official hospital websites checked; Nepal Medical College, Shankarapur Hospital, and Nepal Orthopaedic Hospital added."
Bagmati,Kathmandu,Gokarneshwor Municipality,Health & Ambulance,Completed,3,2026-07-02,2026-07-02,"Official municipal contact page, Shankarapur Hospital website, and older official municipal COVID ambulance PDF checked; ambulance-specific NMC row marked Needs Review due source age."
Bagmati,Kathmandu,Gokarneshwor Municipality,Emergency Services,Completed,1,2026-07-02,2026-07-02,Official hospital/municipal contacts and national short-code coverage checked; emergency coverage row added.
Bagmati,Kathmandu,Gokarneshwor Municipality,Police & Security,Completed,2,2026-07-02,2026-07-02,"Official Nepal Police emergency coverage and Kathmandu Valley Traffic Police helpline checked; local police post phone not confirmed from official source, so no local post row was fabricated."
Bagmati,Kathmandu,Gokarneshwor Municipality,Disaster & Rescue,Completed,1,2026-07-02,2026-07-02,Official municipal health and hospital emergency contacts checked; disaster coverage row added with national disaster hotlines.
Bagmati,Kathmandu,Gokarneshwor Municipality,Electricity & Utilities,Completed,1,2026-07-02,2026-07-02,Official NEA and KUKL contact pages checked; Kathmandu-level utility coverage row added. Ward-specific utility counter not found.
Bagmati,Kathmandu,Gokarneshwor Municipality,Women & Children,Completed,2,2026-07-02,2026-07-02,Official NWC 1145 and NCRC 1098 national helpline sources checked; Gokarneshwor coverage rows added.
Bagmati,Kathmandu,Gokarneshwor Municipality,Travel & Tourism,Completed,1,2026-07-02,2026-07-02,Official Nepal Police Tourist Police contact used for Kathmandu Valley/Gokarneshwor visitor-support coverage; no municipal tourism desk found.
Bagmati,Kathmandu,Shankharapur Municipality,Government Complaints,Completed,1,2026-07-02,2026-07-02,Official site complaint/problems links and municipal contact page checked; complaint/contact row added.
Bagmati,Kathmandu,Shankharapur Municipality,Hospitals,Completed,2,2026-07-02,2026-07-03,Official ward 9 page confirmed Shankharapur Municipal Hospital contact; nearby Shankarapur Hospital coverage retained. Category completed.
Bagmati,Kathmandu,Shankharapur Municipality,Emergency Services,Completed,1,2026-07-02,2026-07-02,"Official municipal health section, nearby official hospital emergency, and national emergency short-code coverage checked; emergency row added. Updated 2026-07-03 with Shankharapur Municipal Hospital contact from official ward 9 page."
Bagmati,Kathmandu,Shankharapur Municipality,Disaster & Rescue,Completed,1,2026-07-02,2026-07-02,Official municipal health section and national disaster hotline coverage checked; no separate municipal disaster desk found. Updated 2026-07-03 with Shankharapur Municipal Hospital contact from official ward 9 page.
Bagmati,Kathmandu,Shankharapur Municipality,Travel & Tourism,Completed,1,2026-07-02,2026-07-02,Official Nepal Police Tourist Police contact used for Kathmandu Valley/Shankharapur visitor-support coverage; no municipal tourism desk found.
Bagmati,Kathmandu,Tokha Municipality,Ward Offices,Completed,11,2026-07-03,2026-07-03,Official elected officials/ward staff pages checked; ward chair/office contacts for wards 1-11 added.
Bagmati,Kathmandu,Tokha Municipality,Hospitals,Completed,1,2026-07-03,2026-07-03,"Official Grande International Hospital contact page checked; 24/7 hospital contact added. Tokha Chandeshwori Hospital official site found but no clean official phone was confirmed in this pass, so no row was added for it."
Bagmati,Kathmandu,Tokha Municipality,Emergency Services,Completed,1,2026-07-03,2026-07-03,"Official Grande 24/7 hospital contact, Tokha health section, and national emergency short-code coverage checked; emergency row added."
Bagmati,Kathmandu,Tokha Municipality,Electricity & Utilities,Completed,1,2026-07-03,2026-07-03,Official NEA and KUKL contact pages checked; Kathmandu-level utility coverage row added. Ward-specific utility counter not found.
Bagmati,Kathmandu,Tokha Municipality,Travel & Tourism,Completed,1,2026-07-03,2026-07-03,Official Nepal Police Tourist Police contact used for Kathmandu Valley/Tokha visitor-support coverage; no municipal tourism desk found.
Bagmati,Kathmandu,Tarakeshwar Municipality,Hospitals,Completed,2,2026-07-03,2026-07-03,Official Tarakeshwor City Hospital and Green City Hospital contact pages checked; hospital contacts added.
Bagmati,Kathmandu,Tarakeshwar Municipality,Emergency Services,Completed,1,2026-07-03,2026-07-03,"Official hospital contacts, municipal health section, and national emergency short-code coverage checked; emergency row added."
Bagmati,Kathmandu,Tarakeshwar Municipality,Police & Security,Completed,2,2026-07-03,2026-07-03,"Official Nepal Police emergency coverage and Kathmandu Valley Traffic Police helpline checked; local police post phone not confirmed from official source, so no local post row was fabricated."
Bagmati,Kathmandu,Tarakeshwar Municipality,Disaster & Rescue,Completed,2,2026-07-03,2026-07-03,"Official municipal health, hospital, and Environment/Disaster Management branch contacts checked; disaster rows added with national disaster hotlines."
Bagmati,Kathmandu,Tarakeshwar Municipality,Electricity & Utilities,Completed,1,2026-07-03,2026-07-03,Official NEA and KUKL contact pages checked; Kathmandu-level utility coverage row added. Ward-specific utility counter not found.
Bagmati,Kathmandu,Tarakeshwar Municipality,Women & Children,Completed,2,2026-07-03,2026-07-03,Official NWC 1145 and NCRC 1098 national helpline sources checked; Tarakeshwar coverage rows added.
Bagmati,Kathmandu,Tarakeshwar Municipality,Travel & Tourism,Completed,1,2026-07-03,2026-07-03,Official Nepal Police Tourist Police contact used for Kathmandu Valley/Tarakeshwar visitor-support coverage; no municipal tourism desk found.
Bagmati,Kathmandu,Budhanilkantha Municipality,Ward Offices,Completed,13,2026-07-03,2026-07-03,Official ward pages checked; ward contact rows for wards 1-13 added.
Bagmati,Kathmandu,Budhanilkantha Municipality,Hospitals,Completed,3,2026-07-03,2026-07-03,"Official Karuna Hospital, KIOCH, and Budhanilkantha municipal public health staff sources checked; hospital/child health/municipal hospital contacts added."
Bagmati,Kathmandu,Budhanilkantha Municipality,Emergency Services,Completed,1,2026-07-03,2026-07-03,"Official hospital contacts, municipal hotline, and national emergency short-code coverage checked; emergency row added. Updated 2026-07-03 with Budhanilkantha Municipal Hospital contact from official public health staff page."
Bagmati,Kathmandu,Budhanilkantha Municipality,Disaster & Rescue,Completed,1,2026-07-03,2026-07-03,Official municipal hotline and hospital contacts checked; disaster coverage row added with national disaster hotlines. Updated 2026-07-03 with Budhanilkantha Municipal Hospital contact from official public health staff page.
Bagmati,Kathmandu,Budhanilkantha Municipality,Electricity & Utilities,Completed,1,2026-07-03,2026-07-03,Official NEA and KUKL contact pages checked; Kathmandu-level utility coverage row added. Ward-specific utility counter not found.
Bagmati,Kathmandu,Budhanilkantha Municipality,Travel & Tourism,Completed,2,2026-07-03,2026-07-03,Budhanilkantha Tourism Board contact page and official Nepal Police Tourist Police contact checked; tourism support rows added.
Bagmati,Kathmandu,Nagarjun Municipality,Government Complaints,Completed,1,2026-07-03,2026-07-03,Official contact page feedback/grievance form checked; complaint/contact row added.
Bagmati,Kathmandu,Nagarjun Municipality,Hospitals,Completed,1,2026-07-03,2026-07-03,Official MMTH contact/emergency source added. No additional Nagarjun municipal hospital contact confirmed from official sources in this pass; category closed with verified MMTH coverage.
Bagmati,Kathmandu,Nagarjun Municipality,Emergency Services,Completed,1,2026-07-03,2026-07-03,"Official hospital contact, municipal health section, and national emergency short-code coverage checked; emergency row added."
Bagmati,Kathmandu,Nagarjun Municipality,Police & Security,Completed,2,2026-07-03,2026-07-03,"Official Nepal Police emergency coverage and Kathmandu Valley Traffic Police helpline checked; local police post phone not confirmed from official source, so no local post row was fabricated."
Bagmati,Kathmandu,Nagarjun Municipality,Disaster & Rescue,Completed,1,2026-07-03,2026-07-03,Official municipal health and hospital emergency contacts checked; disaster coverage row added with national disaster hotlines.
Bagmati,Kathmandu,Nagarjun Municipality,Travel & Tourism,Completed,1,2026-07-03,2026-07-03,Official Nepal Police Tourist Police contact used for Kathmandu Valley/Nagarjun visitor-support coverage; no municipal tourism desk found.
Bagmati,Kathmandu,Chandragiri Municipality,Government Complaints,Completed,1,2026-07-03,2026-07-03,Official site complaint/problems/feedback links and contact page checked; complaint/contact row added.
Bagmati,Kathmandu,Chandragiri Municipality,Hospitals,Completed,1,2026-07-03,2026-07-03,Official municipality PDF roster checked; Thankot Primary Hospital row added using explicitly listed Medical Officer and Hospital Chief contact. No separate hospital landline found.
Bagmati,Kathmandu,Chandragiri Municipality,Emergency Services,Completed,1,2026-07-03,2026-07-03,Official public health contact and national emergency short-code coverage checked; emergency row added.
Bagmati,Kathmandu,Chandragiri Municipality,Police & Security,Completed,2,2026-07-03,2026-07-03,"Official Nepal Police emergency coverage and Kathmandu Valley Traffic Police helpline checked; local police post phone not confirmed from official source, so no local post row was fabricated."
Bagmati,Kathmandu,Chandragiri Municipality,Travel & Tourism,Completed,2,2026-07-03,2026-07-03,Official Chandragiri Hills contact page and official Nepal Police Tourist Police contact checked; tourism support rows added.
Bagmati,Kathmandu,Kirtipur Municipality,Government Services,Completed,3,2026-07-06,2026-07-06,"Official contact and people representative pages checked; municipal office, Deputy Chief, and spokesperson contacts added. Mayor phone was masked and not used."
Bagmati,Kathmandu,Kirtipur Municipality,Information & Inquiry,Completed,1,2026-07-06,2026-07-06,Official contact page checked; IT/contact person and municipal phones added.
Bagmati,Kathmandu,Kirtipur Municipality,Government Complaints,Completed,1,2026-07-06,2026-07-06,Official contact page and incident reporting link checked; contact-person grievance/inquiry row added. No dedicated complaint hotline found.
Bagmati,Kathmandu,Kirtipur Municipality,Emergency Services,Completed,1,2026-07-06,2026-07-06,Official municipal helpline pages checked; emergency coverage row added with disaster branch and national short-code context.
Bagmati,Kathmandu,Kirtipur Municipality,Police & Security,Completed,3,2026-07-06,2026-07-06,"Official municipal Nepal Police helpline page checked; municipal police, traffic police, and Kirtipur police circle contacts added."
Bagmati,Kathmandu,Kirtipur Municipality,Hospitals,Completed,2,2026-07-06,2026-07-06,Official municipal ambulance support and PHECT Kirtipur Hospital page checked; Kirtipur Hospital and Bishnu Devi Hospital contacts added.
Bagmati,Kathmandu,Kirtipur Municipality,Disaster & Rescue,Completed,2,2026-07-06,2026-07-06,Official municipal helpline and Red Cross pages checked; disaster branch and Red Cross support contacts added.
Bagmati,Kathmandu,Kirtipur Municipality,Women & Children,Completed,2,2026-07-06,2026-07-06,Municipal women/child helpline pages checked but local rows were blank; official national NWC/NCRC coverage rows added.
Bagmati,Kathmandu,Kirtipur Municipality,Electricity & Utilities,Completed,1,2026-07-06,2026-07-06,Official NEA/KUKL central sources checked; Kirtipur-specific utility office not found in this pass.
Bagmati,Kathmandu,Kirtipur Municipality,Travel & Tourism,Completed,1,2026-07-06,2026-07-06,Official Nepal Tourism Board Kirtipur page checked; tourism information row added with tourist police code context.
Bagmati,Kathmandu,Dakshinkali Municipality,Government Complaints,Completed,1,2026-07-06,2026-07-06,"Homepage and contact page checked; grievance/problem-registration routes exist, but no separate complaint hotline was found."
Bagmati,Kathmandu,Dakshinkali Municipality,Emergency Services,Completed,1,2026-07-06,2026-07-06,Official municipal phonebook and contact page checked; emergency coverage row added using municipal ambulance and office phone plus national short-code context.
Bagmati,Kathmandu,Dakshinkali Municipality,Police & Security,Completed,2,2026-07-06,2026-07-06,Official municipal phonebook and city police page checked; municipal police and Pharping Area Police Office contacts added.
Bagmati,Kathmandu,Dakshinkali Municipality,Hospitals,Completed,2,2026-07-06,2026-07-06,Official municipal phonebook checked; Dakshinkali Municipal Hospital and Nimohan Community Hospital contacts added.
Bagmati,Kathmandu,Dakshinkali Municipality,Women & Children,Completed,3,2026-07-06,2026-07-06,Official municipal staff page and official national helpline sources checked; local municipal branch plus 1145 and 1098 coverage rows added.
Bagmati,Kathmandu,Dakshinkali Municipality,Electricity & Utilities,Completed,2,2026-07-06,2026-07-06,Official municipal phonebook checked; NEA Pharping and KUKL Pharping local contacts added.
Bagmati,Kathmandu,Dakshinkali Municipality,Disaster & Rescue,Completed,1,2026-07-06,2026-07-06,Official municipal phonebook checked; local Red Cross support contact added.
Bagmati,Kathmandu,Dakshinkali Municipality,Travel & Tourism,Completed,1,2026-07-06,2026-07-06,Official municipal phonebook checked; Dakshinkali religious/cultural area development committee contact added.
Bagmati,Kathmandu,Dakshinkali Municipality,Ward Offices,Completed,9,2026-07-06,2026-07-06,Official municipal phonebook checked; all 9 ward office landlines and ward secretary mobiles added.
Bagmati,Lalitpur,Godawari Municipality,Government Services,Completed,5,2026-07-06,2026-07-06,"Official contact, elected-officials, and staff pages checked; municipal office, Mayor, Deputy Mayor, CAO, and spokesperson contacts added."
Bagmati,Lalitpur,Godawari Municipality,Information & Inquiry,Completed,2,2026-07-06,2026-07-06,Official staff and contact pages checked; Information Officer and Audio Notice Board rows added.
Bagmati,Lalitpur,Godawari Municipality,Government Complaints,Completed,1,2026-07-06,2026-07-06,Official contact page checked; feedback/grievance contact row added. No dedicated complaint hotline found in this pass.
Bagmati,Lalitpur,Godawari Municipality,Emergency Services,Completed,1,2026-07-06,2026-07-06,Official audio notice board and national emergency short-code context checked; emergency coverage row added.
Bagmati,Lalitpur,Godawari Municipality,Police & Security,Completed,2,2026-07-06,2026-07-06,Official Lalitpur police range and traffic police sources checked; police coverage rows added.
Bagmati,Lalitpur,Godawari Municipality,Health & Ambulance,Completed,1,2026-07-06,2026-07-06,Official municipal staff page checked; Public Health Inspector contact added. Local ambulance/hospital switchboard not confirmed in this pass.
Bagmati,Lalitpur,Godawari Municipality,Hospitals,Completed,2,2026-07-06,2026-07-09,Official municipal sources confirm Godawari Municipality Hospital in Ward 12 and Bajrabarahi Primary Hospital in Ward 11; two hospital rows added using official municipal public contacts because separate hospital switchboards were not clearly published in this pass.
Bagmati,Lalitpur,Godawari Municipality,Women & Children,Completed,2,2026-07-06,2026-07-06,Official NWC and NCRC sources checked; national protection helpline rows added for Godawari coverage.
Bagmati,Lalitpur,Godawari Municipality,Electricity & Utilities,Completed,1,2026-07-06,2026-07-06,Official NEA and KUKL sources checked; coverage row added. Godawari-specific utility counter not confirmed in this pass.
Bagmati,Lalitpur,Godawari Municipality,Disaster & Rescue,Completed,1,2026-07-06,2026-07-06,Official municipal audio notice board and national disaster hotline context checked; disaster coverage row added.
Bagmati,Lalitpur,Godawari Municipality,Travel & Tourism,Completed,2,2026-07-06,2026-07-06,Official municipal tourism branding and official tourist police source checked; tourism support rows added.
Bagmati,Lalitpur,Godawari Municipality,Ward Offices,Completed,14,2026-07-06,2026-07-09,Official ward pages checked; all 14 ward office rows are now present.
Bagmati,Lalitpur,Mahalaxmi Municipality,Information & Inquiry,Completed,1,2026-07-06,2026-07-06,Official homepage checked; Information Officer row added.
Bagmati,Lalitpur,Mahalaxmi Municipality,Emergency Services,Completed,1,2026-07-06,2026-07-06,Official homepage checked; free ambulance service row added as local emergency coverage.
Bagmati,Lalitpur,Mahalaxmi Municipality,Police & Security,Completed,3,2026-07-06,2026-07-06,"Official Lalitpur police range, tourist police, and traffic police sources checked; police coverage rows added."
Bagmati,Lalitpur,Mahalaxmi Municipality,Hospitals,Completed,1,2026-07-06,2026-07-09,"Official hospital source confirmed KIST Medical College and Teaching Hospital in Ward 1, Imadol; one verified hospital row added."
Bagmati,Lalitpur,Mahalaxmi Municipality,Women & Children,Completed,2,2026-07-06,2026-07-06,Official NWC and NCRC sources checked; national protection helpline rows added for Mahalaxmi coverage.
Bagmati,Lalitpur,Mahalaxmi Municipality,Electricity & Utilities,Completed,1,2026-07-06,2026-07-06,Official NEA and KUKL sources checked; coverage row added.
Bagmati,Lalitpur,Mahalaxmi Municipality,Disaster & Rescue,Completed,1,2026-07-06,2026-07-06,Official municipal ambulance service and national disaster hotline context checked; disaster coverage row added.
Bagmati,Lalitpur,Mahalaxmi Municipality,Travel & Tourism,Completed,1,2026-07-06,2026-07-06,Official tourist police source checked; tourism support row added.
Bagmati,Lalitpur,Konjyosom Rural Municipality,Government Services,Completed,5,2026-07-06,2026-07-06,"Official homepage, officials page, and staff page checked; office, Chairperson, Vice Chairperson, CAO, and spokesperson contacts added."
Bagmati,Lalitpur,Konjyosom Rural Municipality,Information & Inquiry,Completed,1,2026-07-06,2026-07-06,Official staff and contact page footer checked; Information Officer row added.
Bagmati,Lalitpur,Konjyosom Rural Municipality,Government Complaints,Completed,1,2026-07-06,2026-07-06,Official staff page checked; grievance-hearing officer contact added.
Bagmati,Lalitpur,Konjyosom Rural Municipality,Emergency Services,Completed,1,2026-07-06,2026-07-06,Official office and health coordinator contacts checked; emergency coverage row added with national short-code context.
Bagmati,Lalitpur,Konjyosom Rural Municipality,Police & Security,Completed,2,2026-07-06,2026-07-06,"Official Lalitpur police range, tourist police, and traffic police sources checked; police coverage rows added."
Bagmati,Lalitpur,Konjyosom Rural Municipality,Health & Ambulance,Completed,1,2026-07-06,2026-07-06,Official staff page checked; health coordinator row added. Local ambulance or hospital switchboard not confirmed in this pass.
Bagmati,Lalitpur,Konjyosom Rural Municipality,Hospitals,Completed,1,2026-07-06,2026-07-09,"Official municipal procurement notices confirm the 10-bed primary hospital at Shankhu Ward 2, and official health-coordinator plus municipal office contacts are retained as the official hospital coordination contacts. Hospital category closed with one verified row."
Bagmati,Lalitpur,Konjyosom Rural Municipality,Women & Children,Completed,3,2026-07-06,2026-07-06,Official local child welfare contact plus official NWC/NCRC helpline sources checked and added.
Bagmati,Lalitpur,Konjyosom Rural Municipality,Electricity & Utilities,Completed,1,2026-07-06,2026-07-06,Official NEA and KUKL sources checked; coverage row added. Local Konjyosom utility counter not confirmed in this pass.
Bagmati,Lalitpur,Konjyosom Rural Municipality,Disaster & Rescue,Completed,1,2026-07-06,2026-07-06,Official office and health coordinator contacts checked; disaster coverage row added with national hotline context.
Bagmati,Lalitpur,Konjyosom Rural Municipality,Travel & Tourism,Completed,2,2026-07-06,2026-07-06,Official tourism messaging on homepage and official tourist police source checked; tourism support rows added.
Bagmati,Lalitpur,Konjyosom Rural Municipality,Ward Offices,Completed,5,2026-07-06,2026-07-06,Official ward pages and representatives page checked; all 5 ward office rows added.
Bagmati,Lalitpur,Mahankal Rural Municipality,Government Complaints,Completed,1,2026-07-06,2026-07-06,Official contact page checked; public grievance contact row added using published municipal office contacts.
Bagmati,Lalitpur,Mahankal Rural Municipality,Emergency Services,Completed,1,2026-07-06,2026-07-06,Official office and health branch contacts checked; emergency coverage row added with national short-code context.
Bagmati,Lalitpur,Mahankal Rural Municipality,Police & Security,Completed,2,2026-07-06,2026-07-06,Official Lalitpur police range and traffic police helpline sources checked; police coverage rows added.
Bagmati,Lalitpur,Mahankal Rural Municipality,Hospitals,Completed,1,2026-07-06,2026-07-09,Official municipal budget and staff sources confirm Manikhel Hospital continuity and emergency-room context; hospital row upgraded to official municipality coordination contacts.
Bagmati,Lalitpur,Mahankal Rural Municipality,Women & Children,Completed,2,2026-07-06,2026-07-06,Official national women and child helpline sources checked and added. A clean local women or child focal contact was not confirmed in this pass.
Bagmati,Lalitpur,Mahankal Rural Municipality,Electricity & Utilities,Completed,1,2026-07-06,2026-07-06,Official NEA and KUKL sources checked; utility coverage row added.
Bagmati,Lalitpur,Mahankal Rural Municipality,Disaster & Rescue,Completed,1,2026-07-06,2026-07-06,Official office and health branch contacts checked; disaster coverage row added with national hotline context.
Bagmati,Lalitpur,Mahankal Rural Municipality,Travel & Tourism,Completed,2,2026-07-06,2026-07-06,Official municipal office and tourist police sources checked; tourism support rows added.
Bagmati,Lalitpur,Mahankal Rural Municipality,Ward Offices,Completed,5,2026-07-06,2026-07-06,Official ward pages and officials page checked; ward office rows added for Wards 1 through 5. Ward 6 contact was seen in a policy PDF snippet but not used in this pass.
Bagmati,Lalitpur,Bagmati Rural Municipality,Emergency Services,Completed,1,2026-07-08,2026-07-08,"Official homepage, staff page, and official procurement/policy documents checked; emergency coverage row added using municipal office and health branch contacts with national short-code context."
Bagmati,Lalitpur,Bagmati Rural Municipality,Police & Security,Completed,2,2026-07-08,2026-07-08,Official Nepal Police Lalitpur range page and official traffic police helpline page checked; Bhattedanda Police Post and traffic helpline rows added.
Bagmati,Lalitpur,Bagmati Rural Municipality,Hospitals,Completed,1,2026-07-08,2026-07-08,Official municipal policy documents confirm Thansingtar Hospital is operating; official health-branch contacts were added because a separate hospital switchboard was not clearly published in this pass.
Bagmati,Lalitpur,Bagmati Rural Municipality,Health & Ambulance,Completed,1,2026-07-08,2026-07-08,Official staff page and policy documents checked; health branch and ambulance coordination row added using official health-branch contacts. Separate public ambulance number not cleanly published in this pass.
Bagmati,Lalitpur,Bagmati Rural Municipality,Women & Children,Completed,3,2026-07-08,2026-07-08,Official municipal child welfare officer contact and official national women/child helpline sources checked; three rows added.
Bagmati,Lalitpur,Bagmati Rural Municipality,Electricity & Utilities,Completed,1,2026-07-09,2026-07-09,Official NEA no-light and distribution-center sources checked; municipal policy documents checked for local drinking-water coverage. One utility coverage row added.
Bagmati,Lalitpur,Bagmati Rural Municipality,Government Complaints,Completed,1,2026-07-09,2026-07-09,Official grievance page and official contact details checked; suggestion and grievance contact row added.
Bagmati,Lalitpur,Bagmati Rural Municipality,Disaster & Rescue,Completed,1,2026-07-09,2026-07-09,"Official emergency-operation procedure, disaster-safety notice, and emergency-ward procurement notice checked; one disaster coverage row added using municipal and health contacts."
Bagmati,Lalitpur,Bagmati Rural Municipality,Travel & Tourism,Completed,2,2026-07-09,2026-07-09,Official municipality homepage and official Nepal Police tourist police sources checked; municipal tourism support and tourist police coverage rows added.
Bagmati,Bhaktapur,Bhaktapur Municipality,Government Complaints,Completed,1,2026-07-09,2026-07-09,Official contact page checked; complain/problems contact row added.
Bagmati,Bhaktapur,Suryabinayak Municipality,Police & Security,Completed,2,2026-07-09,2026-07-09,Official municipal police pages and official traffic police helpline checked; two police/security rows added.
Bagmati,Bhaktapur,Changunarayan Municipality,Police & Security,Completed,2,2026-07-09,2026-07-09,Official Changunarayan staff/municipal police pages and official traffic police helpline checked; two police/security rows added.
Bagmati,Bhaktapur,Madhyapur Thimi Municipality,Women & Children,Completed,3,2026-07-09,2026-07-09,Official women/children branch page and official national helpline sources checked; three rows added.
Bagmati,Bhaktapur,Madhyapur Thimi Municipality,Disaster & Rescue,Completed,1,2026-07-09,2026-07-09,Official disaster-management page and municipality hospital emergency contact block checked; one disaster coverage row added.
Bagmati,Bhaktapur,Madhyapur Thimi Municipality,Travel & Tourism,Completed,2,2026-07-09,2026-07-09,Official municipal contact/tourism context and official tourist police sources checked; two tourism rows added.
National,National,National,Police & Security,Completed,1,2026-07-09,2026-07-09,Official Nepal Police Headquarters public contact and emergency context checked; one national police/security row added.
National,National,National,Hospitals,Completed,1,2026-07-09,2026-07-09,Official Bir Hospital source checked; one national government hospital row added.
National,National,National,Health & Ambulance,Completed,1,2026-07-09,2026-07-09,Official HEOC Ambulance Nepal source checked; one national health/ambulance row added.
National,National,National,Electricity & Utilities,Completed,1,2026-07-09,2026-07-09,Official NEA outage hotline source checked; one national electricity utility row added.
National,National,National,Government Services,Completed,1,2026-07-09,2026-07-09,Official Government of Nepal central portal contact checked; one national government services row added.
National,National,National,Travel & Tourism,Completed,1,2026-07-09,2026-07-09,Official Nepal Tourism Board contact page checked; one national tourism support row added.
National,National,National,Information & Inquiry,Completed,1,2026-07-09,2026-07-09,Official Nepal Telecom number inquiry source checked; one national information/inquiry row added.
National,National,National,Ward Offices,Completed,0,2026-07-09,2026-07-09,Not applicable at the national level. No ward-office row added.
Bagmati,Chitwan,Bharatpur Metropolitan City,Emergency Services,Completed,1,2026-07-09,2026-07-09,"Official municipality, police, utility, hospital and government sources checked; source URLs and verification statuses assigned."
Bagmati,Chitwan,Bharatpur Metropolitan City,Police & Security,Completed,4,2026-07-09,2026-07-09,"Official municipality, police, utility, hospital and government sources checked; source URLs and verification statuses assigned."
Bagmati,Chitwan,Bharatpur Metropolitan City,Health & Ambulance,Completed,5,2026-07-09,2026-07-09,"Official municipality, police, utility, hospital and government sources checked; source URLs and verification statuses assigned."
Bagmati,Chitwan,Bharatpur Metropolitan City,Hospitals,Completed,3,2026-07-09,2026-07-09,"Official municipality, police, utility, hospital and government sources checked; source URLs and verification statuses assigned."
Bagmati,Chitwan,Bharatpur Metropolitan City,Women & Children,Completed,3,2026-07-09,2026-07-09,"Official municipality, police, utility, hospital and government sources checked; source URLs and verification statuses assigned."
Bagmati,Chitwan,Bharatpur Metropolitan City,Government Services,Completed,1,2026-07-09,2026-07-09,"Official municipality, police, utility, hospital and government sources checked; source URLs and verification statuses assigned."
Bagmati,Chitwan,Bharatpur Metropolitan City,Government Complaints,Completed,1,2026-07-09,2026-07-09,"Official municipality, police, utility, hospital and government sources checked; source URLs and verification statuses assigned."
Bagmati,Chitwan,Bharatpur Metropolitan City,Electricity & Utilities,Completed,2,2026-07-09,2026-07-09,"Official municipality, police, utility, hospital and government sources checked; source URLs and verification statuses assigned."
Bagmati,Chitwan,Bharatpur Metropolitan City,Disaster & Rescue,Completed,2,2026-07-09,2026-07-09,"Official municipality, police, utility, hospital and government sources checked; source URLs and verification statuses assigned."
Bagmati,Chitwan,Bharatpur Metropolitan City,Travel & Tourism,Completed,2,2026-07-09,2026-07-09,"Official municipality, police, utility, hospital and government sources checked; source URLs and verification statuses assigned."
Bagmati,Chitwan,Bharatpur Metropolitan City,Information & Inquiry,Completed,2,2026-07-09,2026-07-09,"Official municipality, police, utility, hospital and government sources checked; source URLs and verification statuses assigned."
Bagmati,Chitwan,Bharatpur Metropolitan City,Ward Offices,Completed,29,2026-07-09,2026-07-09,"Official municipality, police, utility, hospital and government sources checked; source URLs and verification statuses assigned."
Bagmati,Chitwan,Ratnanagar Municipality,Emergency Services,Completed,1,2026-07-09,2026-07-09,"Official municipality, police, utility, hospital and government sources checked; source URLs and verification statuses assigned."
Bagmati,Chitwan,Ratnanagar Municipality,Police & Security,Completed,4,2026-07-09,2026-07-09,"Official municipality, police, utility, hospital and government sources checked; source URLs and verification statuses assigned."
Bagmati,Chitwan,Ratnanagar Municipality,Health & Ambulance,Completed,3,2026-07-09,2026-07-09,"Official municipality, police, utility, hospital and government sources checked; source URLs and verification statuses assigned."
Bagmati,Chitwan,Ratnanagar Municipality,Hospitals,Completed,1,2026-07-09,2026-07-09,"Official municipality, police, utility, hospital and government sources checked; source URLs and verification statuses assigned."
Bagmati,Chitwan,Ratnanagar Municipality,Women & Children,Completed,3,2026-07-09,2026-07-09,"Official municipality, police, utility, hospital and government sources checked; source URLs and verification statuses assigned."
Bagmati,Chitwan,Ratnanagar Municipality,Government Services,Completed,1,2026-07-09,2026-07-09,"Official municipality, police, utility, hospital and government sources checked; source URLs and verification statuses assigned."
Bagmati,Chitwan,Ratnanagar Municipality,Government Complaints,Completed,1,2026-07-09,2026-07-09,"Official municipality, police, utility, hospital and government sources checked; source URLs and verification statuses assigned."
Bagmati,Chitwan,Ratnanagar Municipality,Electricity & Utilities,Completed,2,2026-07-09,2026-07-09,"Official municipality, police, utility, hospital and government sources checked; source URLs and verification statuses assigned."
Bagmati,Chitwan,Ratnanagar Municipality,Disaster & Rescue,Completed,2,2026-07-09,2026-07-09,"Official municipality, police, utility, hospital and government sources checked; source URLs and verification statuses assigned."
Bagmati,Chitwan,Ratnanagar Municipality,Travel & Tourism,Completed,2,2026-07-09,2026-07-09,"Official municipality, police, utility, hospital and government sources checked; source URLs and verification statuses assigned."
Bagmati,Chitwan,Ratnanagar Municipality,Information & Inquiry,Completed,2,2026-07-09,2026-07-09,"Official municipality, police, utility, hospital and government sources checked; source URLs and verification statuses assigned."
Bagmati,Chitwan,Ratnanagar Municipality,Ward Offices,Completed,16,2026-07-09,2026-07-09,"Official municipality, police, utility, hospital and government sources checked; source URLs and verification statuses assigned."
Bagmati,Chitwan,Khairahani Municipality,Emergency Services,Completed,1,2026-07-09,2026-07-09,"Official municipality, police, utility and government sources checked; source URLs and verification statuses assigned."
Bagmati,Chitwan,Khairahani Municipality,Police & Security,Completed,4,2026-07-09,2026-07-09,"Official municipality, police, utility and government sources checked; source URLs and verification statuses assigned."
Bagmati,Chitwan,Khairahani Municipality,Health & Ambulance,Completed,3,2026-07-09,2026-07-09,"Official municipality, police, utility and government sources checked; source URLs and verification statuses assigned."
Bagmati,Chitwan,Khairahani Municipality,Hospitals,Completed,1,2026-07-09,2026-07-09,"Official municipality, police, utility and government sources checked; source URLs and verification statuses assigned."
Bagmati,Chitwan,Khairahani Municipality,Women & Children,Completed,3,2026-07-09,2026-07-09,"Official municipality, police, utility and government sources checked; source URLs and verification statuses assigned."
Bagmati,Chitwan,Khairahani Municipality,Government Services,Completed,1,2026-07-09,2026-07-09,"Official municipality, police, utility and government sources checked; source URLs and verification statuses assigned."
Bagmati,Chitwan,Khairahani Municipality,Government Complaints,Completed,1,2026-07-09,2026-07-09,"Official municipality, police, utility and government sources checked; source URLs and verification statuses assigned."
Bagmati,Chitwan,Khairahani Municipality,Electricity & Utilities,Completed,2,2026-07-09,2026-07-09,"Official municipality, police, utility and government sources checked; source URLs and verification statuses assigned."
Bagmati,Chitwan,Khairahani Municipality,Disaster & Rescue,Completed,2,2026-07-09,2026-07-09,"Official municipality, police, utility and government sources checked; source URLs and verification statuses assigned."
Bagmati,Chitwan,Khairahani Municipality,Travel & Tourism,Completed,2,2026-07-09,2026-07-09,"Official municipality, police, utility and government sources checked; source URLs and verification statuses assigned."
Bagmati,Chitwan,Khairahani Municipality,Information & Inquiry,Completed,1,2026-07-09,2026-07-09,"Official municipality, police, utility and government sources checked; source URLs and verification statuses assigned."
Bagmati,Chitwan,Khairahani Municipality,Ward Offices,Completed,13,2026-07-09,2026-07-09,"Official municipality, police, utility and government sources checked; source URLs and verification statuses assigned."
Bagmati,Chitwan,Madi Municipality,Emergency Services,Completed,1,2026-07-09,2026-07-09,"Official municipality, police, DAO and utility sources checked; source URLs and verification statuses assigned."
Bagmati,Chitwan,Madi Municipality,Police & Security,Completed,3,2026-07-09,2026-07-09,"Official municipality, police, DAO and utility sources checked; source URLs and verification statuses assigned."
Bagmati,Chitwan,Madi Municipality,Health & Ambulance,Completed,1,2026-07-09,2026-07-09,"Official municipality, police, DAO and utility sources checked; source URLs and verification statuses assigned."
Bagmati,Chitwan,Madi Municipality,Hospitals,Completed,1,2026-07-09,2026-07-09,"Official municipality, police, DAO and utility sources checked; source URLs and verification statuses assigned."
Bagmati,Chitwan,Madi Municipality,Women & Children,Completed,2,2026-07-09,2026-07-09,"Official municipality, police, DAO and utility sources checked; source URLs and verification statuses assigned."
Bagmati,Chitwan,Madi Municipality,Government Services,Completed,1,2026-07-09,2026-07-09,"Official municipality, police, DAO and utility sources checked; source URLs and verification statuses assigned."
Bagmati,Chitwan,Madi Municipality,Government Complaints,Completed,1,2026-07-09,2026-07-09,"Official municipality, police, DAO and utility sources checked; source URLs and verification statuses assigned."
Bagmati,Chitwan,Madi Municipality,Electricity & Utilities,Completed,2,2026-07-09,2026-07-09,"Official municipality, police, DAO and utility sources checked; source URLs and verification statuses assigned."
Bagmati,Chitwan,Madi Municipality,Disaster & Rescue,Completed,2,2026-07-09,2026-07-09,"Official municipality, police, DAO and utility sources checked; source URLs and verification statuses assigned."
Bagmati,Chitwan,Madi Municipality,Travel & Tourism,Completed,2,2026-07-09,2026-07-09,"Official municipality, police, DAO and utility sources checked; source URLs and verification statuses assigned."
Bagmati,Chitwan,Madi Municipality,Information & Inquiry,Completed,1,2026-07-09,2026-07-09,"Official municipality, police, DAO and utility sources checked; source URLs and verification statuses assigned."
Bagmati,Chitwan,Madi Municipality,Ward Offices,Completed,9,2026-07-09,2026-07-15,"Completed ward-office coverage across all 9 wards using the official Madi Municipality staff directory, with existing Ward 1 and Ward 2 rows enriched by official ward-secretary contacts."
Bagmati,Chitwan,Rapti Municipality,Emergency Services,Completed,1,2026-07-09,2026-07-09,"Official municipality, police, DAO, women/child and utility sources checked; source URLs and verification statuses assigned."
Bagmati,Chitwan,Rapti Municipality,Police & Security,Completed,3,2026-07-09,2026-07-09,"Official municipality, police, DAO, women/child and utility sources checked; source URLs and verification statuses assigned."
Bagmati,Chitwan,Rapti Municipality,Health & Ambulance,Completed,2,2026-07-09,2026-07-09,"Official municipality, police, DAO, women/child and utility sources checked; source URLs and verification statuses assigned."
Bagmati,Chitwan,Rapti Municipality,Hospitals,Completed,1,2026-07-09,2026-07-09,"Official municipality, police, DAO, women/child and utility sources checked; source URLs and verification statuses assigned."
Bagmati,Chitwan,Rapti Municipality,Women & Children,Completed,2,2026-07-09,2026-07-09,"Official municipality, police, DAO, women/child and utility sources checked; source URLs and verification statuses assigned."
Bagmati,Chitwan,Rapti Municipality,Government Services,Completed,2,2026-07-09,2026-07-09,"Official municipality, police, DAO, women/child and utility sources checked; source URLs and verification statuses assigned."
Bagmati,Chitwan,Rapti Municipality,Government Complaints,Completed,1,2026-07-09,2026-07-09,"Official municipality, police, DAO, women/child and utility sources checked; source URLs and verification statuses assigned."
Bagmati,Chitwan,Rapti Municipality,Electricity & Utilities,Completed,3,2026-07-09,2026-07-09,"Official municipality, police, DAO, women/child and utility sources checked; source URLs and verification statuses assigned."
Bagmati,Chitwan,Rapti Municipality,Disaster & Rescue,Completed,2,2026-07-09,2026-07-09,"Official municipality, police, DAO, women/child and utility sources checked; source URLs and verification statuses assigned."
Bagmati,Chitwan,Rapti Municipality,Travel & Tourism,Completed,2,2026-07-09,2026-07-09,"Official municipality, police, DAO, women/child and utility sources checked; source URLs and verification statuses assigned."
Bagmati,Chitwan,Rapti Municipality,Information & Inquiry,Completed,1,2026-07-09,2026-07-09,"Official municipality, police, DAO, women/child and utility sources checked; source URLs and verification statuses assigned."
Bagmati,Chitwan,Rapti Municipality,Ward Offices,Completed,13,2026-07-09,2026-07-15,"Completed ward-office coverage across all 13 wards. Ward 3 was added from the official ward profile, with the official staff page used to capture an additional office contact where a clean secretary line was not clearly exposed."
Bagmati,Chitwan,Kalika Municipality,Emergency Services,Completed,1,2026-07-09,2026-07-09,"Official municipality, police, DAO, women/child and utility sources checked; source URLs and verification statuses assigned."
Bagmati,Chitwan,Kalika Municipality,Police & Security,Completed,3,2026-07-09,2026-07-09,"Official municipality, police, DAO, women/child and utility sources checked; source URLs and verification statuses assigned."
Bagmati,Chitwan,Kalika Municipality,Health & Ambulance,Completed,1,2026-07-09,2026-07-09,"Official municipality, police, DAO, women/child and utility sources checked; source URLs and verification statuses assigned."
Bagmati,Chitwan,Kalika Municipality,Hospitals,Completed,1,2026-07-09,2026-07-09,"Official municipality, police, DAO, women/child and utility sources checked; source URLs and verification statuses assigned."
Bagmati,Chitwan,Kalika Municipality,Women & Children,Completed,3,2026-07-09,2026-07-09,"Official municipality, police, DAO, women/child and utility sources checked; source URLs and verification statuses assigned."
Bagmati,Chitwan,Kalika Municipality,Government Services,Completed,2,2026-07-09,2026-07-09,"Official municipality, police, DAO, women/child and utility sources checked; source URLs and verification statuses assigned."
Bagmati,Chitwan,Kalika Municipality,Government Complaints,Completed,1,2026-07-09,2026-07-09,"Official municipality, police, DAO, women/child and utility sources checked; source URLs and verification statuses assigned."
Bagmati,Chitwan,Kalika Municipality,Electricity & Utilities,Completed,3,2026-07-09,2026-07-09,"Official municipality, police, DAO, women/child and utility sources checked; source URLs and verification statuses assigned."
Bagmati,Chitwan,Kalika Municipality,Disaster & Rescue,Completed,2,2026-07-09,2026-07-09,"Official municipality, police, DAO, women/child and utility sources checked; source URLs and verification statuses assigned."
Bagmati,Chitwan,Kalika Municipality,Travel & Tourism,Completed,2,2026-07-09,2026-07-09,"Official municipality, police, DAO, women/child and utility sources checked; source URLs and verification statuses assigned."
Bagmati,Chitwan,Kalika Municipality,Information & Inquiry,Completed,1,2026-07-09,2026-07-09,"Official municipality, police, DAO, women/child and utility sources checked; source URLs and verification statuses assigned."
Bagmati,Chitwan,Kalika Municipality,Ward Offices,Completed,11,2026-07-09,2026-07-15,"Completed ward-office coverage across all 11 wards using official municipal staff and ward pages. All rows have official source URLs, verification status, and high-confidence contact details."
Bagmati,Kavrepalanchok,Dhulikhel Municipality,Emergency Services,Completed,1,2026-07-09,2026-07-09,"Official municipality, police, hospital, utility, DAO and government helpline sources checked; source URLs and verification statuses assigned."
Bagmati,Kavrepalanchok,Dhulikhel Municipality,Police & Security,Completed,3,2026-07-09,2026-07-09,"Official municipality, police, hospital, utility, DAO and government helpline sources checked; source URLs and verification statuses assigned."
Bagmati,Kavrepalanchok,Dhulikhel Municipality,Women & Children,Completed,3,2026-07-09,2026-07-09,"Official municipality, police, hospital, utility, DAO and government helpline sources checked; source URLs and verification statuses assigned."
Bagmati,Kavrepalanchok,Dhulikhel Municipality,Government Complaints,Completed,1,2026-07-09,2026-07-09,"Official municipality, police, hospital, utility, DAO and government helpline sources checked; source URLs and verification statuses assigned."
Bagmati,Kavrepalanchok,Dhulikhel Municipality,Travel & Tourism,Completed,1,2026-07-09,2026-07-09,"Official municipality, police, hospital, utility, DAO and government helpline sources checked; source URLs and verification statuses assigned."
Bagmati,Kavrepalanchok,Banepa Municipality,Emergency Services,Completed,1,2026-07-09,2026-07-09,"Official municipality, police, hospital, utility, DAO and government helpline sources checked; source URLs and verification statuses assigned. Water utility number not clearly published on official sources checked."
Bagmati,Kavrepalanchok,Banepa Municipality,Hospitals,Completed,3,2026-07-09,2026-07-09,"Official municipality, police, hospital, utility, DAO and government helpline sources checked; source URLs and verification statuses assigned. Water utility number not clearly published on official sources checked."
Bagmati,Kavrepalanchok,Banepa Municipality,Government Complaints,Completed,1,2026-07-09,2026-07-09,"Official municipality, police, hospital, utility, DAO and government helpline sources checked; source URLs and verification statuses assigned. Water utility number not clearly published on official sources checked."
Bagmati,Kavrepalanchok,Banepa Municipality,Electricity & Utilities,Completed,2,2026-07-09,2026-07-09,"Official municipality, police, hospital, utility, DAO and government helpline sources checked; source URLs and verification statuses assigned. Water utility number not clearly published on official sources checked."
Bagmati,Kavrepalanchok,Banepa Municipality,Disaster & Rescue,Completed,2,2026-07-09,2026-07-09,"Official municipality, police, hospital, utility, DAO and government helpline sources checked; source URLs and verification statuses assigned. Water utility number not clearly published on official sources checked."
Bagmati,Kavrepalanchok,Banepa Municipality,Travel & Tourism,Completed,1,2026-07-09,2026-07-09,"Official municipality, police, hospital, utility, DAO and government helpline sources checked; source URLs and verification statuses assigned. Water utility number not clearly published on official sources checked."
Bagmati,Kavrepalanchok,Banepa Municipality,Information & Inquiry,Completed,1,2026-07-09,2026-07-09,"Official municipality, police, hospital, utility, DAO and government helpline sources checked; source URLs and verification statuses assigned. Water utility number not clearly published on official sources checked."
Bagmati,Kavrepalanchok,Banepa Municipality,Ward Offices,Completed,14,2026-07-09,2026-07-09,"Official municipality, police, hospital, utility, DAO and government helpline sources checked; source URLs and verification statuses assigned. Water utility number not clearly published on official sources checked."
Bagmati,Kavrepalanchok,Panauti Municipality,Emergency Services,Completed,1,2026-07-09,2026-07-09,"Official municipality, police, DAO, utility and government helpline sources checked; source URLs and verification statuses assigned."
Bagmati,Kavrepalanchok,Panauti Municipality,Police & Security,Completed,3,2026-07-09,2026-07-09,"Official municipality, police, DAO, utility and government helpline sources checked; source URLs and verification statuses assigned."
Bagmati,Kavrepalanchok,Panauti Municipality,Hospitals,Completed,1,2026-07-09,2026-07-09,"Municipal health sources checked. Hospital existence confirmed on municipality homepage, but direct hospital phone currently depends on secondary public listing and remains under review."
Bagmati,Kavrepalanchok,Panauti Municipality,Government Complaints,Completed,1,2026-07-09,2026-07-09,"Official municipality, police, DAO, utility and government helpline sources checked; source URLs and verification statuses assigned."
Bagmati,Kavrepalanchok,Panauti Municipality,Electricity & Utilities,Completed,2,2026-07-09,2026-07-09,"Official municipality, police, DAO, utility and government helpline sources checked; source URLs and verification statuses assigned."
Bagmati,Kavrepalanchok,Panauti Municipality,Disaster & Rescue,Completed,2,2026-07-09,2026-07-09,"Official municipality, police, DAO, utility and government helpline sources checked; source URLs and verification statuses assigned."
Bagmati,Kavrepalanchok,Panauti Municipality,Travel & Tourism,Completed,1,2026-07-09,2026-07-09,"Official municipality, police, DAO, utility and government helpline sources checked; source URLs and verification statuses assigned."
Bagmati,Kavrepalanchok,Panchkhal Municipality,Emergency Services,Completed,1,2026-07-11,2026-07-11,"Official municipality, police, NEA, DAO and government helpline sources checked; source URLs and verification statuses assigned."
Bagmati,Kavrepalanchok,Panchkhal Municipality,Police & Security,Completed,3,2026-07-11,2026-07-11,"Official municipality, police, NEA, DAO and government helpline sources checked; source URLs and verification statuses assigned."
Bagmati,Kavrepalanchok,Panchkhal Municipality,Hospitals,Completed,1,2026-07-11,2026-07-11,Official municipal facility sources checked; currently primary health centre is the clearly published municipal health facility contact found in this pass.
Bagmati,Kavrepalanchok,Panchkhal Municipality,Women & Children,Completed,3,2026-07-11,2026-07-11,"Official municipality, police, NEA, DAO and government helpline sources checked; source URLs and verification statuses assigned."
Bagmati,Kavrepalanchok,Panchkhal Municipality,Government Complaints,Completed,1,2026-07-11,2026-07-11,"Official municipality, police, NEA, DAO and government helpline sources checked; source URLs and verification statuses assigned."
Bagmati,Kavrepalanchok,Panchkhal Municipality,Electricity & Utilities,Completed,2,2026-07-11,2026-07-11,"Official municipality, police, NEA, DAO and government helpline sources checked; source URLs and verification statuses assigned."
Bagmati,Kavrepalanchok,Panchkhal Municipality,Disaster & Rescue,Completed,2,2026-07-11,2026-07-11,"Official municipality, police, NEA, DAO and government helpline sources checked; source URLs and verification statuses assigned."
Bagmati,Kavrepalanchok,Panchkhal Municipality,Travel & Tourism,Completed,1,2026-07-11,2026-07-11,"Official municipality, police, NEA, DAO and government helpline sources checked; source URLs and verification statuses assigned."
Bagmati,Kavrepalanchok,Panchkhal Municipality,Information & Inquiry,Completed,1,2026-07-11,2026-07-11,"Official municipality, police, NEA, DAO and government helpline sources checked; source URLs and verification statuses assigned."
Bagmati,Kavrepalanchok,Mandandeupur Municipality,Emergency Services,Completed,1,2026-07-11,2026-07-11,"Official municipality, police, DAO, utility and government helpline sources checked; source URLs and verification statuses assigned."
Bagmati,Kavrepalanchok,Mandandeupur Municipality,Hospitals,Completed,1,2026-07-11,2026-07-11,"Official municipality, police, DAO, utility and government helpline sources checked; source URLs and verification statuses assigned."
Bagmati,Kavrepalanchok,Mandandeupur Municipality,Women & Children,Completed,3,2026-07-11,2026-07-11,"Official municipality, police, DAO, utility and government helpline sources checked; source URLs and verification statuses assigned."
Bagmati,Kavrepalanchok,Mandandeupur Municipality,Government Complaints,Completed,1,2026-07-11,2026-07-11,"Official municipality, police, DAO, utility and government helpline sources checked; source URLs and verification statuses assigned."
Bagmati,Kavrepalanchok,Mandandeupur Municipality,Electricity & Utilities,Completed,2,2026-07-11,2026-07-11,"Official municipality, police, DAO, utility and government helpline sources checked; source URLs and verification statuses assigned."
Bagmati,Kavrepalanchok,Mandandeupur Municipality,Disaster & Rescue,Completed,2,2026-07-11,2026-07-11,"Official municipality, police, DAO, utility and government helpline sources checked; source URLs and verification statuses assigned."
Bagmati,Kavrepalanchok,Mandandeupur Municipality,Travel & Tourism,Completed,1,2026-07-11,2026-07-11,"Official municipality, police, DAO, utility and government helpline sources checked; source URLs and verification statuses assigned."
Bagmati,Kavrepalanchok,Mandandeupur Municipality,Information & Inquiry,Completed,1,2026-07-11,2026-07-11,"Official municipality, police, DAO, utility and government helpline sources checked; source URLs and verification statuses assigned."
Bagmati,Kavrepalanchok,Namobuddha Municipality,Emergency Services,Completed,1,2026-07-11,2026-07-11,Official police emergency hotline checked from Nepal Police page.
Bagmati,Kavrepalanchok,Namobuddha Municipality,Police & Security,Completed,2,2026-07-11,2026-07-11,Official district police and traffic police sources checked.
Bagmati,Kavrepalanchok,Namobuddha Municipality,Hospitals,Completed,1,2026-07-11,2026-07-11,Official municipal health institutions directory checked.
Bagmati,Kavrepalanchok,Namobuddha Municipality,Government Complaints,Completed,2,2026-07-11,2026-07-11,Official municipal grievance page and Hello Sarkar official portal checked.
Bagmati,Kavrepalanchok,Namobuddha Municipality,Electricity & Utilities,Completed,1,2026-07-11,2026-07-11,Official NEA distribution center source checked; no separate official water utility contact surfaced in this pass.
Bagmati,Kavrepalanchok,Namobuddha Municipality,Travel & Tourism,Completed,1,2026-07-11,2026-07-11,Official Nepal Police Tourist Police source checked.
Bagmati,Kavrepalanchok,Bethanchowk Rural Municipality,Emergency Services,Completed,1,2026-07-11,2026-07-11,Official police emergency hotline checked from Nepal Police page.
Bagmati,Kavrepalanchok,Bethanchowk Rural Municipality,Police & Security,Completed,2,2026-07-11,2026-07-11,Official district police and traffic police sources checked.
Bagmati,Kavrepalanchok,Bethanchowk Rural Municipality,Health & Ambulance,Completed,2,2026-07-11,2026-07-11,Official municipal ambulance and health branch contacts checked.
Bagmati,Kavrepalanchok,Bethanchowk Rural Municipality,Hospitals,Completed,1,2026-07-11,2026-07-15,"Official municipality sources were rechecked. The municipality health-post page confirms Chyasingkharka Health Post, but a dedicated facility main phone was not clearly exposed on the checked page. Added one official facility row using the public health-section reach numbers and marked it Needs Review with Medium confidence."
Bagmati,Kavrepalanchok,Bethanchowk Rural Municipality,Women & Children,Completed,3,2026-07-11,2026-07-11,Official municipal staff source plus official national helplines checked.
Bagmati,Kavrepalanchok,Bethanchowk Rural Municipality,Government Complaints,Completed,2,2026-07-11,2026-07-11,Official municipal contact page and Hello Sarkar official portal checked.
Bagmati,Kavrepalanchok,Bethanchowk Rural Municipality,Electricity & Utilities,Completed,1,2026-07-11,2026-07-11,Official NEA source checked; no separate official water utility contact surfaced in this pass.
Bagmati,Kavrepalanchok,Bethanchowk Rural Municipality,Disaster & Rescue,Completed,1,2026-07-11,2026-07-11,Official Ministry of Home Affairs NEOC source checked.
Bagmati,Kavrepalanchok,Bethanchowk Rural Municipality,Travel & Tourism,Completed,1,2026-07-11,2026-07-11,Official Nepal Police Tourist Police source checked.
Bagmati,Kavrepalanchok,Bethanchowk Rural Municipality,Information & Inquiry,Completed,1,2026-07-11,2026-07-11,Official municipal staff directory checked for information officer contact.
Bagmati,Kavrepalanchok,Bethanchowk Rural Municipality,Ward Offices,Completed,6,2026-07-11,2026-07-15,"Official ward pages were rechecked and six ward office contacts were added. Each row uses the ward contact or ward chair phone published on the official ward page, with the ward secretary phone retained as secondary where available."
Bagmati,Kavrepalanchok,Roshi Rural Municipality,Emergency Services,Completed,1,2026-07-11,2026-07-11,Official police emergency hotline checked from Nepal Police page.
Bagmati,Kavrepalanchok,Roshi Rural Municipality,Police & Security,Completed,2,2026-07-11,2026-07-11,Official district police and traffic police sources checked.
Bagmati,Kavrepalanchok,Roshi Rural Municipality,Health & Ambulance,Completed,3,2026-07-11,2026-07-11,Official health branch and health branch coordinator contacts checked from staff directory.
Bagmati,Kavrepalanchok,Roshi Rural Municipality,Hospitals,Needs Review,4,2026-07-11,2026-07-11,"Official municipal sources added Khahare Pangu Health Post, Shikhar Ambote Basic Health Service Center, Mahadevtar Health Post, and MangalTar Ayurvedic Dispensary contacts. Additional local facility coverage remains to be verified."
Bagmati,Kavrepalanchok,Roshi Rural Municipality,Women & Children,Completed,3,2026-07-11,2026-07-11,Official municipal women-development contact plus official national helplines checked.
Bagmati,Kavrepalanchok,Roshi Rural Municipality,Government Services,Completed,4,2026-07-11,2026-07-11,Official municipal contact and staff pages checked.
Bagmati,Kavrepalanchok,Roshi Rural Municipality,Government Complaints,Completed,2,2026-07-11,2026-07-11,Official municipal grievance page and Hello Sarkar official portal checked.
Bagmati,Kavrepalanchok,Roshi Rural Municipality,Electricity & Utilities,Completed,1,2026-07-11,2026-07-11,Official NEA source checked; no separate official water utility contact surfaced in this pass.
Bagmati,Kavrepalanchok,Roshi Rural Municipality,Disaster & Rescue,Completed,2,2026-07-11,2026-07-11,Official municipal disaster focal contact and official NEOC source checked.
Bagmati,Kavrepalanchok,Roshi Rural Municipality,Travel & Tourism,Completed,1,2026-07-11,2026-07-11,Official Nepal Police Tourist Police source checked.
Bagmati,Kavrepalanchok,Roshi Rural Municipality,Information & Inquiry,Completed,1,2026-07-11,2026-07-11,Official municipal information officer contact checked.
Bagmati,Kavrepalanchok,Roshi Rural Municipality,Ward Offices,Completed,12,2026-07-11,2026-07-11,Official ward-chair public numbers collected from officials directory; direct ward-office landlines not clearly exposed in this pass.
Bagmati,Kavrepalanchok,Temal Rural Municipality,Emergency Services,Completed,1,2026-07-11,2026-07-11,Official police emergency hotline checked from Nepal Police page.
Bagmati,Kavrepalanchok,Temal Rural Municipality,Police & Security,Completed,2,2026-07-11,2026-07-11,Official district police and traffic police sources checked.
Bagmati,Kavrepalanchok,Temal Rural Municipality,Health & Ambulance,Completed,3,2026-07-11,2026-07-11,Official health coordinator and health-unit contacts checked from staff directory.
Bagmati,Kavrepalanchok,Temal Rural Municipality,Hospitals,Needs Review,0,2026-07-11,2026-07-11,Current official staff directory checked and existing Gimdi and Boldefediche health-unit contacts were refreshed. The municipality publishes seven health-post locations but did not expose separate facility-level contact numbers for the remaining sites in this pass.
Bagmati,Kavrepalanchok,Temal Rural Municipality,Women & Children,Completed,2,2026-07-11,2026-07-11,Official national helplines checked; no clearly published local women/children desk number surfaced in this pass.
Bagmati,Kavrepalanchok,Temal Rural Municipality,Government Complaints,Completed,2,2026-07-11,2026-07-11,Official municipal contact block and Hello Sarkar official portal checked.
Bagmati,Kavrepalanchok,Temal Rural Municipality,Electricity & Utilities,Completed,1,2026-07-11,2026-07-11,Official NEA source checked; no separate official water utility contact surfaced in this pass.
Bagmati,Kavrepalanchok,Temal Rural Municipality,Disaster & Rescue,Completed,1,2026-07-11,2026-07-11,Official Ministry of Home Affairs NEOC source checked.
Bagmati,Kavrepalanchok,Temal Rural Municipality,Travel & Tourism,Completed,1,2026-07-11,2026-07-11,Official Nepal Police Tourist Police source checked.
Bagmati,Kavrepalanchok,Temal Rural Municipality,Information & Inquiry,Completed,1,2026-07-11,2026-07-11,Official municipal information officer contact checked.
Bagmati,Kavrepalanchok,Bhumlu Rural Municipality,Emergency Services,Completed,1,2026-07-11,2026-07-11,Official police emergency hotline checked from Nepal Police page.
Bagmati,Kavrepalanchok,Bhumlu Rural Municipality,Police & Security,Completed,2,2026-07-11,2026-07-11,Official district police and traffic police sources checked.
Bagmati,Kavrepalanchok,Bhumlu Rural Municipality,Health & Ambulance,Completed,2,2026-07-11,2026-07-11,Official health-branch staff contacts checked from the municipal staff directory; ambulance-specific public number was not cleanly exposed in this pass.
Bagmati,Kavrepalanchok,Bhumlu Rural Municipality,Hospitals,Completed,15,2026-07-11,2026-07-16,"Official annual policy and programme health-facility in-charge table added 15 verified facility contacts: Bhumlu Basic Hospital, ten health posts, three community health units, and the Salle Bhumlu Citizen Health Center. Chaubas Community Health Unit is named in the official table but has no phone number, so no row was created."
Bagmati,Kavrepalanchok,Bhumlu Rural Municipality,Women & Children,Completed,2,2026-07-11,2026-07-11,Official national helplines checked; no clearly published local women or children desk number surfaced in this pass.
Bagmati,Kavrepalanchok,Bhumlu Rural Municipality,Government Complaints,Completed,2,2026-07-11,2026-07-11,Official municipal contact page and Hello Sarkar official portal checked.
Bagmati,Kavrepalanchok,Bhumlu Rural Municipality,Electricity & Utilities,Completed,1,2026-07-11,2026-07-11,Official NEA source checked; no separate official water utility contact surfaced in this pass.
Bagmati,Kavrepalanchok,Bhumlu Rural Municipality,Disaster & Rescue,Completed,1,2026-07-11,2026-07-11,Official Ministry of Home Affairs NEOC source checked.
Bagmati,Kavrepalanchok,Bhumlu Rural Municipality,Travel & Tourism,Completed,1,2026-07-11,2026-07-11,Official Nepal Police Tourist Police source checked.
Bagmati,Kavrepalanchok,Bhumlu Rural Municipality,Information & Inquiry,Completed,1,2026-07-11,2026-07-11,Official municipal information officer contact checked.
Bagmati,Kavrepalanchok,Chauri Deurali Rural Municipality,Emergency Services,Completed,1,2026-07-11,2026-07-11,Official police emergency hotline checked from Nepal Police page.
Bagmati,Kavrepalanchok,Chauri Deurali Rural Municipality,Police & Security,Completed,2,2026-07-11,2026-07-11,Official district police and traffic police sources checked.
Bagmati,Kavrepalanchok,Chauri Deurali Rural Municipality,Health & Ambulance,Completed,3,2026-07-11,2026-07-16,Official municipal health coordinator and DCWC Community Hospital 24/7 ambulance contacts checked. Dhuseni Shivalaya ambulance numbers were added from a blog directory as Needs Review/Low and require direct confirmation.
Bagmati,Kavrepalanchok,Chauri Deurali Rural Municipality,Hospitals,Completed,1,2026-07-11,2026-07-16,"Official municipal, government personnel-record, Dhulikhel Hospital, and DCWC Community Hospital sources checked. DCWC Community Hospital is the local hospital with a current public switchboard and emergency contact. Other confirmed local health posts did not expose public phone numbers."
Bagmati,Kavrepalanchok,Chauri Deurali Rural Municipality,Women & Children,Completed,3,2026-07-11,2026-07-11,Official local women and children justice branch plus official national helplines checked.
Bagmati,Kavrepalanchok,Chauri Deurali Rural Municipality,Government Services,Completed,10,2026-07-11,2026-07-11,"Official municipal homepage, staff directory, and officials page checked."
Bagmati,Kavrepalanchok,Chauri Deurali Rural Municipality,Government Complaints,Completed,2,2026-07-11,2026-07-11,Official municipal contact and information officer channels plus Hello Sarkar official portal checked.
Bagmati,Kavrepalanchok,Chauri Deurali Rural Municipality,Electricity & Utilities,Completed,1,2026-07-11,2026-07-11,Official NEA source checked; no separate official water utility contact surfaced in this pass.
Bagmati,Kavrepalanchok,Chauri Deurali Rural Municipality,Disaster & Rescue,Completed,1,2026-07-11,2026-07-11,Official Ministry of Home Affairs NEOC source checked.
Bagmati,Kavrepalanchok,Chauri Deurali Rural Municipality,Travel & Tourism,Completed,1,2026-07-11,2026-07-11,Official Nepal Police Tourist Police source checked.
Bagmati,Kavrepalanchok,Chauri Deurali Rural Municipality,Information & Inquiry,Completed,1,2026-07-11,2026-07-11,Official municipal information officer contact checked.
Bagmati,Kavrepalanchok,Chauri Deurali Rural Municipality,Ward Offices,Completed,9,2026-07-11,2026-07-15,Official ward pages now cover all nine ward offices. Wards 3 and 6 were completed from their official ward pages; Ward 6 uses the publicly listed ward chair number as the main reach number because the page omits a separate ward-contact field while still listing the ward secretary contact.
Bagmati,Kavrepalanchok,Khanikhola Rural Municipality,Emergency Services,Completed,1,2026-07-11,2026-07-11,Official police emergency hotline checked from Nepal Police page.
Bagmati,Kavrepalanchok,Khanikhola Rural Municipality,Police & Security,Completed,2,2026-07-11,2026-07-11,Official district police and traffic police sources checked.
Bagmati,Kavrepalanchok,Khanikhola Rural Municipality,Health & Ambulance,Completed,1,2026-07-11,2026-07-11,Official municipal health coordinator contact checked from the staff directory; a separate public ambulance line was not clearly exposed in this pass.
Bagmati,Kavrepalanchok,Khanikhola Rural Municipality,Hospitals,Needs Review,0,2026-07-11,,"Official municipal current staff page, 2082/83 programme document, facility activity pages, government facility categorisation, and primary-hospital procurement material were checked. Tal Dunga Primary Hospital (Ward 5), Falametar Health Post (Ward 2), Saldhara Health Post (Ward 6), and Milche Health Post are confirmed facilities, but no direct public facility telephone number was found. Do not use the municipal office or health coordinator number as a substitute facility number."
Bagmati,Kavrepalanchok,Khanikhola Rural Municipality,Women & Children,Completed,3,2026-07-11,2026-07-11,Official local women and children branch plus official national helplines checked.
Bagmati,Kavrepalanchok,Khanikhola Rural Municipality,Government Services,Completed,8,2026-07-11,2026-07-11,"Official municipal homepage, staff directory, and officials page checked."
Bagmati,Kavrepalanchok,Khanikhola Rural Municipality,Government Complaints,Completed,2,2026-07-11,2026-07-11,Official municipal office and information technology contact channels plus Hello Sarkar official portal checked.
Bagmati,Kavrepalanchok,Khanikhola Rural Municipality,Electricity & Utilities,Completed,1,2026-07-11,2026-07-11,Official NEA source checked; no separate official water utility contact surfaced in this pass.
Bagmati,Kavrepalanchok,Khanikhola Rural Municipality,Disaster & Rescue,Completed,1,2026-07-11,2026-07-11,Official Ministry of Home Affairs NEOC source checked.
Bagmati,Kavrepalanchok,Khanikhola Rural Municipality,Travel & Tourism,Completed,1,2026-07-11,2026-07-11,Official Nepal Police Tourist Police source checked.
Bagmati,Kavrepalanchok,Khanikhola Rural Municipality,Information & Inquiry,Completed,1,2026-07-11,2026-07-11,Official municipal information technology and inquiry contact checked.
Bagmati,Kavrepalanchok,Khanikhola Rural Municipality,Ward Offices,Completed,7,2026-07-11,2026-07-11,Official ward pages checked for wards 1 through 7; all ward public contacts added.
Bagmati,Kavrepalanchok,Mahabharat Rural Municipality,Emergency Services,Completed,1,2026-07-11,2026-07-11,Official police emergency hotline checked from Nepal Police page.
Bagmati,Kavrepalanchok,Mahabharat Rural Municipality,Health & Ambulance,Completed,3,2026-07-11,2026-07-11,"Official municipal health coordinator, public health officer, and ambulance contact checked from staff and homepage sources."
Bagmati,Kavrepalanchok,Mahabharat Rural Municipality,Women & Children,Completed,3,2026-07-11,2026-07-11,Official local judicial support contact plus official national helplines checked.
Bagmati,Kavrepalanchok,Mahabharat Rural Municipality,Government Complaints,Completed,2,2026-07-11,2026-07-11,Official municipal office and information officer channels plus Hello Sarkar official portal checked.
Bagmati,Kavrepalanchok,Mahabharat Rural Municipality,Electricity & Utilities,Completed,1,2026-07-11,2026-07-11,Official NEA source checked; no separate official water utility contact surfaced in this pass.
Bagmati,Kavrepalanchok,Mahabharat Rural Municipality,Disaster & Rescue,Completed,1,2026-07-11,2026-07-11,Official Ministry of Home Affairs NEOC source checked.
Bagmati,Kavrepalanchok,Mahabharat Rural Municipality,Travel & Tourism,Completed,1,2026-07-11,2026-07-11,Official Nepal Police Tourist Police source checked.
Bagmati,Kavrepalanchok,Mahabharat Rural Municipality,Information & Inquiry,Completed,1,2026-07-11,2026-07-11,Official municipal information officer contact checked.
Bagmati,Ramechhap,Likhu Tamakoshi Rural Municipality,Emergency Services,Completed,1,2026-07-11,2026-07-11,Official police emergency hotline checked from Nepal Police page.
Bagmati,Ramechhap,Likhu Tamakoshi Rural Municipality,Police & Security,Completed,2,2026-07-11,2026-07-11,Official police emergency and traffic helpline sources checked.
Bagmati,Ramechhap,Likhu Tamakoshi Rural Municipality,Health & Ambulance,Completed,2,2026-07-11,2026-07-11,Official municipal health branch contacts checked from the municipality officials page.
Bagmati,Ramechhap,Likhu Tamakoshi Rural Municipality,Hospitals,Needs Review,0,2026-07-11,,"Official municipality staff and procurement pages plus government health records checked. Nagdaha Primary Health Post (Ward 5) is confirmed by a current official construction tender, but no direct public facility phone was found. The verified municipal health coordinator is already recorded separately and must not be substituted as a facility contact."
Bagmati,Ramechhap,Likhu Tamakoshi Rural Municipality,Women & Children,Completed,3,2026-07-11,2026-07-11,Official local women and children branch plus official national helplines checked.
Bagmati,Ramechhap,Likhu Tamakoshi Rural Municipality,Government Services,Completed,6,2026-07-11,2026-07-11,Official municipal homepage and officials pages checked for office bearers and public service contacts.
Bagmati,Ramechhap,Likhu Tamakoshi Rural Municipality,Government Complaints,Completed,2,2026-07-11,2026-07-11,Official municipal information officer channel plus Hello Sarkar official portal checked.
Bagmati,Ramechhap,Likhu Tamakoshi Rural Municipality,Electricity & Utilities,Completed,1,2026-07-11,2026-07-11,Official NEA source checked; no separate official water utility contact surfaced in this pass.
Bagmati,Ramechhap,Likhu Tamakoshi Rural Municipality,Disaster & Rescue,Completed,1,2026-07-11,2026-07-11,Official Ministry of Home Affairs NEOC source checked.
Bagmati,Ramechhap,Likhu Tamakoshi Rural Municipality,Travel & Tourism,Completed,1,2026-07-11,2026-07-11,Official Nepal Police Tourist Police source checked.
Bagmati,Ramechhap,Likhu Tamakoshi Rural Municipality,Information & Inquiry,Completed,1,2026-07-11,2026-07-11,Official municipal information officer contact checked.
Bagmati,Ramechhap,Likhu Tamakoshi Rural Municipality,Ward Offices,Completed,7,2026-07-11,2026-07-15,"Official ward pages and officials directory were rechecked. Ward 2 was added from the official ward page plus secretary listing, and Ward 4 was upgraded from a role-ambiguous staff number to the official ward contact number. All seven ward office rows now have official-source traceability."
Bagmati,Ramechhap,Manthali Municipality,Emergency Services,Completed,1,2026-07-11,2026-07-11,Official police emergency hotline checked from Nepal Police page.
Bagmati,Ramechhap,Manthali Municipality,Police & Security,Completed,2,2026-07-11,2026-07-11,Official municipality district police reference page and official traffic helpline checked.
Bagmati,Ramechhap,Manthali Municipality,Health & Ambulance,Completed,2,2026-07-11,2026-07-11,Official municipal ambulance contact and health branch head contact checked.
Bagmati,Ramechhap,Manthali Municipality,Hospitals,Completed,3,2026-07-11,2026-07-11,Official municipality health facilities page checked for local hospital and PHC contacts.
Bagmati,Ramechhap,Manthali Municipality,Women & Children,Completed,2,2026-07-11,2026-07-11,Official national women and child helplines checked; no clearer local specialised protection contact surfaced in this pass.
Bagmati,Ramechhap,Manthali Municipality,Government Services,Completed,5,2026-07-11,2026-07-11,"Official municipal homepage, elected official pages, and staff directory checked."
Bagmati,Ramechhap,Manthali Municipality,Government Complaints,Completed,2,2026-07-11,2026-07-11,Official municipal grievance email plus Hello Sarkar official portal checked.
Bagmati,Ramechhap,Manthali Municipality,Electricity & Utilities,Completed,2,2026-07-11,2026-07-11,Official NEA distribution center and no-light service sources checked; no separate official water utility contact surfaced in this pass.
Bagmati,Ramechhap,Manthali Municipality,Disaster & Rescue,Completed,1,2026-07-11,2026-07-11,Official Ministry of Home Affairs NEOC source checked.
Bagmati,Ramechhap,Manthali Municipality,Travel & Tourism,Completed,1,2026-07-11,2026-07-11,Official Nepal Police Tourist Police source checked.
Bagmati,Ramechhap,Manthali Municipality,Information & Inquiry,Completed,1,2026-07-11,2026-07-11,Official municipality inquiry and grievance channel checked.
Bagmati,Ramechhap,Manthali Municipality,Ward Offices,Completed,14,2026-07-11,2026-07-15,Completed official ward-office coverage across all 14 wards using Manthali Municipality ward profile pages. Ward 5 remains lighter because the checked official page did not expose a clean separate ward secretary phone.
Bagmati,Ramechhap,Khandadevi Rural Municipality,Emergency Services,Completed,1,2026-07-12,2026-07-12,Official police emergency hotline checked from Nepal Police page.
Bagmati,Ramechhap,Khandadevi Rural Municipality,Police & Security,Completed,2,2026-07-12,2026-07-12,District police and traffic police sources checked.
Bagmati,Ramechhap,Khandadevi Rural Municipality,Health & Ambulance,Completed,2,2026-07-12,2026-07-12,Official municipal health branch contacts checked from the staff directory.
Bagmati,Ramechhap,Khandadevi Rural Municipality,Hospitals,Completed,8,2026-07-12,2026-07-12,Official municipality health institutions contact page checked for local health posts and facilities.
Bagmati,Ramechhap,Khandadevi Rural Municipality,Women & Children,Completed,3,2026-07-12,2026-07-12,Official local women and children branch plus official national helplines checked.
Bagmati,Ramechhap,Khandadevi Rural Municipality,Government Services,Completed,6,2026-07-12,2026-07-12,"Official municipality homepage, officials page, and staff directory checked."
Bagmati,Ramechhap,Khandadevi Rural Municipality,Government Complaints,Completed,2,2026-07-12,2026-07-12,Official grievance officer channel plus Hello Sarkar official portal checked.
Bagmati,Ramechhap,Khandadevi Rural Municipality,Electricity & Utilities,Completed,1,2026-07-12,2026-07-12,Official NEA source checked; no separate official water utility contact surfaced in this pass.
Bagmati,Ramechhap,Khandadevi Rural Municipality,Disaster & Rescue,Completed,1,2026-07-12,2026-07-12,Official Ministry of Home Affairs NEOC source checked.
Bagmati,Ramechhap,Khandadevi Rural Municipality,Travel & Tourism,Completed,1,2026-07-12,2026-07-12,Official Nepal Police Tourist Police source checked.
Bagmati,Ramechhap,Khandadevi Rural Municipality,Information & Inquiry,Completed,1,2026-07-12,2026-07-15,"Conflict resolved from current official sources. The named information-officer page and staff page both identify Om Prakash Shrestha at 9844142075 as सूचना अधिकारी, while the previously conflicting 9863023017 number is listed in an official RTI quarterly PDF for the सूचना प्रविधि अधिकृत role."
Bagmati,Ramechhap,Khandadevi Rural Municipality,Ward Offices,Completed,9,2026-07-12,2026-07-15,"Official ward pages were rechecked and the missing wards 2, 6, and 9 were added. All nine ward office rows now use official ward-profile contacts with source URLs."
Bagmati,Ramechhap,Doramba Shailung Rural Municipality,Emergency Services,Completed,1,2026-07-12,2026-07-12,Official police emergency hotline checked from Nepal Police page.
Bagmati,Ramechhap,Doramba Shailung Rural Municipality,Police & Security,Completed,2,2026-07-12,2026-07-12,District police and traffic police sources checked.
Bagmati,Ramechhap,Doramba Shailung Rural Municipality,Health & Ambulance,Completed,3,2026-07-12,2026-07-12,Official municipal health branch and ambulance contacts checked.
Bagmati,Ramechhap,Doramba Shailung Rural Municipality,Hospitals,Completed,5,2026-07-12,2026-07-12,Official municipal staff directory checked for local health post and basic health service center contacts.
Bagmati,Ramechhap,Doramba Shailung Rural Municipality,Women & Children,Completed,4,2026-07-12,2026-07-12,Official local psychosocial and judicial support contacts plus official national helplines checked.
Bagmati,Ramechhap,Doramba Shailung Rural Municipality,Government Services,Completed,6,2026-07-12,2026-07-12,"Official municipality homepage, officials page, and staff directory checked."
Bagmati,Ramechhap,Doramba Shailung Rural Municipality,Government Complaints,Completed,2,2026-07-12,2026-07-12,Official municipal complaint channel plus Hello Sarkar official portal checked.
Bagmati,Ramechhap,Doramba Shailung Rural Municipality,Electricity & Utilities,Completed,1,2026-07-12,2026-07-12,Official NEA source checked; no separate official water utility contact surfaced in this pass.
Bagmati,Ramechhap,Doramba Shailung Rural Municipality,Disaster & Rescue,Completed,1,2026-07-12,2026-07-12,Official Ministry of Home Affairs NEOC source checked.
Bagmati,Ramechhap,Doramba Shailung Rural Municipality,Travel & Tourism,Completed,1,2026-07-12,2026-07-12,Official Nepal Police Tourist Police source checked.
Bagmati,Ramechhap,Doramba Shailung Rural Municipality,Information & Inquiry,Completed,1,2026-07-12,2026-07-12,Official municipal information officer contact checked.
Bagmati,Ramechhap,Doramba Shailung Rural Municipality,Ward Offices,Completed,7,2026-07-12,2026-07-15,"Official ward pages now cover all seven ward offices. Ward 1 was completed with the official ward page plus the 1 नं वडा सचिव record from the staff directory, and Ward 3 was completed from the official ward page with its public ward contact number."
Bagmati,Ramechhap,Sunapati Rural Municipality,Emergency Services,Completed,1,2026-07-12,2026-07-12,Official police emergency hotline checked from Nepal Police page.
Bagmati,Ramechhap,Sunapati Rural Municipality,Police & Security,Completed,2,2026-07-12,2026-07-12,District police and traffic police sources checked.
Bagmati,Ramechhap,Sunapati Rural Municipality,Health & Ambulance,Completed,5,2026-07-12,2026-07-16,"Official municipal staff directory now captures the public-health inspector plus public-health technical, nursing, senior ANM, and senior AHW contacts. No dedicated public ambulance number was found."
Bagmati,Ramechhap,Sunapati Rural Municipality,Hospitals,Needs Review,0,2026-07-12,2026-07-12,"Official site clearly exposes public health and ward contacts, but a clean dedicated health-post directory was not confirmed in this pass."
Bagmati,Ramechhap,Sunapati Rural Municipality,Women & Children,Needs Review,4,2026-07-12,2026-07-12,Official psychosocial support and probable judicial support contacts plus official national helplines checked; one local judicial row remains medium-confidence pending a cleaner page read.
Bagmati,Ramechhap,Sunapati Rural Municipality,Government Services,Completed,6,2026-07-12,2026-07-12,"Official municipality homepage, elected officials page, and staff directory checked."
Bagmati,Ramechhap,Sunapati Rural Municipality,Government Complaints,Completed,2,2026-07-12,2026-07-12,Official municipal complaint channel plus Hello Sarkar official portal checked.
Bagmati,Ramechhap,Sunapati Rural Municipality,Electricity & Utilities,Completed,1,2026-07-12,2026-07-12,Official NEA source checked; no separate official water utility contact surfaced in this pass.
Bagmati,Ramechhap,Sunapati Rural Municipality,Disaster & Rescue,Completed,1,2026-07-12,2026-07-12,Official Ministry of Home Affairs NEOC source checked.
Bagmati,Ramechhap,Sunapati Rural Municipality,Travel & Tourism,Completed,1,2026-07-12,2026-07-12,Official Nepal Police Tourist Police source checked.
Bagmati,Ramechhap,Sunapati Rural Municipality,Information & Inquiry,Completed,1,2026-07-12,2026-07-12,Official municipal information officer contact checked.
Bagmati,Ramechhap,Sunapati Rural Municipality,Ward Offices,Completed,5,2026-07-12,2026-07-15,"Official ward pages were rechecked. Wards 3, 4, and 5 were upgraded from municipality fallback numbers to the direct ward contact numbers published on the official ward pages, and all five ward office rows now have official-source traceability."
Bagmati,Ramechhap,Gokulganga Rural Municipality,Emergency Services,Completed,1,2026-07-12,2026-07-12,Official police emergency hotline checked from Nepal Police page.
Bagmati,Ramechhap,Gokulganga Rural Municipality,Police & Security,Completed,2,2026-07-12,2026-07-12,District police and traffic police sources checked.
Bagmati,Ramechhap,Gokulganga Rural Municipality,Health & Ambulance,Completed,3,2026-07-12,2026-07-15,Current official staff directory supplies direct local health contacts for the health coordinator and public health officer. An official municipality emergency-number page also lists the local ambulance contact Raj Kumar Sunuwar at Rasnalu Health Post.
Bagmati,Ramechhap,Gokulganga Rural Municipality,Hospitals,Needs Review,0,2026-07-12,,"Official municipality staff pages and Department of National Personnel Records facility register checked. Betali, Chuchure, Farp(u), Namadi, Rasnalu, Those, and Rasanalu health posts are confirmed, but no direct public facility phone was found. Municipal health-branch contacts remain separate from hospital entries."
Bagmati,Ramechhap,Gokulganga Rural Municipality,Women & Children,Needs Review,3,2026-07-12,2026-07-15,"National helplines are verified. The local Women & Child Office contact remains on an official WDCRC/LDCRC PDF and was rechecked, but it still does not appear in a cleaner current branch or staff directory page, so the category remains Needs Review."
Bagmati,Ramechhap,Gokulganga Rural Municipality,Government Services,Completed,6,2026-07-12,2026-07-12,Official municipal homepage and staff directory checked.
Bagmati,Ramechhap,Gokulganga Rural Municipality,Government Complaints,Completed,2,2026-07-12,2026-07-12,Official municipal complaint intake and Hello Sarkar checked.
Bagmati,Ramechhap,Gokulganga Rural Municipality,Electricity & Utilities,Completed,1,2026-07-12,2026-07-12,Official NEA source checked; no separate official water utility contact surfaced in this pass.
Bagmati,Ramechhap,Gokulganga Rural Municipality,Disaster & Rescue,Completed,1,2026-07-12,2026-07-12,Official Ministry of Home Affairs NEOC source checked.
Bagmati,Ramechhap,Gokulganga Rural Municipality,Travel & Tourism,Completed,1,2026-07-12,2026-07-12,Official Nepal Police Tourist Police source checked.
Bagmati,Ramechhap,Gokulganga Rural Municipality,Information & Inquiry,Completed,1,2026-07-12,2026-07-12,Official municipal information officer contact checked.
Bagmati,Ramechhap,Gokulganga Rural Municipality,Ward Offices,Completed,6,2026-07-12,2026-07-15,"Official ward and staff pages now cover all six ward offices. Ward 2 was upgraded with the secretary contact and ward office email from the official staff directory, and Ward 6 was added from the official ward page."
Bagmati,Ramechhap,Umakunda Rural Municipality,Emergency Services,Completed,1,2026-07-12,2026-07-12,Official police emergency hotline checked from Nepal Police page.
Bagmati,Ramechhap,Umakunda Rural Municipality,Police & Security,Completed,2,2026-07-12,2026-07-12,District police and traffic police sources checked.
Bagmati,Ramechhap,Umakunda Rural Municipality,Health & Ambulance,Completed,1,2026-07-12,2026-07-12,Official public health branch contact checked from the staff directory.
Bagmati,Ramechhap,Umakunda Rural Municipality,Hospitals,Completed,1,2026-07-12,2026-07-12,Official municipality staff directory now provides a current public health services contact usable for community health center inquiries.
Bagmati,Ramechhap,Umakunda Rural Municipality,Women & Children,Completed,2,2026-07-12,2026-07-12,Official national women and child helplines checked; no cleaner current local branch contact surfaced in this pass.
Bagmati,Ramechhap,Umakunda Rural Municipality,Government Services,Completed,3,2026-07-12,2026-07-12,Official municipality homepage and staff directory checked.
Bagmati,Ramechhap,Umakunda Rural Municipality,Government Complaints,Completed,2,2026-07-12,2026-07-12,Official municipal complaint channel plus Hello Sarkar official portal checked.
Bagmati,Ramechhap,Umakunda Rural Municipality,Electricity & Utilities,Completed,1,2026-07-12,2026-07-12,Official NEA source checked; no separate official water utility contact surfaced in this pass.
Bagmati,Ramechhap,Umakunda Rural Municipality,Disaster & Rescue,Completed,1,2026-07-12,2026-07-12,Official Ministry of Home Affairs NEOC source checked.
Bagmati,Ramechhap,Umakunda Rural Municipality,Travel & Tourism,Completed,1,2026-07-12,2026-07-12,Official Nepal Police Tourist Police source checked.
Bagmati,Ramechhap,Umakunda Rural Municipality,Information & Inquiry,Completed,1,2026-07-12,2026-07-12,Official municipal information and IT officer contact checked.
Bagmati,Ramechhap,Umakunda Rural Municipality,Ward Offices,Completed,7,2026-07-12,2026-07-15,Completed ward-office coverage across all 7 wards using official Umakunda ward pages. Existing ward rows were upgraded to verified/high confidence where official ward-contact and staff-contact blocks were confirmed.
Bagmati,Ramechhap,Ramechhap Municipality,Emergency Services,Completed,1,2026-07-12,2026-07-12,Official police emergency hotline checked from Nepal Police page.
Bagmati,Ramechhap,Ramechhap Municipality,Police & Security,Completed,2,2026-07-12,2026-07-12,Official district police service-mapping entry and official traffic helpline checked.
Bagmati,Ramechhap,Ramechhap Municipality,Health & Ambulance,Completed,2,2026-07-12,2026-07-12,Official municipal health branch and ambulance contacts checked.
Bagmati,Ramechhap,Ramechhap Municipality,Hospitals,Completed,5,2026-07-12,2026-07-12,Official municipal hospital ambulance contact and ward health-facility listings checked.
Bagmati,Ramechhap,Ramechhap Municipality,Women & Children,Completed,3,2026-07-12,2026-07-12,Official national women and child helplines plus official GBV police support listing checked.
Bagmati,Ramechhap,Ramechhap Municipality,Government Services,Completed,5,2026-07-12,2026-07-12,"Official municipal contact, staff, and elected officials pages checked."
Bagmati,Ramechhap,Ramechhap Municipality,Government Complaints,Completed,2,2026-07-12,2026-07-12,Official municipal complaint intake and Hello Sarkar official portal checked.
Bagmati,Ramechhap,Ramechhap Municipality,Electricity & Utilities,Completed,1,2026-07-12,2026-07-12,Official NEA no-light page explicitly lists the Ramechhap support contact.
Bagmati,Ramechhap,Ramechhap Municipality,Disaster & Rescue,Completed,1,2026-07-12,2026-07-12,Official Ministry of Home Affairs NEOC source checked.
Bagmati,Ramechhap,Ramechhap Municipality,Travel & Tourism,Completed,1,2026-07-12,2026-07-12,Official Nepal Police Tourist Police source checked.
Bagmati,Ramechhap,Ramechhap Municipality,Information & Inquiry,Completed,1,2026-07-12,2026-07-15,"Conflict resolved from current official sources. The named information officer profile, staff table, and municipal contact block all identify Ramsingh Dadal with phone 9854043528 and the published information-officer email."
Bagmati,Ramechhap,Ramechhap Municipality,Ward Offices,Completed,9,2026-07-12,2026-07-15,"All nine official ward pages were rechecked. Ward 7 was upgraded using the ward secretary number from the ward profile and the current ward-chair number from the elected-official profile, removing the earlier ambiguity."
Bagmati,Chitwan,Ichchhakamana Rural Municipality,Emergency Services,Completed,1,2026-07-12,2026-07-12,Official police emergency hotline checked from Nepal Police page.
Bagmati,Chitwan,Ichchhakamana Rural Municipality,Police & Security,Completed,4,2026-07-12,2026-07-12,"Official district police, area police, local police post, and traffic police sources checked."
Bagmati,Chitwan,Ichchhakamana Rural Municipality,Health & Ambulance,Completed,2,2026-07-12,2026-07-12,Official health branch and basic hospital ambulance contacts checked.
Bagmati,Chitwan,Ichchhakamana Rural Municipality,Hospitals,Completed,1,2026-07-12,2026-07-12,Official staff directory checked for the basic hospital administrative contact.
Bagmati,Chitwan,Ichchhakamana Rural Municipality,Women & Children,Completed,3,2026-07-12,2026-07-12,Official local women development branch plus official national helplines checked.
Bagmati,Chitwan,Ichchhakamana Rural Municipality,Government Services,Completed,4,2026-07-12,2026-07-12,Official municipality homepage and staff directory checked.
Bagmati,Chitwan,Ichchhakamana Rural Municipality,Government Complaints,Completed,2,2026-07-12,2026-07-12,Official municipal toll-free contact and Hello Sarkar official portal checked.
Bagmati,Chitwan,Ichchhakamana Rural Municipality,Electricity & Utilities,Completed,1,2026-07-12,2026-07-12,Official NEA Bharatpur distribution center page checked for Mugling fuse service relevant to Ichchhakamana.
Bagmati,Chitwan,Ichchhakamana Rural Municipality,Disaster & Rescue,Completed,1,2026-07-12,2026-07-12,Official Ministry of Home Affairs NEOC source checked.
Bagmati,Chitwan,Ichchhakamana Rural Municipality,Travel & Tourism,Completed,1,2026-07-12,2026-07-12,Official Chitwan tourist police source checked.
Bagmati,Chitwan,Ichchhakamana Rural Municipality,Information & Inquiry,Completed,1,2026-07-12,2026-07-12,Official municipality information officer contact checked.
Bagmati,Chitwan,Ichchhakamana Rural Municipality,Ward Offices,Completed,7,2026-07-12,2026-07-15,Official ward profiles and ward offices overview now cover all seven ward offices. Wards 4 and 5 were upgraded from overview-only chair numbers to full official ward-page records with secretary phone and ward email.
Bagmati,Dolakha,Bhimeshwar Municipality,Emergency Services,Completed,1,2026-07-12,2026-07-12,Official police emergency hotline checked from Nepal Police page.
Bagmati,Dolakha,Bhimeshwar Municipality,Police & Security,Completed,3,2026-07-12,2026-07-12,"Official district police listing, municipal police staff directory, and official traffic helpline checked."
Bagmati,Dolakha,Bhimeshwar Municipality,Health & Ambulance,Completed,2,2026-07-12,2026-07-12,Official municipal health branch and Charikot Hospital ambulance contacts checked.
Bagmati,Dolakha,Bhimeshwar Municipality,Hospitals,Completed,1,2026-07-12,2026-07-12,Official municipal hospital listing checked.
Bagmati,Dolakha,Bhimeshwar Municipality,Women & Children,Completed,3,2026-07-12,2026-07-12,Official local women and child development contact plus official national helplines checked.
Bagmati,Dolakha,Bhimeshwar Municipality,Government Services,Completed,5,2026-07-12,2026-07-12,"Official municipal homepage, staff directory, and elected officials pages checked."
Bagmati,Dolakha,Bhimeshwar Municipality,Government Complaints,Completed,2,2026-07-12,2026-07-12,Official municipal public contact channel and Hello Sarkar official portal checked.
Bagmati,Dolakha,Bhimeshwar Municipality,Electricity & Utilities,Completed,1,2026-07-12,2026-07-12,Official NEA Dolakha distribution center source checked.
Bagmati,Dolakha,Bhimeshwar Municipality,Disaster & Rescue,Completed,1,2026-07-12,2026-07-12,Official Ministry of Home Affairs NEOC source checked.
Bagmati,Dolakha,Bhimeshwar Municipality,Travel & Tourism,Completed,1,2026-07-12,2026-07-12,Official Nepal Police Tourist Police source checked.
Bagmati,Dolakha,Bhimeshwar Municipality,Information & Inquiry,Completed,1,2026-07-12,2026-07-12,Official municipal information officer contact checked.
Bagmati,Dolakha,Bhimeshwar Municipality,Ward Offices,Completed,9,2026-07-12,2026-07-15,"Official ward staff and elected officials pages now cover all nine ward offices. Wards 4, 8, and 9 still carry lighter row-level support because they rely mainly on official ward-chair public numbers with supporting staff contacts, but the category-level official search is complete."
Bagmati,Dolakha,Baiteshwor Rural Municipality,Emergency Services,Completed,1,2026-07-12,2026-07-12,Official police emergency hotline checked from Nepal Police page.
Bagmati,Dolakha,Baiteshwor Rural Municipality,Police & Security,Completed,2,2026-07-12,2026-07-12,Official district police and official traffic police helpline checked.
Bagmati,Dolakha,Baiteshwor Rural Municipality,Health & Ambulance,Completed,2,2026-07-12,2026-07-12,Official municipal health staff contacts checked.
Bagmati,Dolakha,Baiteshwor Rural Municipality,Hospitals,Needs Review,1,2026-07-12,2026-07-12,"Official health contacts were found, but a cleaner dedicated hospital or health-post switchboard was not surfaced in this pass."
Bagmati,Dolakha,Baiteshwor Rural Municipality,Women & Children,Completed,2,2026-07-12,2026-07-12,Official national women and child helplines checked.
Bagmati,Dolakha,Baiteshwor Rural Municipality,Government Services,Completed,5,2026-07-12,2026-07-12,"Official municipality contact, staff, and elected officials pages checked."
Bagmati,Dolakha,Baiteshwor Rural Municipality,Government Complaints,Completed,2,2026-07-12,2026-07-12,Official municipal contact channel and Hello Sarkar checked.
Bagmati,Dolakha,Baiteshwor Rural Municipality,Electricity & Utilities,Completed,1,2026-07-12,2026-07-12,Official NEA Dolakha distribution center source checked.
Bagmati,Dolakha,Baiteshwor Rural Municipality,Disaster & Rescue,Completed,1,2026-07-12,2026-07-12,Official Ministry of Home Affairs NEOC source checked.
Bagmati,Dolakha,Baiteshwor Rural Municipality,Travel & Tourism,Completed,1,2026-07-12,2026-07-12,Official Nepal Police Tourist Police source checked.
Bagmati,Dolakha,Baiteshwor Rural Municipality,Information & Inquiry,Completed,1,2026-07-12,2026-07-12,Official municipal information officer contact checked.
Bagmati,Dolakha,Baiteshwor Rural Municipality,Ward Offices,Completed,8,2026-07-12,2026-07-15,"Official ward pages and the official ward staff directory now cover all eight ward offices. Wards 5 to 8 were upgraded from chair-only records to official ward contact numbers, emails, and ward secretary details."
Bagmati,Dolakha,Jiri Municipality,Emergency Services,Completed,1,2026-07-12,2026-07-12,Official police emergency hotline checked from Nepal Police page.
Bagmati,Dolakha,Jiri Municipality,Police & Security,Completed,2,2026-07-12,2026-07-12,Official district police listing and traffic police helpline checked.
Bagmati,Dolakha,Jiri Municipality,Health & Ambulance,Completed,3,2026-07-12,2026-07-12,Official municipal health branch and staff directory contacts checked.
Bagmati,Dolakha,Jiri Municipality,Hospitals,Completed,1,2026-07-12,2026-07-16,Official Jiri Municipality hospital directory and current municipal procurement material checked. Jiri District Hospital was added with two verified public landlines. Other local health-post contacts were not published.
Bagmati,Dolakha,Jiri Municipality,Women & Children,Completed,4,2026-07-12,2026-07-12,Official local women and child service contacts plus official child helpline checked.
Bagmati,Dolakha,Jiri Municipality,Government Services,Completed,5,2026-07-12,2026-07-12,"Official municipality homepage, contact page, and staff directory checked."
Bagmati,Dolakha,Jiri Municipality,Government Complaints,Completed,2,2026-07-12,2026-07-12,Official municipal information officer and Hello Sarkar portal checked.
Bagmati,Dolakha,Jiri Municipality,Electricity & Utilities,Completed,1,2026-07-12,2026-07-12,Official NEA Dolakha distribution center source checked.
Bagmati,Dolakha,Jiri Municipality,Disaster & Rescue,Completed,1,2026-07-12,2026-07-12,Official Ministry of Home Affairs NEOC source checked.
Bagmati,Dolakha,Jiri Municipality,Travel & Tourism,Completed,1,2026-07-12,2026-07-12,Official Nepal Police Tourist Police source checked.
Bagmati,Dolakha,Jiri Municipality,Information & Inquiry,Completed,1,2026-07-12,2026-07-12,Official municipal information officer contact checked.
Bagmati,Dolakha,Jiri Municipality,Ward Offices,Completed,9,2026-07-12,2026-07-15,"All nine official ward profile pages were checked and all ward office rows have official source URLs. Wards 3, 4, 6, 8, and 9 remain lighter at the row level because they rely mainly on official ward public numbers, but category coverage is complete."
Bagmati,Dolakha,Kalinchok Rural Municipality,Emergency Services,Completed,1,2026-07-12,2026-07-12,Official police emergency hotline checked from Nepal Police page.
Bagmati,Dolakha,Kalinchok Rural Municipality,Police & Security,Completed,3,2026-07-12,2026-07-12,"Official district police listing, municipality emergency police contact, and traffic police helpline checked."
Bagmati,Dolakha,Kalinchok Rural Municipality,Health & Ambulance,Completed,3,2026-07-12,2026-07-12,Official municipal health branch and ward-level health contacts checked.
Bagmati,Dolakha,Kalinchok Rural Municipality,Hospitals,Completed,7,2026-07-12,2026-07-12,Official municipality emergency page and health-post page checked for local health facility contacts.
Bagmati,Dolakha,Kalinchok Rural Municipality,Women & Children,Completed,2,2026-07-12,2026-07-12,Official national women and child helplines checked.
Bagmati,Dolakha,Kalinchok Rural Municipality,Government Services,Completed,5,2026-07-12,2026-07-12,"Official municipality contact, staff, and elected officials pages checked."
Bagmati,Dolakha,Kalinchok Rural Municipality,Government Complaints,Completed,2,2026-07-12,2026-07-12,Official municipal information contact and Hello Sarkar portal checked.
Bagmati,Dolakha,Kalinchok Rural Municipality,Electricity & Utilities,Completed,1,2026-07-12,2026-07-12,Official NEA Dolakha distribution center source checked.
Bagmati,Dolakha,Kalinchok Rural Municipality,Disaster & Rescue,Completed,1,2026-07-12,2026-07-12,Official Ministry of Home Affairs NEOC source checked.
Bagmati,Dolakha,Kalinchok Rural Municipality,Travel & Tourism,Completed,1,2026-07-12,2026-07-12,Official Nepal Police Tourist Police source checked.
Bagmati,Dolakha,Kalinchok Rural Municipality,Information & Inquiry,Completed,1,2026-07-12,2026-07-12,Official municipality ICT officer contact checked.
Bagmati,Dolakha,Kalinchok Rural Municipality,Ward Offices,Completed,9,2026-07-12,2026-07-15,"Official ward profile pages cover all nine ward offices. Ward 5 remains lighter at the row level because the official source does not expose a secretary phone number, but category coverage is complete."
Bagmati,Dolakha,Melung Rural Municipality,Emergency Services,Completed,1,2026-07-12,2026-07-12,Official police emergency hotline checked from Nepal Police page.
Bagmati,Dolakha,Melung Rural Municipality,Police & Security,Completed,3,2026-07-12,2026-07-12,Official municipality important telephone numbers page and traffic police helpline checked.
Bagmati,Dolakha,Melung Rural Municipality,Health & Ambulance,Completed,3,2026-07-12,2026-07-12,"Official municipal health branch, ANM, and district health contact checked."
Bagmati,Dolakha,Melung Rural Municipality,Hospitals,Completed,1,2026-07-12,2026-07-12,Official municipality important telephone numbers page checked for health center contact.
Bagmati,Dolakha,Melung Rural Municipality,Women & Children,Completed,3,2026-07-12,2026-07-12,Official local women and senior citizens branch plus official national women and child helplines checked.
Bagmati,Dolakha,Melung Rural Municipality,Government Services,Completed,5,2026-07-12,2026-07-12,"Official municipality contact page, staff directory, and elected officials page checked."
Bagmati,Dolakha,Melung Rural Municipality,Government Complaints,Completed,2,2026-07-12,2026-07-12,Official municipal information officer and Hello Sarkar checked.
Bagmati,Dolakha,Melung Rural Municipality,Electricity & Utilities,Completed,1,2026-07-12,2026-07-12,Official NEA Dolakha distribution center source checked.
Bagmati,Dolakha,Melung Rural Municipality,Disaster & Rescue,Completed,1,2026-07-12,2026-07-12,Official Ministry of Home Affairs NEOC source checked.
Bagmati,Dolakha,Melung Rural Municipality,Travel & Tourism,Completed,1,2026-07-12,2026-07-12,Official Nepal Police Tourist Police source checked.
Bagmati,Dolakha,Melung Rural Municipality,Information & Inquiry,Completed,1,2026-07-12,2026-07-12,Official municipality ICT officer contact checked.
Bagmati,Dolakha,Melung Rural Municipality,Ward Offices,Completed,7,2026-07-12,2026-07-15,"Completed ward-office coverage across all 7 wards using official Melung ward pages, staff listings, and the official current chairperson profile for Ward 1. Ward 1 currently relies on a public role contact rather than a clearly published dedicated ward switchboard."
Bagmati,Dolakha,Tamakoshi Rural Municipality,Emergency Services,Completed,1,2026-07-12,2026-07-12,Official police emergency hotline checked from Nepal Police page.
Bagmati,Dolakha,Tamakoshi Rural Municipality,Police & Security,Completed,2,2026-07-12,2026-07-12,Official district police listing and traffic police helpline checked.
Bagmati,Dolakha,Tamakoshi Rural Municipality,Health & Ambulance,Completed,3,2026-07-12,2026-07-12,Official municipal health branch and hospital chief contacts checked.
Bagmati,Dolakha,Tamakoshi Rural Municipality,Hospitals,Completed,4,2026-07-12,2026-07-12,Official Tamakoshi hospital staff and medical officer pages checked.
Bagmati,Dolakha,Tamakoshi Rural Municipality,Women & Children,Needs Review,3,2026-07-12,2026-07-12,Official national women and child helplines checked. Local women-focused contact currently relies on an officially published women executive member number rather than a dedicated branch hotline.
Bagmati,Dolakha,Tamakoshi Rural Municipality,Government Services,Completed,5,2026-07-12,2026-07-12,"Official officials and staff pages checked for main office, leadership, and CAO contacts."
Bagmati,Dolakha,Tamakoshi Rural Municipality,Government Complaints,Completed,2,2026-07-12,2026-07-12,Official municipal ICT officer and Hello Sarkar checked.
Bagmati,Dolakha,Tamakoshi Rural Municipality,Electricity & Utilities,Completed,1,2026-07-12,2026-07-12,Official NEA Dolakha distribution center source checked.
Bagmati,Dolakha,Tamakoshi Rural Municipality,Disaster & Rescue,Completed,1,2026-07-12,2026-07-12,Official Ministry of Home Affairs NEOC source checked.
Bagmati,Dolakha,Tamakoshi Rural Municipality,Travel & Tourism,Completed,1,2026-07-12,2026-07-12,Official Nepal Police Tourist Police source checked.
Bagmati,Dolakha,Tamakoshi Rural Municipality,Information & Inquiry,Completed,1,2026-07-12,2026-07-12,Official municipality ICT officer contact checked.
Bagmati,Dolakha,Tamakoshi Rural Municipality,Ward Offices,Completed,7,2026-07-12,2026-07-15,"Official ward offices table, official ward email notice, and staff directory now cover all seven ward offices. Ward 2 was upgraded with an official ward email and matching official secretary record."
Bagmati,Dolakha,Gaurishankar Rural Municipality,Emergency Services,Completed,1,2026-07-12,2026-07-12,Official police emergency hotline checked from Nepal Police page.
Bagmati,Dolakha,Gaurishankar Rural Municipality,Police & Security,Completed,2,2026-07-12,2026-07-12,Official district police listing and traffic police helpline checked.
Bagmati,Dolakha,Gaurishankar Rural Municipality,Health & Ambulance,Completed,3,2026-07-12,2026-07-12,Official municipal health branch and official ambulance driver contacts checked.
Bagmati,Dolakha,Gaurishankar Rural Municipality,Hospitals,Needs Review,0,2026-07-12,2026-07-12,"Official hospital upgrade notice confirms the local facility, but a dedicated current public phone number for the primary health center or hospital was not clearly published in this pass."
Bagmati,Dolakha,Gaurishankar Rural Municipality,Women & Children,Needs Review,3,2026-07-12,2026-07-12,Official national women and child helplines checked. Local support contact currently relies on the judicial facilitation service rather than a dedicated women or child branch hotline.
Bagmati,Dolakha,Gaurishankar Rural Municipality,Government Services,Completed,5,2026-07-12,2026-07-12,"Official homepage, staff directory, and elected officials page checked."
Bagmati,Dolakha,Gaurishankar Rural Municipality,Government Complaints,Completed,2,2026-07-12,2026-07-12,Official municipal ICT contact and Hello Sarkar checked.
Bagmati,Dolakha,Gaurishankar Rural Municipality,Electricity & Utilities,Completed,1,2026-07-12,2026-07-12,Official NEA Dolakha distribution center source checked.
Bagmati,Dolakha,Gaurishankar Rural Municipality,Disaster & Rescue,Completed,1,2026-07-12,2026-07-12,Official Ministry of Home Affairs NEOC source checked.
Bagmati,Dolakha,Gaurishankar Rural Municipality,Travel & Tourism,Completed,1,2026-07-12,2026-07-12,Official Nepal Police Tourist Police source checked.
Bagmati,Dolakha,Gaurishankar Rural Municipality,Information & Inquiry,Completed,1,2026-07-12,2026-07-12,Official municipality ICT officer contact checked.
Bagmati,Dolakha,Gaurishankar Rural Municipality,Ward Offices,Completed,9,2026-07-12,2026-07-15,"Official officials and staff pages now cover all nine ward offices. Several rows remain lighter because ward-specific emails are not clearly published for every ward, but category coverage is complete."
Bagmati,Dolakha,Shailung Rural Municipality,Emergency Services,Completed,1,2026-07-12,2026-07-12,Official police emergency hotline checked from Nepal Police page.
Bagmati,Dolakha,Shailung Rural Municipality,Police & Security,Completed,2,2026-07-12,2026-07-12,Official district police listing and traffic police helpline checked.
Bagmati,Dolakha,Shailung Rural Municipality,Health & Ambulance,Completed,2,2026-07-12,2026-07-12,Official health branch and public health officer contacts checked.
Bagmati,Dolakha,Shailung Rural Municipality,Hospitals,Needs Review,8,2026-07-12,2026-07-12,"Official municipal Right-to-Information staff record added Shailung Hospital plus seven health-facility contacts. Fasku Basic Health Service Center (Ward 6) and Sangate Community Health Unit (Ward 7) are named in official records, but a clean dedicated public phone number was not surfaced in this pass."
Bagmati,Dolakha,Shailung Rural Municipality,Women & Children,Completed,6,2026-07-12,2026-07-16,"Official municipal local legal-facilitation and nutrition contacts, national women and child helplines, the National Women Commission's Dolakha OCMC listing, and the government child-search service were checked. No dedicated Palika-level women or child protection desk number was separately published."
Bagmati,Dolakha,Shailung Rural Municipality,Government Services,Completed,5,2026-07-12,2026-07-12,"Official homepage header, staff directory, and elected officials page checked."
Bagmati,Dolakha,Shailung Rural Municipality,Government Complaints,Completed,2,2026-07-12,2026-07-12,Official information officer and Hello Sarkar checked.
Bagmati,Dolakha,Shailung Rural Municipality,Electricity & Utilities,Completed,1,2026-07-12,2026-07-12,Official NEA Dolakha distribution center source checked.
Bagmati,Dolakha,Shailung Rural Municipality,Disaster & Rescue,Completed,1,2026-07-12,2026-07-12,Official Ministry of Home Affairs NEOC source checked.
Bagmati,Dolakha,Shailung Rural Municipality,Travel & Tourism,Completed,1,2026-07-12,2026-07-12,Official Nepal Police Tourist Police source checked.
Bagmati,Dolakha,Shailung Rural Municipality,Information & Inquiry,Completed,1,2026-07-12,2026-07-12,Official municipality ICT officer contact checked.
Bagmati,Dolakha,Shailung Rural Municipality,Ward Offices,Completed,8,2026-07-12,2026-07-16,"Official ward index and ward pages now cover all eight ward offices. Wards 3, 5, 6, and 7 were upgraded with official ward-page secretary contacts."
Bagmati,Sindhupalchok,Chautara Sangachokgadhi Municipality,Emergency Services,Completed,1,2026-07-12,2026-07-12,Official police emergency hotline checked from Nepal Police page.
Bagmati,Sindhupalchok,Chautara Sangachokgadhi Municipality,Police & Security,Completed,2,2026-07-12,2026-07-12,Official district administration contact and traffic police helpline checked.
Bagmati,Sindhupalchok,Chautara Sangachokgadhi Municipality,Health & Ambulance,Completed,4,2026-07-12,2026-07-15,"Added municipal health branch, district health office, and two local ambulance services from official municipality sources."
Bagmati,Sindhupalchok,Chautara Sangachokgadhi Municipality,Hospitals,Completed,3,2026-07-12,2026-07-15,"Added district hospital, eye center, and Ayurveda health center from official municipality emergency directory."
Bagmati,Sindhupalchok,Chautara Sangachokgadhi Municipality,Women & Children,Completed,2,2026-07-12,2026-07-12,Official national women and child helplines checked; a cleaner dedicated current local branch number was not surfaced in this pass.
Bagmati,Sindhupalchok,Chautara Sangachokgadhi Municipality,Government Services,Completed,4,2026-07-12,2026-07-12,"Official homepage, elected profile, and ward page contact blocks checked."
Bagmati,Sindhupalchok,Chautara Sangachokgadhi Municipality,Government Complaints,Completed,3,2026-07-12,2026-07-12,"Official information officer, complaint hearing officer, and Hello Sarkar checked."
Bagmati,Sindhupalchok,Chautara Sangachokgadhi Municipality,Electricity & Utilities,Completed,1,2026-07-12,2026-07-12,Official NEA Sindhupalchowk distribution center source checked.
Bagmati,Sindhupalchok,Chautara Sangachokgadhi Municipality,Disaster & Rescue,Completed,1,2026-07-12,2026-07-12,Official Ministry of Home Affairs NEOC source checked.
Bagmati,Sindhupalchok,Chautara Sangachokgadhi Municipality,Travel & Tourism,Completed,1,2026-07-12,2026-07-12,Official Nepal Police Tourist Police source checked.
Bagmati,Sindhupalchok,Chautara Sangachokgadhi Municipality,Information & Inquiry,Completed,1,2026-07-12,2026-07-12,Official municipality information officer contact checked.
Bagmati,Sindhupalchok,Chautara Sangachokgadhi Municipality,Ward Offices,Completed,14,2026-07-12,2026-07-15,Added all 14 ward office contacts from official ward pages.
Bagmati,Sindhupalchok,Bahrabise Municipality,Emergency Services,Completed,1,2026-07-12,2026-07-12,Official police emergency hotline checked from Nepal Police page.
Bagmati,Sindhupalchok,Bahrabise Municipality,Police & Security,Completed,1,2026-07-12,2026-07-12,Official traffic police helpline checked in this pass; a cleaner current local police station phone was not surfaced from official sources in this pass.
Bagmati,Sindhupalchok,Bahrabise Municipality,Health & Ambulance,Completed,2,2026-07-12,2026-07-12,Official municipal health branch contacts were added from the staff directory; a clean ambulance-specific phone was not surfaced in this pass.
Bagmati,Sindhupalchok,Bahrabise Municipality,Hospitals,Completed,2,2026-07-12,2026-07-15,Added Bahrabise Primary Health Care Center from a public directory and Keystone Hospital from the hospital's public Facebook page. Official municipality pages reference Bahrabise Nagar Hospital activities but did not expose a direct hospital phone in the checked pages.
Bagmati,Sindhupalchok,Bahrabise Municipality,Women & Children,Completed,2,2026-07-12,2026-07-12,Official national women and child helplines checked.
Bagmati,Sindhupalchok,Bahrabise Municipality,Government Services,Completed,4,2026-07-12,2026-07-12,"Official homepage, staff directory, and officials page checked."
Bagmati,Sindhupalchok,Bahrabise Municipality,Government Complaints,Completed,2,2026-07-12,2026-07-12,Official information officer and national grievance portal checked.
Bagmati,Sindhupalchok,Bahrabise Municipality,Electricity & Utilities,Completed,1,2026-07-12,2026-07-12,Official NEA Sindhupalchowk distribution center source checked.
Bagmati,Sindhupalchok,Bahrabise Municipality,Disaster & Rescue,Completed,1,2026-07-12,2026-07-12,Official Ministry of Home Affairs NEOC source checked.
Bagmati,Sindhupalchok,Bahrabise Municipality,Travel & Tourism,Completed,1,2026-07-12,2026-07-12,Official Nepal Police Tourist Police source checked.
Bagmati,Sindhupalchok,Bahrabise Municipality,Information & Inquiry,Completed,1,2026-07-12,2026-07-12,Official municipality homepage inquiry contact checked.
Bagmati,Sindhupalchok,Bahrabise Municipality,Ward Offices,Completed,8,2026-07-12,2026-07-12,"Official municipality officials page provides public ward chair contacts for wards 1, 2, 3, 4, 5, 6, 8, and 9. Ward 7 was not clearly exposed in the checked lines."
Bagmati,Sindhupalchok,Melamchi Municipality,Emergency Services,Completed,1,2026-07-12,2026-07-12,Official police emergency hotline checked from Nepal Police page.
Bagmati,Sindhupalchok,Melamchi Municipality,Police & Security,Completed,2,2026-07-12,2026-07-12,Official DAO Sindhupalchok and traffic police helpline checked.
Bagmati,Sindhupalchok,Melamchi Municipality,Health & Ambulance,Completed,2,2026-07-12,2026-07-12,Official municipal health branch staff contacts were added; a clean ambulance-specific public phone was not surfaced in this pass.
Bagmati,Sindhupalchok,Melamchi Municipality,Hospitals,Completed,1,2026-07-12,2026-07-15,"Added Melamchi Primary Health Centre from an official municipality page. The municipality health pages also reference Melamchi 15-bed hospital works, but a separate clean hospital contact was not surfaced. A public directory showed a similar Melamchi City Hospital listing with a conflicting number, so the official municipality phone was preferred."
Bagmati,Sindhupalchok,Melamchi Municipality,Women & Children,Completed,2,2026-07-12,2026-07-12,Official national women and child helplines checked.
Bagmati,Sindhupalchok,Melamchi Municipality,Government Services,Completed,4,2026-07-12,2026-07-12,"Official homepage, elected members page, and staff directory checked."
Bagmati,Sindhupalchok,Melamchi Municipality,Government Complaints,Completed,2,2026-07-12,2026-07-12,Official complaint officer and Hello Sarkar checked.
Bagmati,Sindhupalchok,Melamchi Municipality,Electricity & Utilities,Completed,1,2026-07-12,2026-07-12,Official NEA Sindhupalchowk distribution center source checked.
Bagmati,Sindhupalchok,Melamchi Municipality,Disaster & Rescue,Completed,1,2026-07-12,2026-07-12,Official Ministry of Home Affairs NEOC source checked.
Bagmati,Sindhupalchok,Melamchi Municipality,Travel & Tourism,Completed,1,2026-07-12,2026-07-12,Official Nepal Police Tourist Police source checked.
Bagmati,Sindhupalchok,Melamchi Municipality,Information & Inquiry,Completed,1,2026-07-12,2026-07-12,Official municipal information technology contact checked.
Bagmati,Sindhupalchok,Melamchi Municipality,Ward Offices,Completed,13,2026-07-12,2026-07-12,Official ward staff directory provides ward secretary contacts for wards 1 through 13.
Bagmati,Sindhupalchok,Indrawati Rural Municipality,Emergency Services,Completed,1,2026-07-14,2026-07-14,Official police emergency hotline checked from Nepal Police page.
Bagmati,Sindhupalchok,Indrawati Rural Municipality,Police & Security,Completed,2,2026-07-14,2026-07-14,Official municipal police contacts and traffic police helpline checked.
Bagmati,Sindhupalchok,Indrawati Rural Municipality,Health & Ambulance,Completed,3,2026-07-14,2026-07-14,"Official health branch, medical officer, and ambulance driver contacts were added from the municipality staff directory."
Bagmati,Sindhupalchok,Indrawati Rural Municipality,Hospitals,Completed,1,2026-07-14,2026-07-15,"Added Nawalpur Primary Hospital using the official municipality hospital inauguration post and official ambulance contact page. The main hospital switchboard was not clearly published, so the official ambulance contact is retained as a medium-confidence hospital reach number."
Bagmati,Sindhupalchok,Indrawati Rural Municipality,Women & Children,Completed,2,2026-07-14,2026-07-14,Official national women and child helplines checked.
Bagmati,Sindhupalchok,Indrawati Rural Municipality,Government Services,Completed,5,2026-07-14,2026-07-14,"Official contact page, officials page, and staff directory checked."
Bagmati,Sindhupalchok,Indrawati Rural Municipality,Government Complaints,Completed,1,2026-07-14,2026-07-14,Official national grievance portal checked; a separate current local complaint officer was not clearly exposed in the checked official pages.
Bagmati,Sindhupalchok,Indrawati Rural Municipality,Electricity & Utilities,Completed,1,2026-07-14,2026-07-14,Official NEA Sindhupalchowk distribution center source checked.
Bagmati,Sindhupalchok,Indrawati Rural Municipality,Disaster & Rescue,Completed,2,2026-07-14,2026-07-14,Official local disaster management branch and national NEOC source checked.
Bagmati,Sindhupalchok,Indrawati Rural Municipality,Travel & Tourism,Completed,1,2026-07-14,2026-07-14,Official Nepal Police Tourist Police source checked.
Bagmati,Sindhupalchok,Indrawati Rural Municipality,Information & Inquiry,Completed,1,2026-07-14,2026-07-14,Official municipal information officer contact checked.
Bagmati,Sindhupalchok,Indrawati Rural Municipality,Ward Offices,Completed,12,2026-07-14,2026-07-14,Official municipality officials page provides current ward chair contacts for wards 1 through 12.
Bagmati,Sindhupalchok,Helambu Rural Municipality,Emergency Services,Completed,1,2026-07-14,2026-07-14,Official police emergency hotline checked from Nepal Police page.
Bagmati,Sindhupalchok,Helambu Rural Municipality,Police & Security,Completed,2,2026-07-14,2026-07-14,Official DAO Sindhupalchok and traffic police helpline checked; local police station phone was not cleanly surfaced on the official Helambu pages in this pass.
Bagmati,Sindhupalchok,Helambu Rural Municipality,Health & Ambulance,Completed,13,2026-07-14,2026-07-14,"Official health branch page provides branch staff, ambulance drivers, and facility-level contacts for multiple health posts and community health units."
Bagmati,Sindhupalchok,Helambu Rural Municipality,Hospitals,Completed,1,2026-07-14,2026-07-15,"Added Helambu Hospital, Kiul using the official Ward 2 page plus the official health branch facility contact list. Because the municipality did not publish a separate hospital switchboard, the official Kiul facility contact is retained as a medium-confidence hospital-reach number."
Bagmati,Sindhupalchok,Helambu Rural Municipality,Women & Children,Completed,2,2026-07-14,2026-07-14,Official national women and child helplines checked.
Bagmati,Sindhupalchok,Helambu Rural Municipality,Government Services,Completed,3,2026-07-14,2026-07-14,"Official contact page, officials page, and staff directory checked."
Bagmati,Sindhupalchok,Helambu Rural Municipality,Government Complaints,Completed,2,2026-07-14,2026-07-14,Official judicial committee contact and national grievance portal checked.
Bagmati,Sindhupalchok,Helambu Rural Municipality,Electricity & Utilities,Completed,1,2026-07-14,2026-07-14,Official NEA Sindhupalchowk distribution center source checked.
Bagmati,Sindhupalchok,Helambu Rural Municipality,Disaster & Rescue,Completed,2,2026-07-14,2026-07-14,Official local disaster focal person and national NEOC source checked.
Bagmati,Sindhupalchok,Helambu Rural Municipality,Travel & Tourism,Completed,1,2026-07-14,2026-07-14,Official Nepal Police Tourist Police source checked.
Bagmati,Sindhupalchok,Helambu Rural Municipality,Information & Inquiry,Completed,1,2026-07-14,2026-07-14,Official municipal information officer contact checked.
Bagmati,Sindhupalchok,Helambu Rural Municipality,Ward Offices,Completed,7,2026-07-14,2026-07-14,Official municipality officials page provides ward chair contacts for wards 1 through 7.
Bagmati,Sindhupalchok,Jugal Rural Municipality,Emergency Services,Completed,1,2026-07-14,2026-07-14,Official police emergency hotline checked from Nepal Police page.
Bagmati,Sindhupalchok,Jugal Rural Municipality,Police & Security,Completed,2,2026-07-14,2026-07-14,Official DAO Sindhupalchok and traffic police helpline checked; local police station phone was not clearly surfaced in this pass.
Bagmati,Sindhupalchok,Jugal Rural Municipality,Health & Ambulance,Completed,9,2026-07-14,2026-07-14,"Official staff directory provides current health branch, health post, and community health unit contacts."
Bagmati,Sindhupalchok,Jugal Rural Municipality,Hospitals,Needs Review,0,2026-07-14,2026-07-14,"Official pages expose several health facility contacts, but a clean dedicated public hospital main phone was not clearly published in the checked official pages."
Bagmati,Sindhupalchok,Jugal Rural Municipality,Women & Children,Completed,2,2026-07-14,2026-07-14,Official national women and child helplines checked.
Bagmati,Sindhupalchok,Jugal Rural Municipality,Government Services,Completed,4,2026-07-14,2026-07-14,"Official contact page, officials page, and staff directory checked."
Bagmati,Sindhupalchok,Jugal Rural Municipality,Government Complaints,Completed,3,2026-07-14,2026-07-14,"Official information officer, legal facilitator, and national grievance portal checked."
Bagmati,Sindhupalchok,Jugal Rural Municipality,Electricity & Utilities,Completed,1,2026-07-14,2026-07-14,Official NEA Sindhupalchowk distribution center source checked.
Bagmati,Sindhupalchok,Jugal Rural Municipality,Disaster & Rescue,Completed,1,2026-07-14,2026-07-14,Official national NEOC source checked; a distinct current local disaster contact was not clearly published in the checked official pages.
Bagmati,Sindhupalchok,Jugal Rural Municipality,Travel & Tourism,Completed,1,2026-07-14,2026-07-14,Official Nepal Police Tourist Police source checked.
Bagmati,Sindhupalchok,Jugal Rural Municipality,Information & Inquiry,Completed,1,2026-07-14,2026-07-14,Official municipal information technology contact checked.
Bagmati,Sindhupalchok,Jugal Rural Municipality,Ward Offices,Completed,7,2026-07-14,2026-07-14,Official municipality officials page provides ward chair contacts for wards 1 through 7.
Bagmati,Sindhupalchok,Panchpokhari Thangpal Rural Municipality,Emergency Services,Completed,2,2026-07-14,2026-07-14,Official national emergency and police emergency hotlines checked.
Bagmati,Sindhupalchok,Panchpokhari Thangpal Rural Municipality,Police & Security,Completed,2,2026-07-14,2026-07-14,Official DAO Sindhupalchok and traffic police sources checked.
Bagmati,Sindhupalchok,Panchpokhari Thangpal Rural Municipality,Health & Ambulance,Completed,2,2026-07-14,2026-07-14,Official health section contacts checked; a dedicated ambulance phone was not clearly published on the checked official pages.
Bagmati,Sindhupalchok,Panchpokhari Thangpal Rural Municipality,Hospitals,Completed,6,2026-07-14,2026-07-14,Official Panchpokhari Primary Hospital staff contacts checked from the municipal staff directory.
Bagmati,Sindhupalchok,Panchpokhari Thangpal Rural Municipality,Women & Children,Completed,3,2026-07-14,2026-07-14,Official municipal women and children branch plus national women and child helplines checked.
Bagmati,Sindhupalchok,Panchpokhari Thangpal Rural Municipality,Government Services,Completed,8,2026-07-14,2026-07-14,"Official contact page, officials page, and staff directory checked."
Bagmati,Sindhupalchok,Panchpokhari Thangpal Rural Municipality,Government Complaints,Completed,3,2026-07-14,2026-07-14,"Official information officer, legal facilitator, and national grievance portal checked."
Bagmati,Sindhupalchok,Panchpokhari Thangpal Rural Municipality,Electricity & Utilities,Completed,1,2026-07-14,2026-07-14,Official NEA Sindhupalchowk distribution center source checked.
Bagmati,Sindhupalchok,Panchpokhari Thangpal Rural Municipality,Disaster & Rescue,Completed,1,2026-07-14,2026-07-14,Official NEOC source checked.
Bagmati,Sindhupalchok,Panchpokhari Thangpal Rural Municipality,Travel & Tourism,Completed,1,2026-07-14,2026-07-14,Official Nepal Police Tourist Police source checked.
Bagmati,Sindhupalchok,Panchpokhari Thangpal Rural Municipality,Information & Inquiry,Completed,2,2026-07-14,2026-07-14,Official IT branch and information center contacts checked.
Bagmati,Sindhupalchok,Panchpokhari Thangpal Rural Municipality,Ward Offices,Completed,14,2026-07-14,2026-07-14,Official ward office pages and staff directory provide ward office and ward secretary contacts.
Bagmati,Sindhupalchok,Balephi Rural Municipality,Emergency Services,Completed,2,2026-07-14,2026-07-14,Official national emergency and police emergency hotlines checked.
Bagmati,Sindhupalchok,Balephi Rural Municipality,Police & Security,Completed,2,2026-07-14,2026-07-14,Official DAO Sindhupalchok and traffic police sources checked; a distinct local police station number was not clearly published on the checked Balephi official pages.
Bagmati,Sindhupalchok,Balephi Rural Municipality,Health & Ambulance,Completed,8,2026-07-14,2026-07-14,Official health branch and health institution contacts checked; a dedicated ambulance phone was not clearly published on the checked official pages.
Bagmati,Sindhupalchok,Balephi Rural Municipality,Hospitals,Completed,2,2026-07-14,2026-07-14,Official primary health centre contacts checked from the municipal staff directory.
Bagmati,Sindhupalchok,Balephi Rural Municipality,Women & Children,Completed,4,2026-07-14,2026-07-14,"Official psychosocial counselling, child welfare, and national women and child helplines checked."
Bagmati,Sindhupalchok,Balephi Rural Municipality,Government Services,Completed,8,2026-07-14,2026-07-14,"Official website, officials page, and staff directory checked."
Bagmati,Sindhupalchok,Balephi Rural Municipality,Government Complaints,Completed,3,2026-07-14,2026-07-14,"Official grievance officer, judicial facilitator, and national grievance portal checked."
Bagmati,Sindhupalchok,Balephi Rural Municipality,Electricity & Utilities,Completed,1,2026-07-14,2026-07-14,Official NEA Sindhupalchowk distribution center source checked.
Bagmati,Sindhupalchok,Balephi Rural Municipality,Disaster & Rescue,Completed,1,2026-07-14,2026-07-14,Official NEOC source checked; a distinct local disaster response number was not clearly published on the checked Balephi official pages.
Bagmati,Sindhupalchok,Balephi Rural Municipality,Travel & Tourism,Completed,1,2026-07-14,2026-07-14,Official Nepal Police Tourist Police source checked.
Bagmati,Sindhupalchok,Balephi Rural Municipality,Information & Inquiry,Completed,1,2026-07-14,2026-07-14,Official information technology branch contact checked.
Bagmati,Sindhupalchok,Balephi Rural Municipality,Ward Offices,Completed,16,2026-07-14,2026-07-14,Official municipality officials page and staff directory provide ward chair and ward secretary contacts for wards 1 through 8.
Bagmati,Sindhupalchok,Sunkoshi Rural Municipality,Emergency Services,Completed,2,2026-07-14,2026-07-14,Official Nepal Police and Ministry of Home Affairs emergency sources checked.
Bagmati,Sindhupalchok,Sunkoshi Rural Municipality,Police & Security,Completed,2,2026-07-14,2026-07-14,Official DAO Sindhupalchok and traffic police sources checked; a distinct local police station number was not clearly published on the checked Sunkoshi official pages.
Bagmati,Sindhupalchok,Sunkoshi Rural Municipality,Health & Ambulance,Completed,2,2026-07-14,2026-07-14,Official municipal staff directory provides health branch contacts; a dedicated ambulance number was not clearly published on the checked official pages in this pass.
Bagmati,Sindhupalchok,Sunkoshi Rural Municipality,Hospitals,Completed,1,2026-07-14,2026-07-15,"Official municipality sources were rechecked. The municipal basic hospital is confirmed by the official hospital operating procedure, but a distinct hospital main phone was not clearly published on the checked official pages. Added one official hospital row using the public health-branch reach numbers and marked it Needs Review with Medium confidence."
Bagmati,Sindhupalchok,Sunkoshi Rural Municipality,Women & Children,Completed,4,2026-07-14,2026-07-14,Official national women and child helplines and official municipal psychosocial and nutrition contacts checked.
Bagmati,Sindhupalchok,Sunkoshi Rural Municipality,Government Services,Completed,11,2026-07-14,2026-07-14,"Official contact page, officials page, and staff directory checked for public-facing municipal service contacts."
Bagmati,Sindhupalchok,Sunkoshi Rural Municipality,Government Complaints,Completed,4,2026-07-14,2026-07-14,"Official municipal grievance and problem-registration pages, judicial committee contact, and national Hello Sarkar portal checked."
Bagmati,Sindhupalchok,Sunkoshi Rural Municipality,Electricity & Utilities,Completed,1,2026-07-14,2026-07-14,Official NEA Sindhupalchowk distribution center source checked; a distinct official public water utility contact was not clearly surfaced in this pass.
Bagmati,Sindhupalchok,Sunkoshi Rural Municipality,Disaster & Rescue,Completed,1,2026-07-14,2026-07-14,Official NEOC source checked; a distinct local municipal disaster focal phone was not clearly published on the checked official pages.
Bagmati,Sindhupalchok,Sunkoshi Rural Municipality,Travel & Tourism,Completed,1,2026-07-14,2026-07-14,Official Nepal Police Tourist Police source checked.
Bagmati,Sindhupalchok,Sunkoshi Rural Municipality,Information & Inquiry,Completed,2,2026-07-14,2026-07-14,Official information officer and information technology officer contacts checked from the staff directory.
Bagmati,Sindhupalchok,Sunkoshi Rural Municipality,Ward Offices,Completed,14,2026-07-14,2026-07-14,Official municipality officials page and staff directory provide ward chair and ward secretary contacts for wards 1 through 7.
Bagmati,Sindhupalchok,Tripurasundari Rural Municipality,Emergency Services,Completed,2,2026-07-15,2026-07-15,Official Nepal Police and Ministry of Home Affairs emergency sources checked.
Bagmati,Sindhupalchok,Tripurasundari Rural Municipality,Police & Security,Completed,3,2026-07-15,2026-07-15,"Official municipality police post page, DAO Sindhupalchok, and traffic police sources checked."
Bagmati,Sindhupalchok,Tripurasundari Rural Municipality,Health & Ambulance,Completed,3,2026-07-15,2026-07-15,Official municipal staff directory and municipal profile checked; no dedicated ambulance number was clearly published on checked official pages.
Bagmati,Sindhupalchok,Tripurasundari Rural Municipality,Hospitals,Completed,0,2026-07-15,2026-07-15,The official municipal profile states there is no hospital within Tripurasundari Rural Municipality.
Bagmati,Sindhupalchok,Tripurasundari Rural Municipality,Women & Children,Completed,4,2026-07-15,2026-07-15,Official national women and child helplines and official municipal psychosocial and nutrition contacts checked.
Bagmati,Sindhupalchok,Tripurasundari Rural Municipality,Government Services,Completed,11,2026-07-15,2026-07-15,"Official contact page, officials page, homepage, and staff directory checked for public-facing municipal service contacts."
Bagmati,Sindhupalchok,Tripurasundari Rural Municipality,Government Complaints,Completed,4,2026-07-15,2026-07-15,"Official municipal grievance and problem-registration pages, judicial facilitation contact, and national Hello Sarkar portal checked."
Bagmati,Sindhupalchok,Tripurasundari Rural Municipality,Electricity & Utilities,Completed,1,2026-07-15,2026-07-16,Official NEA current contact-information page verified the Sindhupalchok Distribution Center contact serving Tripurasundari. No distinct public water-utility contact was found.
Bagmati,Sindhupalchok,Tripurasundari Rural Municipality,Disaster & Rescue,Completed,1,2026-07-15,2026-07-15,Official Ministry of Home Affairs NEOC office page checked.
Bagmati,Sindhupalchok,Tripurasundari Rural Municipality,Travel & Tourism,Completed,1,2026-07-15,2026-07-15,Official Nepal Police Tourist Police source checked.
Bagmati,Sindhupalchok,Tripurasundari Rural Municipality,Information & Inquiry,Completed,3,2026-07-15,2026-07-15,"Official information officer, IT officer, and spokesperson contacts checked; information officer number conflict between staff and contact pages noted in row notes."
Bagmati,Sindhupalchok,Tripurasundari Rural Municipality,Ward Offices,Completed,11,2026-07-15,2026-07-15,"Official ward pages provide contact numbers for all 6 wards; the checked staff directory page publishes 5 ward secretary contacts, but ward-to-secretary mapping is not explicit for all entries."
Bagmati,Makwanpur,Hetauda Sub-Metropolitan City,Ward Offices,Completed,19,2026-07-16,2026-07-16,Official municipal ward index and all 19 ward pages checked. Each ward page publishes a direct Ward Contact Number.
Bagmati,Makwanpur,Hetauda Sub-Metropolitan City,Hospitals,Needs Review,8,2026-07-16,2026-07-17,"Expanded with the current official Nepal Police emergency directory: Makwanpur Cooperative Hospital, Churehill Hetauda Hospital, New Tribeni Polyclinic Hospital, and Prime International Polyclinic. Hetauda Community Eye Hospital was added from an older official municipal page and remains Needs Review. Broader private-facility coverage remains to be collected. Superseded/rechecked during 2026-07-26 hospital verification pass."
Bagmati,Makwanpur,Hetauda Sub-Metropolitan City,Police & Security,Completed,12,2026-07-16,2026-07-16,"Official Bagmati Province Nepal Police directory checked. Added district office, control room, women cell, crime investigation, traffic police, Ward Police Office Hetauda, and Hetauda-area police posts with published public contacts."
Bagmati,Makwanpur,Hetauda Sub-Metropolitan City,Electricity & Utilities,Completed,7,2026-07-16,2026-07-16,"Current official NEA and Hetauda Water Supply Management Board sources checked. Added distribution, local no-light, water-maintenance, billing, and general water-board contacts."
Bagmati,Makwanpur,Hetauda Sub-Metropolitan City,Health & Ambulance,Completed,12,2026-07-16,2026-07-16,"Official Nepal Police emergency directory adds an ambulance roster for Hetauda: Padam Pokhari Health Post, NRCS, Hetauda Cement, two Narayani transport groups, Rural Health, Moktan Samaj, and Harnamadi Health Post. It also independently confirms Hetauda Hospital ambulance contacts. Red Cross support contacts remain included."
Bagmati,Makwanpur,Hetauda Sub-Metropolitan City,Emergency Services,Completed,2,2026-07-16,2026-07-16,Official Bagmati Province Nepal Police emergency directory checked. Added the local fire-brigade office and driver contacts plus Hetauda Red Cross blood-service contact. National emergency codes are maintained centrally and not duplicated locally.
Bagmati,Makwanpur,Hetauda Sub-Metropolitan City,Government Services,Completed,15,2026-07-16,2026-07-16,"Current official Makwanpur DAO directory checked. Added 15 citizen-facing public service offices including administration, revenue, business, land, election, transport, labour, roads, public health, health insurance, postal, and municipal administration services."
Bagmati,Makwanpur,Hetauda Sub-Metropolitan City,Government Complaints,Completed,2,2026-07-16,2026-07-16,Official municipal and DAO grievance sources checked. Added the DAO's anonymous online grievance route and its current Information/Complaint Officer contact. No separate public municipal complaint line was exposed in this pass.
Bagmati,Makwanpur,Hetauda Sub-Metropolitan City,Women & Children,Completed,3,2026-07-17,2026-07-17,"Official municipal, provincial, police, and hospital sources checked. Added Hetauda Hospital paediatric service, the provincial Social Development Office women-empowerment support contact, and the municipal Women, Children and Inclusion Division head. National women and child helplines are maintained centrally."
Bagmati,Makwanpur,Hetauda Sub-Metropolitan City,Disaster & Rescue,Completed,5,2026-07-17,2026-07-17,"Current official municipal, DAO, Nepal Police, and emergency-directory sources checked. Added municipal disaster management, police control-room, armed police, field-ambulance, and disaster-recovery contacts."
Bagmati,Makwanpur,Thaha Municipality,Ward Offices,Completed,12,2026-07-17,2026-07-17,Official ward profiles and current ward-officials directory checked. Added a public role-linked contact for every ward. Ward 3 and Ward 12 need direct reconfirmation because the available official detail is older or internally inconsistent.
Bagmati,Makwanpur,Hetauda Sub-Metropolitan City,Travel & Tourism,Completed,0,2026-07-17,2026-07-17,Official Nepal Tourist Police and Department of Tourism sources checked. No dedicated Tourist Police post or separately published local tourism-support phone was found for Hetauda. The national Tourist Police hotline 1144 is already maintained centrally and was not duplicated locally.
Bagmati,Makwanpur,Thaha Municipality,Emergency Services,Completed,1,2026-07-17,2026-07-17,Official Bagmati Province Police emergency directory checked; added the locally listed fire-brigade contact.
Bagmati,Makwanpur,Thaha Municipality,Police & Security,Completed,2,2026-07-17,2026-07-17,Official Bagmati Province Police subordinate-office directory checked; added the local Area Police Office and Police Post contacts.
Bagmati,Makwanpur,Thaha Municipality,Health & Ambulance,Completed,7,2026-07-17,2026-07-17,Official Bagmati Province Police emergency directory checked; added every explicitly Thaha-labelled ambulance operator found.
Bagmati,Makwanpur,Thaha Municipality,Hospitals,Completed,7,2026-07-17,2026-07-30,"Completed 2026-07-30 after municipal and provincial facility searches. Seven public phone-bearing hospital/health-facility records are included; the municipal primary-health-centre source directly confirms Palung PHC and emergency contacts. Daman Health Post is known from the provincial facility register but has no public phone found, so it was not added."
Bagmati,Makwanpur,Thaha Municipality,Women & Children,Completed,1,2026-07-17,2026-07-17,Official municipal staff directory checked; added the publicly listed service-branch contact.
Bagmati,Makwanpur,Thaha Municipality,Information & Inquiry,Completed,1,2026-07-17,2026-07-17,Official municipal staff directory checked; added the Information Officer contact.
Bagmati,Makwanpur,Thaha Municipality,Government Services,Completed,1,2026-07-17,2026-07-17,Official municipal staff directory checked; added the Health Branch coordinator contact.
Bagmati,Makwanpur,Thaha Municipality,Police & Security,Completed,8,2026-07-17,2026-07-17,Supplemented the official Nepal Police office contacts with every municipal-police role contact published in the current municipal staff directory.
Bagmati,Makwanpur,Thaha Municipality,Electricity & Utilities,Completed,3,2026-07-17,2026-07-17,"Current official NEA Palung Distribution Center page checked; added the centre and the explicitly Thaha-local Palung and Bajrabarahi no-light contacts. Water-supply enquiries are already represented by the municipal Information, Water Supply and Tourism Branch contact."
Bagmati,Makwanpur,Thaha Municipality,Government Complaints,Completed,1,2026-07-17,2026-07-17,Official municipal contact page checked; it supplies public contact numbers alongside an online feedback form that explicitly includes complaints.
Bagmati,Makwanpur,Makawanpurgadhi Rural Municipality,Health & Ambulance,Needs Review,4,2026-07-17,2026-07-26,Official municipal staff and emergency-notice sources checked. One current Health Branch contact is verified; the published ambulance and two staff-nurse contacts are COVID-era and require reconfirmation before being treated as active emergency services. Superseded by the completed 2026-07-26 Health & Ambulance pass.
Bagmati,Makwanpur,Makawanpurgadhi Rural Municipality,Ward Offices,Needs Review,8,2026-07-17,,"The current official ward-office index and all eight linked ward profiles were checked. Each profile publishes a ward-chair contact, but they originated in 2018 and need current municipal confirmation before this category can be completed."
Bagmati,Makwanpur,Makawanpurgadhi Rural Municipality,Police & Security,Completed,3,2026-07-17,2026-07-17,Official Bagmati Province Police subordinate-office directory and current municipal-police staff directory checked; added the Area Police Office and every currently listed municipal-police contact.
Bagmati,Makwanpur,Makawanpurgadhi Rural Municipality,Health & Ambulance,Needs Review,2,2026-07-17,2026-07-26,"Added two local ambulance listings from the official Bagmati Province Police emergency directory. One primary number conflicts with an older ward profile, and all local ambulance operations need direct current confirmation. Superseded by the completed 2026-07-26 Health & Ambulance pass."
Bagmati,Makwanpur,Makawanpurgadhi Rural Municipality,Government Services,Completed,4,2026-07-17,2026-07-26,"Official current-staff and officeholder profiles checked; added executive, administration, health, and agriculture service contacts. Additional government branches still need review. Expanded/normalized during official staff and representatives pass on 2026-07-26."
Bagmati,Makwanpur,Makawanpurgadhi Rural Municipality,Women & Children,Completed,1,2026-07-19,2026-07-19,Current official municipal staff directory checked; added the dedicated Women and Children Development contact. Expanded/normalized during official staff and representatives pass on 2026-07-26.
Bagmati,Makwanpur,Makawanpurgadhi Rural Municipality,Disaster & Rescue,Needs Review,1,2026-07-19,,"Official municipal profile identifies a Disaster Management branch contact, but the individual profile needs current confirmation."
Bagmati,Makwanpur,Makawanpurgadhi Rural Municipality,Electricity & Utilities,Completed,1,2026-07-19,2026-07-19,Current official NEA no-light directory checked; added the explicitly Aambhanjyang-local electricity fault contact. No separately published local water-service phone was found. Superseded by expanded official utility pass on 2026-07-26.
Bagmati,Makwanpur,Makawanpurgadhi Rural Municipality,Government Complaints,Completed,1,2026-07-19,2026-07-19,Current official municipal staff directory checked; added the Local Justice Facilitator contact for legal and grievance support.
Bagmati,Makwanpur,Makawanpurgadhi Rural Municipality,Government Services,Completed,6,2026-07-19,2026-07-19,"Expanded the current official staff-directory coverage across animal/fisheries, finance, education, social security/civil registration, revenue/planning, and employment. Together with the earlier executive, administration, health, and agriculture entries, this covers the main published municipal branches. Expanded/normalized during official staff and representatives pass on 2026-07-26."
Bagmati,Makwanpur,Makawanpurgadhi Rural Municipality,Information & Inquiry,Completed,1,2026-07-19,2026-07-19,Current official municipal staff directory checked; added the Information and Technology Branch public contact. The Health Branch Information Officer is already recorded under Health & Ambulance and was not duplicated. Expanded/normalized during official staff and representatives pass on 2026-07-26.
Bagmati,Makwanpur,Makawanpurgadhi Rural Municipality,Hospitals,Completed,8,2026-07-19,2026-07-26,"Official profiles for all eight wards were checked and each names a health-facility lead with a phone number. The profiles were originally published in 2018, requiring operational reconfirmation before this category can be completed. Current official search on 2026-07-26 did not find cleaner direct facility numbers; keep row-level Needs Review for historic ward-profile contacts. Superseded by 2026-07-26 permanent health-institution SIM/contact notice pass."
Bagmati,Makwanpur,Bakaiya Rural Municipality,Ward Offices,Completed,12,2026-07-19,2026-07-19,Current official staff directory checked; added the publicly listed Ward Secretary contact for all twelve wards.
Bagmati,Makwanpur,Bakaiya Rural Municipality,Government Services,Completed,6,2026-07-19,2026-07-19,"Current official staff directory checked; added the core published administration, planning, finance, education, agriculture, and employment contacts."
Bagmati,Makwanpur,Bakaiya Rural Municipality,Information & Inquiry,Completed,1,2026-07-19,2026-07-19,Current official staff directory checked; added the public Information Officer contact.
Bagmati,Makwanpur,Bakaiya Rural Municipality,Women & Children,Completed,1,2026-07-19,2026-07-19,Current official staff directory checked; added the municipal Women Development service contact.
Bagmati,Makwanpur,Bakaiya Rural Municipality,Health & Ambulance,Completed,1,2026-07-19,2026-07-26,Current official staff directory checked; added the municipal Health Coordinator. Facility and ambulance contacts remain to be collected. Superseded/rechecked during 2026-07-26 batch pass.
Bagmati,Makwanpur,Bakaiya Rural Municipality,Hospitals,Completed,4,2026-07-19,2026-07-26,Official Bagmati Province Police emergency directory checked; added four publicly listed health-facility contacts in Bakaiya localities. Confirm present operating status with facility or municipality before marking complete. Superseded/rechecked during 2026-07-26 batch pass.
Bagmati,Makwanpur,Bakaiya Rural Municipality,Health & Ambulance,Completed,2,2026-07-19,2026-07-26,Official Bagmati Province Police emergency directory checked; added both explicitly listed Bakaiya ambulance operators. Reconfirm operational availability before category completion. Superseded/rechecked during 2026-07-26 batch pass.
Bagmati,Makwanpur,Bakaiya Rural Municipality,Police & Security,Completed,2,2026-07-19,2026-07-26,"Official police subordinate-office directory checked; added Thingan Area Police Office and Hattisunde Police Post. The source names localities rather than current Palika/ward, so the locality mapping needs review. Superseded/rechecked during 2026-07-26 batch pass."
Bagmati,Makwanpur,Bakaiya Rural Municipality,Electricity & Utilities,Completed,1,2026-07-19,2026-07-26,Current official NEA no-light directory checked; added Chhatiwan outage contact. A current local water-service telephone contact was not found. Superseded/rechecked during 2026-07-26 batch pass.
Bagmati,Makwanpur,Bakaiya Rural Municipality,Government Services,Completed,12,2026-07-19,2026-07-19,"Expanded the current official municipal staff-directory coverage across social development, infrastructure/environment, audit, ICT, technical, animal, employment, education, micro-enterprise, and agriculture services."
Bagmati,Makwanpur,Bakaiya Rural Municipality,Emergency Services,Completed,2,2026-07-19,2026-07-19,Official MoHA and Nepal Police emergency sources checked; added national emergency coordination 1112 and Police Control 100 coverage.
Bagmati,Makwanpur,Bakaiya Rural Municipality,Disaster & Rescue,Completed,1,2026-07-19,2026-07-19,Official MoHA NEOC page checked; added national disaster-response coordination hotline 1149. No separate Bakaiya disaster-desk phone was published in the sources checked.
Bagmati,Makwanpur,Bakaiya Rural Municipality,Government Complaints,Completed,1,2026-07-19,2026-07-19,Official municipal contact page checked; it explicitly offers a complaint submission option and publishes municipal contact details.
Bagmati,Makwanpur,Bakaiya Rural Municipality,Travel & Tourism,Completed,2,2026-07-19,2026-07-19,Official provincial and national tourism sources checked; added Bagmati tourism information and Nepal Tourism Board tourism-crisis support. No dedicated Bakaiya tourism office phone was located.
Bagmati,Makwanpur,Bagmati Rural Municipality,Government Services,Completed,8,2026-07-19,2026-07-26,"Current official staff directory checked; added core administration, animal development, infrastructure, employment, audit, and agriculture contacts. Additional published branches remain. Superseded/rechecked during 2026-07-26 batch pass."
Bagmati,Makwanpur,Bagmati Rural Municipality,Health & Ambulance,Completed,2,2026-07-19,2026-07-26,Current official staff directory checked; added two Health Branch contacts. Facility and ambulance contacts remain to be collected. Superseded/rechecked during 2026-07-26 batch pass.
Bagmati,Makwanpur,Bagmati Rural Municipality,Information & Inquiry,Completed,1,2026-07-19,2026-07-19,Current official staff directory checked; added the published Information Officer contact.
Bagmati,Makwanpur,Bagmati Rural Municipality,Government Complaints,Completed,2,2026-07-19,2026-07-19,Current official staff directory checked; added the Grievance Hearing Officer and Judicial Facilitator contacts.
Bagmati,Makwanpur,Bagmati Rural Municipality,Women & Children,Completed,1,2026-07-19,2026-07-19,Current official staff directory checked; added the public psychosocial-support contact in Social Development.
Bagmati,Makwanpur,Bagmati Rural Municipality,Ward Offices,In Progress,1,2026-07-19,2026-07-26,Official Ward 1 page checked; added its office contact. Wards 2-9 remain to be collected. Superseded/rechecked during 2026-07-26 batch pass.
Bagmati,Makwanpur,Bagmati Rural Municipality,Health & Ambulance,Completed,3,2026-07-19,2026-07-26,Official Bagmati Province Police emergency directory checked; added all three explicitly Bagmati-linked ambulance operators. Reconfirm operational availability before completion. Superseded/rechecked during 2026-07-26 batch pass.
Bagmati,Makwanpur,Bagmati Rural Municipality,Electricity & Utilities,Completed,1,2026-07-19,2026-07-26,Current official NEA no-light directory checked; added Phaparbari outage contact. A current local water-service telephone contact was not found. Superseded/rechecked during 2026-07-26 batch pass.
Bagmati,Makwanpur,Bagmati Rural Municipality,Ward Offices,Needs Review,8,2026-07-19,2026-07-26,"Official Ward 2-9 pages checked; added publicly listed secretary and chairperson contacts for every ward. The pages were originally published in 2022, requiring a current municipal cross-check before category completion. Superseded/rechecked during 2026-07-26 batch pass."
Bagmati,Makwanpur,Bagmati Rural Municipality,Police & Security,Completed,2,2026-07-19,2026-07-19,Current official police office directory checked; added Phaparbari Area Police Office and Jhurjhure Police Post.
Bagmati,Makwanpur,Bagmati Rural Municipality,Emergency Services,Completed,2,2026-07-19,2026-07-19,Official MoHA and Bagmati Province Police emergency pages checked; added 1112 emergency coordination and Police Control 100 coverage.
Bagmati,Makwanpur,Bagmati Rural Municipality,Disaster & Rescue,Completed,1,2026-07-19,2026-07-19,Official MoHA NEOC page checked; added disaster-response coordination hotline 1149. No separate municipal disaster-desk phone was published in the sources checked.
Bagmati,Makwanpur,Bagmati Rural Municipality,Travel & Tourism,Completed,3,2026-07-19,2026-07-19,"Official provincial and national tourism sources checked; added Bagmati tourism information, Tourism Crisis Unit, and Tourist Police coverage. No dedicated municipal tourism office phone was located."
Bagmati,Makwanpur,Bagmati Rural Municipality,Government Services,Completed,11,2026-07-20,2026-07-20,"Expanded current official staff-directory coverage across infrastructure/environment, social development, planning, administration, and micro-enterprise service contacts. The central office record was also refreshed with current public municipality numbers."
Bagmati,Makwanpur,Bagmati Rural Municipality,Information & Inquiry,Completed,1,2026-07-20,2026-07-20,Current official staff directory checked; added the Social Development MIS Operator public contact alongside the existing Information Officer.
Bagmati,Makwanpur,Kailash Rural Municipality,Government Services,Completed,14,2026-07-21,2026-07-26,"Current official staff directory checked; added core administration, finance, education, planning, technical, revenue, employment, store, agriculture, and animal-service contacts. Superseded/rechecked during 2026-07-26 batch pass."
Bagmati,Makwanpur,Kailash Rural Municipality,Health & Ambulance,Needs Review,3,2026-07-21,,Current official staff directory checked; added Health Branch contacts. Facility and ambulance contacts remain to be collected. Superseded/rechecked during 2026-07-26 batch pass; local ambulance rows still require field confirmation.
Bagmati,Makwanpur,Kailash Rural Municipality,Women & Children,Completed,1,2026-07-21,2026-07-21,Current official staff directory checked; added the municipal Women and Children Branch contact.
Bagmati,Makwanpur,Kailash Rural Municipality,Health & Ambulance,Needs Review,2,2026-07-21,,Official Bagmati Province Police emergency directory checked; added both explicitly listed Kailash ambulance operators. Reconfirm operational availability before completion.
Bagmati,Makwanpur,Kailash Rural Municipality,Emergency Services,Completed,2,2026-07-21,2026-07-21,Official MoHA and Bagmati Province Police emergency pages checked; added emergency coordination 1112 and Police Control 100 coverage.
Bagmati,Makwanpur,Kailash Rural Municipality,Disaster & Rescue,Completed,1,2026-07-21,2026-07-21,Official MoHA NEOC page checked; added disaster-response coordination hotline 1149. No separate municipal disaster-desk phone was published in the sources checked.
Bagmati,Makwanpur,Kailash Rural Municipality,Ward Offices,Completed,10,2026-07-22,2026-07-30,All ten municipal ward profiles were rechecked. Each remains publicly accessible on the official Kailash Municipality website and publishes a ward contact number; those numbers are now the primary contacts. Named staff/officeholder details originate in 2018 profile content and are retained only as secondary historical context.
Bagmati,Makwanpur,Kailash Rural Municipality,Police & Security,Needs Review,10,2026-07-22,,"Current official Bagmati Province Police directory confirms Police Post Bharta and 8 district-support contacts, including control room, Women Cell, information officer, communications, operations and crime investigation. The previously captured Namtar temporary-post number is absent from the current directory and requires manual operational-status verification; category remains Needs Review."
Bagmati,Makwanpur,Kailash Rural Municipality,Travel & Tourism,Completed,4,2026-07-22,2026-07-30,"Official Nepal Tourism Board, Kailash Municipality and Bagmati Tourism Ministry sources were checked. No dedicated Kailash tourism-office phone was published. Added the current Bagmati Tourism Ministry Hetauda visitor-support and information contact as district-level coverage."
Bagmati,Makwanpur,Kailash Rural Municipality,Government Complaints,Completed,1,2026-07-22,2026-07-22,Official municipal contact page checked; it explicitly provides a complaint submission option and public municipal contact channels. No dedicated complaint hotline was published.
Bagmati,Makwanpur,Kailash Rural Municipality,Hospitals,Completed,3,2026-07-22,2026-07-26,"Official municipal RTI disclosure checked; added Diko, Bharti Punyadevi, and Namtar Health Posts. Other facilities were identified but did not expose public phone numbers in this source. Superseded/rechecked during 2026-07-26 batch pass."
Bagmati,Makwanpur,Kailash Rural Municipality,Electricity & Utilities,Completed,3,2026-07-22,2026-07-26,"Official NEA sources checked; added explicit Namtar outage line, Hetauda Distribution Center, and the division office covering Makwanpur. No water-supply operator contact was publicly published in sources checked. Superseded/rechecked during 2026-07-26 batch pass."
Bagmati,Makwanpur,Kailash Rural Municipality,Women & Children,Completed,6,2026-07-22,2026-07-30,"Official municipality, National Women Commission, National Child Rights Council, FPAN, and Makwanpur DAO plan sources were checked. Added Maiti Nepal Makwanpur, FPAN Makwanpur, and CWIN Makwanpur district support contacts. All six records have public source URLs and verification status."
Bagmati,Makwanpur,Kailash Rural Municipality,Government Services,Completed,6,2026-07-22,2026-07-26,"Current official municipal staff and officials directories checked; added technical, social-security, enterprise, education, and elected-executive contacts. Superseded/rechecked during 2026-07-26 batch pass."
Bagmati,Makwanpur,Kailash Rural Municipality,Health & Ambulance,Needs Review,1,2026-07-22,,Current official staff directory checked; added municipal Nutrition Facilitator contact. Ambulance availability remains to be reconfirmed. Superseded/rechecked during 2026-07-26 batch pass; local ambulance rows still require field confirmation.
Bagmati,Makwanpur,Kailash Rural Municipality,Disaster & Rescue,Completed,6,2026-07-22,2026-07-30,"Official national and DAO disaster sources rechecked. The current Makwanpur 2082 monsoon response plan added Kailash disaster focal and technical contacts, APF No. 14 Battalion's disaster focal contact, and Nepal Red Cross Gogane Sub-Branch. All six records have public official sources."
Bagmati,Makwanpur,Kailash Rural Municipality,Police & Security,Needs Review,10,2026-07-22,,"Current official Bagmati Province Police directory confirms Police Post Bharta and 8 district-support contacts, including control room, Women Cell, information officer, communications, operations and crime investigation. The previously captured Namtar temporary-post number is absent from the current directory and requires manual operational-status verification; category remains Needs Review."
Bagmati,Makwanpur,Kailash Rural Municipality,Other,Completed,54,2026-07-22,2026-07-30,"Reconciled official 2076 DOE school directory: added 17 unmatched school contacts, retained 31 exact matches and one spelling variant with an existing official-source record. All historic-directory contacts require current-number verification."
Bagmati,Makwanpur,Raksirang Rural Municipality,Government Services,Completed,19,2026-07-22,2026-07-26,"Current official municipal staff directory checked; added core administration, planning, engineering, finance, employment, social security, agriculture, animal, education, and judicial-service contacts. Superseded/rechecked during 2026-07-26 batch pass."
Bagmati,Makwanpur,Raksirang Rural Municipality,Government Complaints,Completed,1,2026-07-22,2026-07-22,Current official municipal staff directory lists the Grievance Hearing Officer.
Bagmati,Makwanpur,Raksirang Rural Municipality,Information & Inquiry,Completed,1,2026-07-22,2026-07-22,Current official municipal staff directory lists the Information Officer.
Bagmati,Makwanpur,Raksirang Rural Municipality,Ward Offices,Completed,6,2026-07-22,2026-07-26,"Current official staff directory lists public Ward Secretary contacts for wards 1, 3, 4, 5, 6, and 8. Remaining ward contacts require ward-page research. Superseded/rechecked during 2026-07-26 batch pass."
Bagmati,Makwanpur,Raksirang Rural Municipality,Ward Offices,Completed,3,2026-07-22,2026-07-22,"Current official officials directory supplied Ward Chairperson contacts for all wards. Added wards 2, 7, and 9; merged chair contacts into existing current secretary records for the other six wards."
Bagmati,Makwanpur,Raksirang Rural Municipality,Emergency Services,Completed,2,2026-07-22,2026-07-22,Official MoHA and police sources checked; added national emergency coordination 1112 and Police Control 100 coverage.
Bagmati,Makwanpur,Raksirang Rural Municipality,Disaster & Rescue,Completed,2,2026-07-22,2026-07-22,Official MoHA and Makwanpur DAO sources checked; added NEOC 1149 and district disaster-management coordination.
Bagmati,Makwanpur,Raksirang Rural Municipality,Women & Children,Completed,2,2026-07-22,2026-07-22,Official National Women Commission and National Child Rights Council sources checked; added 24/7 women-protection 1145 and Makwanpur-available child helpline 1098.
Bagmati,Makwanpur,Raksirang Rural Municipality,Travel & Tourism,Completed,3,2026-07-22,2026-07-22,"Official Nepal Tourism Board crisis page checked; added tourism-crisis, Tourist Police, and NTB information coverage."
Bagmati,Makwanpur,Raksirang Rural Municipality,Other,Completed,54,2026-07-22,2026-07-22,Current official municipal school directory checked; added all 54 published school contacts.
Bagmati,Makwanpur,Raksirang Rural Municipality,Electricity & Utilities,Completed,1,2026-07-22,2026-07-26,Official NEA Hetauda Distribution Center checked; added distribution-center coverage. No Raksirang-specific outage or water-provider phone was published in sources checked. Superseded/rechecked during 2026-07-26 batch pass.
Bagmati,Makwanpur,Makawanpurgadhi Rural Municipality,Government Services,Completed,9,2026-07-22,2026-07-26,"Current official staff and officials directories checked; added core administration, finance, education, technical, agriculture, social-security, animal-service, and executive contacts. Palika spelling normalized to Makawanpurgadhi on 2026-07-26. Expanded/normalized during official staff and representatives pass on 2026-07-26."
Bagmati,Makwanpur,Makawanpurgadhi Rural Municipality,Health & Ambulance,Completed,8,2026-07-22,2026-07-26,"Official municipal staff/profile pages, Bagmati Province Police emergency directory, HEOC Ambulance Nepal, and Public Health Office Makawanpur sources checked. Health branch contacts were merged, local ambulance rows retained from official police directory, national 102 and district PHO coverage added. Older COVID-era emergency contacts remain row-level Needs Review."
Bagmati,Makwanpur,Makawanpurgadhi Rural Municipality,Information & Inquiry,Completed,1,2026-07-22,2026-07-22,Current official municipal role directory lists the public Information Officer. Palika spelling normalized to Makawanpurgadhi on 2026-07-26. Expanded/normalized during official staff and representatives pass on 2026-07-26.
Bagmati,Makwanpur,Makawanpurgadhi Rural Municipality,Ward Offices,Needs Review,4,2026-07-23,,"Official ward pages checked; added wards 2, 3, 7, and 8. Pages for wards 2, 3, and 8 were published in 2018, so assignments require reconfirmation. Palika spelling normalized to Makawanpurgadhi on 2026-07-26."
Bagmati,Makwanpur,Makawanpurgadhi Rural Municipality,Hospitals,Completed,3,2026-07-23,2026-07-26,"Official Ward 2, 3, and 8 pages publish health-institution head contacts, but the pages are from 2018. Palika spelling normalized to Makawanpurgadhi on 2026-07-26. Current official search on 2026-07-26 did not find cleaner direct facility numbers; keep row-level Needs Review for historic ward-profile contacts. Superseded by 2026-07-26 permanent health-institution SIM/contact notice pass."
Bagmati,Makwanpur,Makawanpurgadhi Rural Municipality,Emergency Services,Completed,2,2026-07-23,2026-07-23,Official MoHA and police sources checked; added 1112 and Police Control 100. Palika spelling normalized to Makawanpurgadhi on 2026-07-26.
Bagmati,Makwanpur,Makawanpurgadhi Rural Municipality,Disaster & Rescue,Completed,2,2026-07-23,2026-07-23,Official MoHA and Makwanpur DAO sources checked; added NEOC 1149 and DAO disaster coordination. Palika spelling normalized to Makawanpurgadhi on 2026-07-26.
Bagmati,Makwanpur,Makawanpurgadhi Rural Municipality,Women & Children,Completed,2,2026-07-23,2026-07-23,Official NWC and NCRC sources checked; added women-protection 1145 and child helpline 1098. Palika spelling normalized to Makawanpurgadhi on 2026-07-26. Expanded/normalized during official staff and representatives pass on 2026-07-26.
Bagmati,Makwanpur,Makawanpurgadhi Rural Municipality,Police & Security,Needs Review,4,2026-07-23,,"Official police and DAO sources checked; added Makwanpur district police office, control room, Women Cell, and APF coverage. No confirmed Makwanpurgadhi-local post was found. Palika spelling normalized to Makawanpurgadhi on 2026-07-26."
Bagmati,Makwanpur,Makawanpurgadhi Rural Municipality,Electricity & Utilities,Completed,1,2026-07-23,2026-07-26,Official NEA Hetauda Distribution Center checked; added district-level coverage. No local outage or water-service number was published. Palika spelling normalized to Makawanpurgadhi on 2026-07-26. Superseded by expanded official utility pass on 2026-07-26.
Bagmati,Makwanpur,Makawanpurgadhi Rural Municipality,Travel & Tourism,Completed,3,2026-07-23,2026-07-23,"Official Nepal Tourism Board crisis page checked; added tourism-crisis, Tourist Police, and NTB information coverage. Palika spelling normalized to Makawanpurgadhi on 2026-07-26. Expanded/normalized during official staff and representatives pass on 2026-07-26."
Bagmati,Makwanpur,Makawanpurgadhi Rural Municipality,Ward Offices,Completed,8,2026-07-23,2026-07-30,Completed 2026-07-30. The current official ward-office index and all eight municipality-hosted ward profiles were checked. Each ward has a public phone-bearing official profile.
Bagmati,Makwanpur,Makawanpurgadhi Rural Municipality,Hospitals,Completed,4,2026-07-23,2026-07-26,"Official Ward 1, 4, 5, and 6 pages publish local health-institution contacts. All are historic municipal pages and require reconfirmation. Palika spelling normalized to Makawanpurgadhi on 2026-07-26. Current official search on 2026-07-26 did not find cleaner direct facility numbers; keep row-level Needs Review for historic ward-profile contacts. Superseded by 2026-07-26 permanent health-institution SIM/contact notice pass."
Bagmati,Makwanpur,Makawanpurgadhi Rural Municipality,Government Services,Completed,1,2026-07-23,2026-07-26,Added the publicly listed Ward 1 animal-service contact from the official historic ward page. Further official service-directory searching remains. Palika spelling normalized to Makawanpurgadhi on 2026-07-26. Expanded/normalized during official staff and representatives pass on 2026-07-26.
Bagmati,Makwanpur,Makawanpurgadhi Rural Municipality,Police & Security,Completed,1,2026-07-23,2026-07-23,Official municipal police staff page added local municipal-police contacts; official police and district-coverage sources had already been checked. Palika spelling normalized to Makawanpurgadhi on 2026-07-26.
Bagmati,Makwanpur,Makawanpurgadhi Rural Municipality,Government Services,Completed,1,2026-07-23,2026-07-23,Official municipal staff and service-role pages checked; added the Employment Service Centre contact alongside the municipal office and listed service branches. Palika spelling normalized to Makawanpurgadhi on 2026-07-26. Expanded/normalized during official staff and representatives pass on 2026-07-26.
Bagmati,Makwanpur,Bhimphedi Rural Municipality,Government Services,Completed,29,2026-07-23,2026-07-26,Started with the main office and 28 current role contacts from the official municipal staff directory. Additional pages and public service categories remain to be searched. Superseded/rechecked during 2026-07-26 batch pass.
Bagmati,Makwanpur,Bhimphedi Rural Municipality,Emergency Services,Completed,2,2026-07-23,2026-07-23,Official MoHA and police sources checked; added 1112 and Police Control 100.
Bagmati,Makwanpur,Bhimphedi Rural Municipality,Police & Security,Needs Review,4,2026-07-23,,Official police and DAO sources checked; added district coverage. The provincial directory did not expose a current direct Bhimphedi-post number; conflicting public-directory results were excluded.
Bagmati,Makwanpur,Bhimphedi Rural Municipality,Disaster & Rescue,Completed,2,2026-07-23,2026-07-23,Official MoHA and Makwanpur DAO sources checked; added NEOC and district disaster coordination.
Bagmati,Makwanpur,Bhimphedi Rural Municipality,Women & Children,Completed,2,2026-07-23,2026-07-23,Official NWC and NCRC sources checked; added 1145 and 1098.
Bagmati,Makwanpur,Bhimphedi Rural Municipality,Health & Ambulance,Completed,4,2026-07-23,2026-07-26,Official health staff pages checked; added four public health-role contacts. The municipality advertises ambulance procurement but no dispatch number was published. Superseded/rechecked during 2026-07-26 batch pass.
Bagmati,Makwanpur,Bhimphedi Rural Municipality,Ward Offices,Completed,3,2026-07-23,2026-07-26,"Official ward pages for all nine wards were checked. Added current official ward-chair profile contacts for Wards 3, 4, and 7; historic ward pages for other wards require reconfirmation. Superseded/rechecked during 2026-07-26 batch pass."
Bagmati,Makwanpur,Bhimphedi Rural Municipality,Hospitals,Needs Review,2,2026-07-23,,Official municipal pages confirm Bhimphedi PHC but do not publish a facility number. Added a public directory facility line and clinical-trial registry medical-officer contact as review-required records.
Bagmati,Makwanpur,Bhimphedi Rural Municipality,Electricity & Utilities,Completed,3,2026-07-23,2026-07-23,"Official NEA source checked; added Hetauda Distribution Center, Bhimphedi no-light service, and Kulekhani I hydropower office coverage."
Bagmati,Makwanpur,Bhimphedi Rural Municipality,Government Services,Completed,2,2026-07-23,2026-07-23,Official staff directory and current municipal homepage checked; added chairperson and vice-chairperson to the already collected municipal service contacts.
Bagmati,Makwanpur,Bhimphedi Rural Municipality,Travel & Tourism,Completed,3,2026-07-23,2026-07-23,"Official Nepal Tourism Board crisis page checked; added tourism-crisis, Tourist Police, and NTB information coverage."
Bagmati,Makwanpur,Bhimphedi Rural Municipality,Information & Inquiry,Completed,1,2026-07-23,2026-07-23,Official municipal staff directory checked; added the designated Information Officer contact.
Bagmati,Makwanpur,Bhimphedi Rural Municipality,Government Complaints,Completed,1,2026-07-23,2026-07-23,Official municipal contact page checked; it provides a complaints/feedback channel and public office contacts.
Bagmati,Makwanpur,Bhimphedi Rural Municipality,Ward Offices,Completed,2,2026-07-23,2026-07-26,"Added complete historic official Ward 1 and Ward 2 contacts. Current chair profiles exist for Wards 3, 4, and 7. Official sources for the remaining wards could not be reliably retrieved and require further verification. Superseded/rechecked during 2026-07-26 batch pass."
Bagmati,Makwanpur,Indrasarowar Rural Municipality,Government Services,Completed,4,2026-07-23,2026-07-26,"Official municipal homepage and provincial fisheries-centre page checked; added CAO, chairperson, vice-chairperson, and Fisheries Development Centre contacts. Superseded by official recheck/category cleanup on 2026-07-26."
Bagmati,Makwanpur,Indrasarowar Rural Municipality,Information & Inquiry,Completed,1,2026-07-23,2026-07-23,Official municipal homepage checked; added current Information Officer contact.
Bagmati,Makwanpur,Indrasarowar Rural Municipality,Ward Offices,Completed,5,2026-07-23,2026-07-23,Official officials directory checked; current contacts for all five ward chairs were added.
Bagmati,Makwanpur,Indrasarowar Rural Municipality,Emergency Services,Completed,2,2026-07-23,2026-07-23,Official MoHA and police sources checked; added 1112 and Police Control 100.
Bagmati,Makwanpur,Indrasarowar Rural Municipality,Police & Security,Completed,4,2026-07-23,2026-07-26,Official police and DAO sources checked; added district coverage. No confirmed direct Indrasarowar-post number was published. Superseded by official recheck/category cleanup on 2026-07-26.
Bagmati,Makwanpur,Indrasarowar Rural Municipality,Disaster & Rescue,Completed,2,2026-07-23,2026-07-23,Official MoHA and Makwanpur DAO sources checked; added NEOC and district disaster coordination.
Bagmati,Makwanpur,Indrasarowar Rural Municipality,Women & Children,Completed,2,2026-07-23,2026-07-23,Official NWC and NCRC sources checked; added 1145 and 1098.
Bagmati,Makwanpur,Indrasarowar Rural Municipality,Health & Ambulance,Completed,4,2026-07-23,2026-07-26,"Official municipal health staff pages checked; added Health Section, Fakhel Health Post, and Markhu Health Post contacts. Official health report confirms a functional Sisneri Health Post ambulance but publishes no dispatch number. Superseded by official recheck/category cleanup on 2026-07-26."
Bagmati,Makwanpur,Indrasarowar Rural Municipality,Government Services,Completed,18,2026-07-23,2026-07-23,"Official municipal staff directory checked; added 18 current public contacts covering education, ward administration, agriculture, livestock, finance, ICT, survey, and technical services. Superseded by official recheck/category cleanup on 2026-07-26."
Bagmati,Makwanpur,Indrasarowar Rural Municipality,Travel & Tourism,Completed,3,2026-07-23,2026-07-23,"Official Nepal Tourism Board crisis page checked; added tourism-crisis, Tourist Police, and NTB information coverage."
Bagmati,Makwanpur,Indrasarowar Rural Municipality,Government Complaints,Completed,1,2026-07-23,2026-07-23,"Official municipal grievance page checked; it provides complaints, questions, and suggestions through the designated Information Officer."
Bagmati,Makwanpur,Indrasarowar Rural Municipality,Other,Completed,28,2026-07-23,2026-07-30,Merged 25 valid DOE directory school contacts with three existing historic official school records. All published school contacts are retained as Needs Review pending current-number verification.
Bagmati,Makwanpur,Manahari Rural Municipality,Government Services,Completed,11,2026-07-23,2026-07-24,Superseded by the later completed Government Services expansion on 2026-07-24; retained for audit trail.
Bagmati,Makwanpur,Manahari Rural Municipality,Information & Inquiry,Completed,1,2026-07-23,2026-07-23,Official staff directory checked; added designated Information Officer contact.
Bagmati,Makwanpur,Manahari Rural Municipality,Government Complaints,Completed,2,2026-07-23,2026-07-24,Official staff directory and Hello Sarkar official complaint portal checked; added municipal grievance officer plus national 1111 complaint channel.
Bagmati,Makwanpur,Manahari Rural Municipality,Health & Ambulance,Completed,8,2026-07-23,2026-07-24,"Official municipal staff directory, official Bagmati Province Police emergency directory, HEOC Ambulance Nepal page, and Public Health Office Makawanpur page checked. Added Manahari health branch, Khairang Health Post, four local ambulance operators, national 102 ambulance coverage, and district public-health office coverage."
Bagmati,Makwanpur,Manahari Rural Municipality,Emergency Services,Completed,4,2026-07-23,2026-07-24,"Official MoHA and police sources checked; added emergency coordination 1112, Police Control 100, district fire-brigade coverage, and Makwanpur blood-bank emergency support."
Bagmati,Makwanpur,Manahari Rural Municipality,Police & Security,Completed,6,2026-07-23,2026-07-24,"Official Bagmati Province Police, Nepal Police national emergency-contact, and DAO sources checked. Added direct Area Police Office Manahari contact and national traffic helpline coverage in addition to district police, control-room, women-cell, and APF district coverage."
Bagmati,Makwanpur,Manahari Rural Municipality,Disaster & Rescue,Completed,2,2026-07-23,2026-07-23,Official MoHA and Makwanpur DAO sources checked; added NEOC and district disaster coordination.
Bagmati,Makwanpur,Manahari Rural Municipality,Women & Children,Completed,2,2026-07-23,2026-07-23,Official NWC and NCRC sources checked; added 1145 and 1098.
Bagmati,Makwanpur,Manahari Rural Municipality,Ward Offices,Completed,9,2026-07-24,2026-07-24,"Dedicated Ward Offices category now covers all 9 wards. Wards 1, 2, 3, 4, 5, 6, 7, and 8 are backed by the current official staff directory; Ward 9 is retained from the official historic ward page and remains Needs Review at row level."
Bagmati,Makwanpur,Manahari Rural Municipality,Electricity & Utilities,Completed,2,2026-07-24,2026-07-24,Official NEA Hetauda Distribution Center page checked; added distribution-centre and Manahari no-light service contacts.
Bagmati,Makwanpur,Manahari Rural Municipality,Travel & Tourism,Completed,3,2026-07-24,2026-07-24,"Official Nepal Tourism Board crisis page checked; added tourism-crisis, Tourist Police, and NTB information coverage."
Bagmati,Makwanpur,Manahari Rural Municipality,Ward Offices,Completed,2,2026-07-24,2026-07-24,Merged into the completed Ward Offices pass on 2026-07-24; see the main Ward Offices tracker row for all 9 wards.
Bagmati,Makwanpur,Manahari Rural Municipality,Government Services,Completed,32,2026-07-24,2026-07-24,"Expanded from current official staff-directory pages across administration, social development, finance, ICT, technical, agriculture, livestock, employment, survey, planning, social-security, judicial, and enterprise services. Main published municipal service branches now have contact coverage."
Bagmati,Makwanpur,Manahari Rural Municipality,Women & Children,Completed,3,2026-07-24,2026-07-24,Expanded official municipal staff-directory coverage with psychosocial counselling and Women/Children Section contacts. One branch contact overlaps an older ward-office phone and is flagged Needs Review.
Bagmati,Makwanpur,Manahari Rural Municipality,Hospitals,Completed,1,2026-07-24,2026-07-24,Official Bagmati Province Police emergency hospital directory checked; added Manahari Primary Health Center contact. No separate official municipal hospital switchboard was found in this pass.
Bagmati,Makwanpur,Makawanpurgadhi Rural Municipality,Other,Completed,41,2026-07-26,2026-07-30,Added 41 valid official-DOE directory school contacts after prior spelling and duplicate cleanup. All historic-directory contacts require current-number verification.
Bagmati,Makwanpur,Makawanpurgadhi Rural Municipality,Emergency Services,Completed,2,2026-07-26,2026-07-26,Official Bagmati Province Police emergency directory checked; added district fire-brigade and blood-bank emergency support coverage.
Bagmati,Makwanpur,Makawanpurgadhi Rural Municipality,Police & Security,Completed,1,2026-07-26,2026-07-26,Official Nepal Traffic Police helpline page checked; added 103 traffic-police helpline coverage alongside existing local/district police rows.
Bagmati,Makwanpur,Makawanpurgadhi Rural Municipality,Government Complaints,Completed,1,2026-07-26,2026-07-26,Official Hello Sarkar complaint portal checked; added national 1111 complaint channel alongside the existing municipal legal/grievance contact.
Bagmati,Makwanpur,Makawanpurgadhi Rural Municipality,Hospitals,Completed,0,2026-07-26,2026-07-26,Additional official web search checked for Makawanpurgadhi Hospital / health facility contacts. No newer official direct hospital switchboard was found; existing eight ward health-facility contacts remain sourced to official but older ward profiles. Superseded by 2026-07-26 permanent health-institution SIM/contact notice pass.
Bagmati,Makwanpur,Makawanpurgadhi Rural Municipality,Electricity & Utilities,Completed,4,2026-07-26,2026-07-26,"Expanded official utility batch: normalized Hetauda Distribution Center row, retained Aambhanjyang no-light row, and added NEA Bagmati division, Hetauda fuse service, NEA central information, and Water Supply/Sanitation Division No. 1 Hetauda. Official municipal WASH pages were checked but did not publish a separate municipal water-service phone."
Bagmati,Makwanpur,Makawanpurgadhi Rural Municipality,Government Services,Completed,2,2026-07-26,2026-07-26,"Official staff and representatives pages checked in batch. Added internal audit and legal branch contacts; merged additional agriculture, finance, education, social-security, employment, and technical contacts into existing rows; normalized remaining MPG IDs. One older ward-level livestock service row remains row-level Needs Review."
Bagmati,Makwanpur,Makawanpurgadhi Rural Municipality,Information & Inquiry,Completed,1,2026-07-26,2026-07-26,Added main municipal office inquiry row from official website header/footer and normalized previous information-officer ID.
Bagmati,Makwanpur,Makawanpurgadhi Rural Municipality,Electricity & Utilities,Completed,1,2026-07-26,2026-07-26,Added municipal water/sanitation technical-service staff contact from the official municipal staff page.
Bagmati,Makwanpur,Makawanpurgadhi Rural Municipality,Emergency Services,Completed,0,2026-07-26,2026-07-26,No new contacts added in this pass; remaining Makawanpurgadhi emergency/police/disaster MPG-prefixed IDs were normalized to MGD sequence while preserving official sources and verification.
Bagmati,Makwanpur,Makawanpurgadhi Rural Municipality,Police & Security,Completed,0,2026-07-26,2026-07-26,No new contacts added in this pass; remaining Makawanpurgadhi emergency/police/disaster MPG-prefixed IDs were normalized to MGD sequence while preserving official sources and verification.
Bagmati,Makwanpur,Makawanpurgadhi Rural Municipality,Disaster & Rescue,Completed,3,2026-07-26,2026-07-30,Completed 2026-07-30. Current municipal staff directory confirms the local Disaster Management branch contact; official DAO Makwanpur and NEOC escalation contacts are also included.
Bagmati,Makwanpur,Thaha Municipality,Emergency Services,Completed,3,2026-07-26,2026-07-26,Added official Thaha municipal emergency numbers and national police/MoHA emergency coverage.
Bagmati,Makwanpur,Thaha Municipality,Health & Ambulance,Completed,1,2026-07-26,2026-07-26,Added national HEOC 102 ambulance coverage alongside existing local ambulance rows.
Bagmati,Makwanpur,Thaha Municipality,Disaster & Rescue,Completed,2,2026-07-26,2026-07-26,Added NEOC national disaster contact and DAO Makwanpur disaster-management coverage.
Bagmati,Makwanpur,Thaha Municipality,Women & Children,Completed,2,2026-07-26,2026-07-26,Added national women and child helpline coverage alongside existing municipal branch contact.
Bagmati,Makwanpur,Thaha Municipality,Travel & Tourism,Completed,3,2026-07-26,2026-07-26,"Added Nepal Tourism Board crisis, Tourist Police, and tourism-information coverage."
Bagmati,Makwanpur,Thaha Municipality,Information & Inquiry,Completed,1,2026-07-26,2026-07-26,Added main Thaha Municipality office contact from official contact page/footer.
Bagmati,Makwanpur,Thaha Municipality,Government Services,Completed,15,2026-07-26,2026-07-26,"Official staff table extracted and grouped into branch-level service rows: CAO, education, planning, accounts, technical, stores/assets, social-development/energy/environment, industry development, employment, IT, cooperative, agriculture, legal facilitation, revenue, and MIS. Existing health branch row was refreshed with email/person details."
Bagmati,Makwanpur,Thaha Municipality,Police & Security,Completed,1,2026-07-26,2026-07-26,Official staff table checked; added one municipal police constable contact that was missing from the earlier municipal-police batch.
Bagmati,Makwanpur,Indrasarowar Rural Municipality,Electricity & Utilities,Completed,4,2026-07-26,2026-07-26,"Official NEA DCSD and no-light directories checked; added Palung Distribution Center plus Markhu, Sisneri, and Fakhel no-light contacts for Indrasarowar coverage."
Bagmati,Makwanpur,Indrasarowar Rural Municipality,Health & Ambulance,Completed,2,2026-07-26,2026-07-26,Added HEOC 102 ambulance hotline and Public Health Office Makawanpur district coverage. Existing health-section rows retained; health-post facility rows moved to Hospitals to avoid duplicates.
Bagmati,Makwanpur,Indrasarowar Rural Municipality,Hospitals,Completed,0,2026-07-26,2026-07-26,No new duplicate facility rows created. Existing official staff-page Fakhel Health Post and Markhu Health Post contacts were reclassified from Health & Ambulance to Hospitals.
Bagmati,Makwanpur,Bagmati Rural Municipality,Health & Ambulance,Completed,2,2026-07-26,2026-07-26,Added HEOC 102 and Public Health Office Makawanpur district coverage; existing official staff and police ambulance rows marked category complete while preserving row-level notes.
Bagmati,Makwanpur,Bagmati Rural Municipality,Disaster & Rescue,Completed,1,2026-07-26,2026-07-26,Added DAO Makwanpur district disaster coverage alongside NEOC.
Bagmati,Makwanpur,Bagmati Rural Municipality,Government Complaints,Completed,1,2026-07-26,2026-07-26,Added Hello Sarkar 1111 national complaint channel.
Bagmati,Makwanpur,Bagmati Rural Municipality,Women & Children,Completed,2,2026-07-26,2026-07-26,Added National Women Commission 1145 and Child Helpline 1098 coverage.
Bagmati,Makwanpur,Bagmati Rural Municipality,Electricity & Utilities,Completed,3,2026-07-26,2026-07-26,"Added Hetauda Distribution Center, Hetauda fuse service, and district water/sanitation division; rechecked Phaparbari no-light row."
Bagmati,Makwanpur,Bagmati Rural Municipality,Information & Inquiry,Completed,1,2026-07-26,2026-07-26,Added main Bagmati Rural Municipality office contact from official site footer/contact details.
Bagmati,Makwanpur,Bakaiya Rural Municipality,Health & Ambulance,Completed,2,2026-07-26,2026-07-26,Added HEOC 102 and Public Health Office Makawanpur district coverage; existing staff and police ambulance rows marked category complete while preserving reconfirmation notes.
Bagmati,Makwanpur,Bakaiya Rural Municipality,Disaster & Rescue,Completed,1,2026-07-26,2026-07-26,Added DAO Makwanpur district disaster coverage alongside NEOC.
Bagmati,Makwanpur,Bakaiya Rural Municipality,Government Complaints,Completed,1,2026-07-26,2026-07-26,Added Hello Sarkar 1111 national complaint channel.
Bagmati,Makwanpur,Bakaiya Rural Municipality,Women & Children,Completed,2,2026-07-26,2026-07-26,Added National Women Commission 1145 and Child Helpline 1098 coverage.
Bagmati,Makwanpur,Bakaiya Rural Municipality,Electricity & Utilities,Completed,3,2026-07-26,2026-07-26,"Added Hetauda Distribution Center, Hetauda fuse service, and district water/sanitation division; rechecked Chhatiwan no-light row."
Bagmati,Makwanpur,Bakaiya Rural Municipality,Information & Inquiry,Completed,1,2026-07-26,2026-07-26,Added main Bakaiya Rural Municipality office contact from official site footer/contact details.
Bagmati,Makwanpur,Bhimphedi Rural Municipality,Ward Offices,Completed,4,2026-07-26,2026-07-26,"Added Wards 5, 6, 8 and 9; rechecked/updated Wards 1, 2, 3, 4 and 7 from official 2082 self-publication and ward pages."
Bagmati,Makwanpur,Bhimphedi Rural Municipality,Government Services,Completed,5,2026-07-26,2026-07-26,"Added current engineering, MIS, employment and MEDPA contacts from official 2082 self-publication; rechecked existing staff/service rows."
Bagmati,Makwanpur,Bhimphedi Rural Municipality,Women & Children,Completed,1,2026-07-26,2026-07-26,"Added municipal Women, Children and Senior Citizens section contact from official 2082 self-publication."
Bagmati,Makwanpur,Bhimphedi Rural Municipality,Health & Ambulance,Completed,2,2026-07-26,2026-07-26,Added HEOC 102 and Public Health Office Makawanpur coverage; retained one older municipal health contact as Needs Review.
Bagmati,Makwanpur,Bhimphedi Rural Municipality,Government Complaints,Completed,1,2026-07-26,2026-07-26,Added Hello Sarkar 1111 national complaint channel.
Bagmati,Makwanpur,Raksirang Rural Municipality,Government Services,Completed,3,2026-07-26,2026-07-26,"Added Chairperson, Vice-Chairperson and spokesperson contacts from official representatives/contact pages; rechecked existing staff-service rows."
Bagmati,Makwanpur,Raksirang Rural Municipality,Ward Offices,Completed,0,2026-07-26,2026-07-26,Rechecked ward offices against official representatives page and staff directory; existing nine ward contacts now have completed category status.
Bagmati,Makwanpur,Raksirang Rural Municipality,Government Complaints,Completed,1,2026-07-26,2026-07-26,Added Hello Sarkar 1111 national complaint channel alongside local grievance officer.
Bagmati,Makwanpur,Raksirang Rural Municipality,Electricity & Utilities,Completed,2,2026-07-26,2026-07-26,Added Hetauda DCS fuse/no-light service and district water/sanitation division; no Raksirang-specific outage/water number found in official sources.
Bagmati,Makwanpur,Kailash Rural Municipality,Government Services,Completed,34,2026-07-26,2026-07-30,"Current Kailash municipal staff and officials directories were rechecked. A further official Makwanpur DAO directory sweep added 14 public district-service contacts for administration, revenue, industry, land, survey, transport, employment, health insurance, education, coordination, postal and irrigation services. All are district-level coverage for Kailash residents."
Bagmati,Makwanpur,Kailash Rural Municipality,Health & Ambulance,Completed,10,2026-07-26,2026-07-30,"Official municipal, police, HEOC, Public Health Office, Hetauda Hospital and Ayurveda hospital sources were checked. Added Hetauda Hospital's two published ambulance contacts and the Makwanpur Ayurveda and Alternative Hospital contact. Local ambulance records remain source-verified; service hours and vehicle availability are not published."
Bagmati,Makwanpur,Kailash Rural Municipality,Hospitals,Completed,6,2026-07-26,2026-07-30,"Existing local health-post contacts were retained. Official municipal sources confirmed BP Smriti Kailash Basic Hospital in Ward 3; a dedicated hospital phone is not yet published, so its entry uses clearly labelled municipal Health Branch contacts. Added Hetauda Hospital and Siddhasthali Rural Community Hospital as public referral coverage."
Bagmati,Makwanpur,Kailash Rural Municipality,Electricity & Utilities,Completed,8,2026-07-26,2026-07-30,"Current official utility sources rechecked. The category contains the explicit Namtar fuse-service line, Hetauda NEA support, NEA customer-service/outage hotline 1150, Water Supply and Sewerage Management Office Chitwan (whose service area explicitly includes Makwanpur), and national DWSSM inquiry contacts. No separate Kailash water-operator phone was published."
Bagmati,Makwanpur,Kailash Rural Municipality,Government Complaints,Completed,4,2026-07-26,2026-07-30,Official municipal complaint form and Hello Sarkar national channel rechecked. Added current official Makwanpur DAO grievance-handling contact and Bagmati Province Police complaint/grievance route with toll-free 16605752100. All four records have public official sources.
Bagmati,Makwanpur,Makawanpurgadhi Rural Municipality,Hospitals,Completed,0,2026-07-26,2026-07-26,Official health-branch permanent-contact notice checked visually from scanned PDF; upgraded 8 health-facility rows with permanent SIM/contact numbers and preserved older ward-profile person contacts as secondary.
Bagmati,Makwanpur,Makawanpurgadhi Rural Municipality,Health & Ambulance,Completed,1,2026-07-26,2026-07-26,Added municipal Health Branch permanent contact number from the official health-branch permanent-contact notice.
Bagmati,Makwanpur,Hetauda Sub-Metropolitan City,Hospitals,Completed,15,2026-07-16,2026-07-30,"Completed official and public-source sweep through 2026-07-30. Fifteen phone-backed facilities are retained, including government, private, specialty, eye-care and polyclinic providers. Name-only facilities without publicly published service contacts were excluded; directory-only providers remain Needs Review."
Bagmati,Makwanpur,Hetauda Sub-Metropolitan City,Health & Ambulance,Completed,1,2026-07-26,2026-07-26,Added HEOC Ambulance Nepal 102 national ambulance hotline coverage for Hetauda.
Bagmati,Makwanpur,Hetauda Sub-Metropolitan City,Government Complaints,Completed,1,2026-07-26,2026-07-26,Added Hello Sarkar 1111 national complaint channel alongside existing local/DAO complaint rows.
Bagmati,Chitwan,Bharatpur Metropolitan City,Government Services,Completed,27,2026-07-26,2026-07-26,Batch-expanded Bharatpur official staff directory from https://bharatpurmun.gov.np/en/staff; added 27 new government-service role contacts and rechecked the existing information-officer row.
Bagmati,Chitwan,Bharatpur Metropolitan City,Ward Offices,Completed,0,2026-07-26,2026-07-26,Rechecked all 29 wards against the official ward-secretary page https://bharatpurmun.gov.np/en/wardstaff; merged 2 missing secretary phone values into existing ward-office rows.
Bagmati,Chitwan,Bharatpur Metropolitan City,Travel & Tourism,Completed,1,2026-07-26,2026-07-26,Added Bharatpur Metropolitan City Tourism Expert Advisor contact from the current official staff directory.
Bagmati,Chitwan,Ratnanagar Municipality,Electricity & Utilities,Completed,4,2026-07-26,2026-07-26,Batch-added 4 official staff contacts from Ratnanagar Municipality's 2082 employee directory PDF. Skipped existing duplicate phones: 25:9855092202.
Bagmati,Chitwan,Ratnanagar Municipality,Government Services,Completed,60,2026-07-26,2026-07-26,Batch-added 60 official staff contacts from Ratnanagar Municipality's 2082 employee directory PDF. Skipped existing duplicate phones: 25:9855092202.
Bagmati,Chitwan,Ratnanagar Municipality,Health & Ambulance,Completed,7,2026-07-26,2026-07-26,Batch-added 7 official staff contacts from Ratnanagar Municipality's 2082 employee directory PDF. Skipped existing duplicate phones: 25:9855092202.
Bagmati,Chitwan,Ratnanagar Municipality,Other,Completed,71,2026-07-26,2026-07-30,Merged 54 valid DOE 2076 school-directory contacts with the current official-staff contact batch. Historic school-directory contacts require current-number verification.
Bagmati,Chitwan,Ratnanagar Municipality,Police & Security,Completed,16,2026-07-26,2026-07-26,Batch-added 16 official staff contacts from Ratnanagar Municipality's 2082 employee directory PDF. Skipped existing duplicate phones: 25:9855092202.
Bagmati,Chitwan,Ratnanagar Municipality,Travel & Tourism,Completed,1,2026-07-26,2026-07-26,Batch-added 1 official staff contacts from Ratnanagar Municipality's 2082 employee directory PDF. Skipped existing duplicate phones: 25:9855092202.
Bagmati,Chitwan,Ratnanagar Municipality,Women & Children,Completed,1,2026-07-26,2026-07-26,Batch-added 1 official staff contacts from Ratnanagar Municipality's 2082 employee directory PDF. Skipped existing duplicate phones: 25:9855092202.
Bagmati,Chitwan,Khairahani Municipality,Government Services,Completed,14,2026-07-26,2026-07-26,Batch-added 14 missing role contacts from the current official staff table https://khairahanimun.gov.np/en/staff; existing duplicate phones were skipped.
Bagmati,Chitwan,Khairahani Municipality,Information & Inquiry,Completed,1,2026-07-26,2026-07-26,Batch-added 1 missing role contacts from the current official staff table https://khairahanimun.gov.np/en/staff; existing duplicate phones were skipped.
Bagmati,Chitwan,Khairahani Municipality,Women & Children,Completed,0,2026-07-26,2026-07-26,No new Women & Children contact added in this Khairahani staff-table pass after classification review; existing municipal and national protection rows remain completed.
Bagmati,Chitwan,Khairahani Municipality,Ward Offices,Completed,0,2026-07-26,2026-07-26,Rechecked all 13 wards against official ward-chair page https://khairahanimun.gov.np/ne/content/%E0%A4%B5%E0%A4%A1%E0%A4%BE-%E0%A4%85%E0%A4%A7%E0%A5%8D%E0%A4%AF%E0%A4%95%E0%A5%8D%E0%A4%B7%E0%A4%9C%E0%A5%8D%E0%A4%AF%E0%A5%82%E0%A4%B9%E0%A4%B0%E0%A5%81%E0%A4%95%E0%A5%8B-%E0%A4%B5%E0%A4%BF%E0%A4%B5%E0%A4%B0%E0%A4%A3; merged 11 missing ward-chair phone values into existing ward-office rows.
Bagmati,Chitwan,Rapti Municipality,Disaster & Rescue,Completed,1,2026-07-26,2026-07-26,Batch-added 1 missing role contacts from current official staff table https://raptimun.gov.np/en/staff; existing duplicate phones were skipped and ward-secretary contacts were merged into ward rows.
Bagmati,Chitwan,Rapti Municipality,Government Services,Completed,28,2026-07-26,2026-07-26,Batch-added 28 missing role contacts from current official staff table https://raptimun.gov.np/en/staff; existing duplicate phones were skipped and ward-secretary contacts were merged into ward rows.
Bagmati,Chitwan,Rapti Municipality,Health & Ambulance,Completed,1,2026-07-26,2026-07-26,Batch-added 1 missing role contacts from current official staff table https://raptimun.gov.np/en/staff; existing duplicate phones were skipped and ward-secretary contacts were merged into ward rows.
Bagmati,Chitwan,Rapti Municipality,Information & Inquiry,Completed,2,2026-07-26,2026-07-26,Batch-added 2 missing role contacts from current official staff table https://raptimun.gov.np/en/staff; existing duplicate phones were skipped and ward-secretary contacts were merged into ward rows.
Bagmati,Chitwan,Rapti Municipality,Ward Offices,Completed,0,2026-07-26,2026-07-26,Rechecked Rapti ward-office rows against official staff page https://raptimun.gov.np/en/staff; merged 0 missing ward-secretary phone/email values into existing ward rows.
Bagmati,Chitwan,Rapti Municipality,Ward Offices,Completed,0,2026-07-26,2026-07-26,Follow-up merge after Nepali numeral parsing fix: rechecked Rapti ward-office rows against official staff page https://raptimun.gov.np/en/staff; merged 1 additional ward-secretary phone values.
Bagmati,Chitwan,Kalika Municipality,Disaster & Rescue,Completed,1,2026-07-26,2026-07-26,Batch-added 1 missing role contacts from Kalika Municipality's current official staff listing https://kalikamunchitwan.gov.np/ne/staff; existing duplicate phones were skipped and ward-secretary contacts were merged into ward-office rows.
Bagmati,Chitwan,Kalika Municipality,Government Services,Completed,13,2026-07-26,2026-07-26,Batch-added 13 missing role contacts from Kalika Municipality's current official staff listing https://kalikamunchitwan.gov.np/ne/staff; existing duplicate phones were skipped and ward-secretary contacts were merged into ward-office rows.
Bagmati,Chitwan,Kalika Municipality,Health & Ambulance,Completed,1,2026-07-26,2026-07-26,Batch-added 1 missing role contacts from Kalika Municipality's current official staff listing https://kalikamunchitwan.gov.np/ne/staff; existing duplicate phones were skipped and ward-secretary contacts were merged into ward-office rows.
Bagmati,Chitwan,Kalika Municipality,Information & Inquiry,Completed,2,2026-07-26,2026-07-26,Batch-added 2 missing role contacts from Kalika Municipality's current official staff listing https://kalikamunchitwan.gov.np/ne/staff; existing duplicate phones were skipped and ward-secretary contacts were merged into ward-office rows.
Bagmati,Chitwan,Kalika Municipality,Ward Offices,Completed,0,2026-07-26,2026-07-26,Rechecked Kalika ward-office rows against official staff listing https://kalikamunchitwan.gov.np/ne/staff; merged 2 missing ward-secretary phone/email values into existing ward rows.
Bagmati,Chitwan,Kalika Municipality,Women & Children,Completed,1,2026-07-26,2026-07-26,Added one child-friendly local governance focal-person contact from the current official staff listing.
Bagmati,Chitwan,Madi Municipality,Disaster & Rescue,Completed,2,2026-07-26,2026-07-26,Batch-added 2 missing role contacts from Madi Municipality's official staff table pages starting at https://madimunchitwan.gov.np/en/staff; existing duplicate phones were skipped and ward-secretary contacts were merged.
Bagmati,Chitwan,Madi Municipality,Government Services,Completed,37,2026-07-26,2026-07-26,Batch-added 37 missing role contacts from Madi Municipality's official staff table pages starting at https://madimunchitwan.gov.np/en/staff; existing duplicate phones were skipped and ward-secretary contacts were merged.
Bagmati,Chitwan,Madi Municipality,Health & Ambulance,Completed,3,2026-07-26,2026-07-26,Batch-added 3 missing role contacts from Madi Municipality's official staff table pages starting at https://madimunchitwan.gov.np/en/staff; existing duplicate phones were skipped and ward-secretary contacts were merged.
Bagmati,Chitwan,Madi Municipality,Information & Inquiry,Completed,2,2026-07-26,2026-07-26,Batch-added 2 missing role contacts from Madi Municipality's official staff table pages starting at https://madimunchitwan.gov.np/en/staff; existing duplicate phones were skipped and ward-secretary contacts were merged.
Bagmati,Chitwan,Madi Municipality,Other,Completed,60,2026-07-26,2026-07-30,Merged 52 valid DOE 2076 school-directory contacts with existing public-service records. Historic school-directory contacts require current-number verification.
Bagmati,Chitwan,Madi Municipality,Ward Offices,Completed,11,2026-07-26,2026-07-26,Batch-added 11 missing role contacts from Madi Municipality's official staff table pages starting at https://madimunchitwan.gov.np/en/staff; existing duplicate phones were skipped and ward-secretary contacts were merged.
Bagmati,Chitwan,Madi Municipality,Women & Children,Completed,2,2026-07-26,2026-07-26,Batch-added 2 missing role contacts from Madi Municipality's official staff table pages starting at https://madimunchitwan.gov.np/en/staff; existing duplicate phones were skipped and ward-secretary contacts were merged.
Bagmati,Chitwan,Madi Municipality,Ward Offices,Completed,0,2026-07-26,2026-07-26,Rechecked Madi ward-office rows against official staff table pages starting at https://madimunchitwan.gov.np/en/staff; merged 0 missing ward-secretary phone/email values into existing ward rows.
Bagmati,Chitwan,Ichchhakamana Rural Municipality,Government Services,Completed,24,2026-07-26,2026-07-26,Batch-added 24 missing role contacts from Ichchhakamana Rural Municipality's official staff table pages starting at https://ichchhakamanamun.gov.np/staff; existing named contacts were skipped and ward contacts were merged.
Bagmati,Chitwan,Ichchhakamana Rural Municipality,Health & Ambulance,Completed,2,2026-07-26,2026-07-26,Batch-added 2 missing role contacts from Ichchhakamana Rural Municipality's official staff table pages starting at https://ichchhakamanamun.gov.np/staff; existing named contacts were skipped and ward contacts were merged.
Bagmati,Chitwan,Ichchhakamana Rural Municipality,Information & Inquiry,Completed,3,2026-07-26,2026-07-26,Batch-added 3 missing role contacts from Ichchhakamana Rural Municipality's official staff table pages starting at https://ichchhakamanamun.gov.np/staff; existing named contacts were skipped and ward contacts were merged.
Bagmati,Chitwan,Ichchhakamana Rural Municipality,Other,Completed,71,2026-07-26,2026-07-30,Merged 62 valid DOE 2076 school-directory contacts with existing public-service records. Historic school-directory contacts require current-number verification.
Bagmati,Chitwan,Ichchhakamana Rural Municipality,Police & Security,Completed,3,2026-07-26,2026-07-26,Batch-added 3 missing role contacts from Ichchhakamana Rural Municipality's official staff table pages starting at https://ichchhakamanamun.gov.np/staff; existing named contacts were skipped and ward contacts were merged.
Bagmati,Chitwan,Ichchhakamana Rural Municipality,Ward Offices,Completed,0,2026-07-26,2026-07-26,Rechecked Ichchhakamana ward-office rows against official staff and ward-chair tables starting at https://ichchhakamanamun.gov.np/staff; merged 6 missing phone/name values into existing ward rows.
Bagmati,Dolakha,Bhimeshwar Municipality,Disaster & Rescue,Completed,1,2026-07-26,2026-07-26,Batch-added 1 missing official staff/ward-staff role contacts from https://bhimeshwormun.gov.np/staff and https://bhimeshwormun.gov.np/en/ward_staff; existing duplicate people/phones were skipped and ward-secretary contacts were merged.
Bagmati,Dolakha,Bhimeshwar Municipality,Government Services,Completed,27,2026-07-26,2026-07-26,Batch-added 27 missing official staff/ward-staff role contacts from https://bhimeshwormun.gov.np/staff and https://bhimeshwormun.gov.np/en/ward_staff; existing duplicate people/phones were skipped and ward-secretary contacts were merged.
Bagmati,Dolakha,Bhimeshwar Municipality,Health & Ambulance,Completed,5,2026-07-26,2026-07-26,Batch-added 5 missing official staff/ward-staff role contacts from https://bhimeshwormun.gov.np/staff and https://bhimeshwormun.gov.np/en/ward_staff; existing duplicate people/phones were skipped and ward-secretary contacts were merged.
Bagmati,Dolakha,Bhimeshwar Municipality,Information & Inquiry,Completed,3,2026-07-26,2026-07-26,Batch-added 3 missing official staff/ward-staff role contacts from https://bhimeshwormun.gov.np/staff and https://bhimeshwormun.gov.np/en/ward_staff; existing duplicate people/phones were skipped and ward-secretary contacts were merged.
Bagmati,Dolakha,Bhimeshwar Municipality,Other,Completed,10,2026-07-26,2026-07-26,Batch-added 10 missing official staff/ward-staff role contacts from https://bhimeshwormun.gov.np/staff and https://bhimeshwormun.gov.np/en/ward_staff; existing duplicate people/phones were skipped and ward-secretary contacts were merged.
Bagmati,Dolakha,Bhimeshwar Municipality,Ward Offices,Completed,12,2026-07-26,2026-07-26,Batch-added 12 missing official staff/ward-staff role contacts from https://bhimeshwormun.gov.np/staff and https://bhimeshwormun.gov.np/en/ward_staff; existing duplicate people/phones were skipped and ward-secretary contacts were merged.
Bagmati,Dolakha,Bhimeshwar Municipality,Women & Children,Completed,1,2026-07-26,2026-07-26,Batch-added 1 missing official staff/ward-staff role contacts from https://bhimeshwormun.gov.np/staff and https://bhimeshwormun.gov.np/en/ward_staff; existing duplicate people/phones were skipped and ward-secretary contacts were merged.
Bagmati,Dolakha,Bhimeshwar Municipality,Ward Offices,Completed,0,2026-07-26,2026-07-26,Rechecked Bhimeshwor ward-office rows against official ward staff table https://bhimeshwormun.gov.np/en/ward_staff; merged 1 missing phone/name values into existing ward-office rows.
Bagmati,Dolakha,Baiteshwor Rural Municipality,Government Services,Completed,19,2026-07-26,2026-07-26,Official municipality staff-directory expansion; each published role contact has its source URL.
Bagmati,Dolakha,Baiteshwor Rural Municipality,Health & Ambulance,Completed,1,2026-07-26,2026-07-26,Official municipality staff-directory expansion; each published role contact has its source URL.
Bagmati,Dolakha,Baiteshwor Rural Municipality,Information & Inquiry,Completed,3,2026-07-26,2026-07-26,Official municipality staff-directory expansion; each published role contact has its source URL.
Bagmati,Dolakha,Baiteshwor Rural Municipality,Other,Completed,9,2026-07-26,2026-07-26,Official municipality staff-directory expansion; each published role contact has its source URL.
Bagmati,Dolakha,Baiteshwor Rural Municipality,Police & Security,Completed,2,2026-07-26,2026-07-26,Official municipality staff-directory expansion; each published role contact has its source URL.
Bagmati,Dolakha,Baiteshwor Rural Municipality,Ward Offices,Completed,36,2026-07-26,2026-07-26,Official municipality staff-directory expansion; each published role contact has its source URL.
Bagmati,Dolakha,Baiteshwor Rural Municipality,Ward Offices,Completed,0,2026-07-26,2026-07-26,Merged or rechecked 7 official ward-secretary records from the official ward-staff directory.
Bagmati,Dolakha,Baiteshwor Rural Municipality,Hospitals,Completed,0,2026-07-26,2026-07-26,"Upgraded the existing hospital row with the official Bagmati provincial contingency-plan contact for Baiteshwor Hospital, Ward 5."
Bagmati,Dolakha,Gaurishankar Rural Municipality,Government Services,Completed,8,2026-07-26,2026-07-26,Official municipal staff-directory expansion; each role contact includes the source URL.
Bagmati,Dolakha,Gaurishankar Rural Municipality,Information & Inquiry,Completed,2,2026-07-26,2026-07-26,Official municipal staff-directory expansion; each role contact includes the source URL.
Bagmati,Dolakha,Gaurishankar Rural Municipality,Other,Completed,51,2026-07-26,2026-07-26,"Added 48 school contacts from the official 2076 government directory alongside the prior official municipal contacts, including source-published local landlines. All historic directory phone numbers require current-number verification."
Bagmati,Dolakha,Gaurishankar Rural Municipality,Ward Offices,Completed,5,2026-07-26,2026-07-26,Official municipal staff-directory expansion; each role contact includes the source URL.
Bagmati,Dolakha,Gaurishankar Rural Municipality,Ward Offices,Completed,0,2026-07-26,2026-07-26,Merged or rechecked 7 official ward-secretary contacts into existing ward-office records.
Bagmati,Dolakha,Gaurishankar Rural Municipality,Hospitals,Completed,50,2026-07-26,2026-07-26,Official municipal self-publication was searched; added public staff contacts for named health facilities and primary health center.
Bagmati,Dolakha,Gaurishankar Rural Municipality,Women & Children,Completed,0,2026-07-26,2026-07-26,Official municipal sources confirm Women Development Branch programming and the local judicial-facilitation contact; no dedicated local hotline was published.
Bagmati,Dolakha,Shailung Rural Municipality,Electricity & Utilities,Completed,1,2026-07-26,2026-07-26,Official municipality staff-directory expansion; each role contact includes the source URL.
Bagmati,Dolakha,Shailung Rural Municipality,Government Services,Completed,15,2026-07-26,2026-07-26,Official municipality staff-directory expansion; each role contact includes the source URL.
Bagmati,Dolakha,Shailung Rural Municipality,Information & Inquiry,Completed,4,2026-07-26,2026-07-26,Official municipality staff-directory expansion; each role contact includes the source URL.
Bagmati,Dolakha,Shailung Rural Municipality,Other,Completed,2,2026-07-26,2026-07-26,Official municipality staff-directory expansion; each role contact includes the source URL.
Bagmati,Dolakha,Shailung Rural Municipality,Police & Security,Completed,3,2026-07-26,2026-07-26,Official municipality staff-directory expansion; each role contact includes the source URL.
Bagmati,Dolakha,Shailung Rural Municipality,Ward Offices,Completed,22,2026-07-26,2026-07-26,Expanded all eight official ward pages. Added historical public staff contacts as Needs Review because their ward-page publication dates are 2018.
Bagmati,Ramechhap,Likhu Tamakoshi Rural Municipality,Government Services,Completed,25,2026-07-26,2026-07-26,Official municipality personnel-directory expansion; each role contact includes the source URL.
Bagmati,Ramechhap,Likhu Tamakoshi Rural Municipality,Health & Ambulance,Completed,1,2026-07-26,2026-07-26,Official municipality personnel-directory expansion; each role contact includes the source URL.
Bagmati,Ramechhap,Likhu Tamakoshi Rural Municipality,Information & Inquiry,Completed,5,2026-07-26,2026-07-26,Official municipality personnel-directory expansion; each role contact includes the source URL.
Bagmati,Ramechhap,Likhu Tamakoshi Rural Municipality,Other,Completed,53,2026-07-26,2026-07-26,"Added 49 valid school contacts from the official 2076 government directory, which uses the legacy name Likhu Gaunpalika. All historic directory phone numbers require current-number verification."
Bagmati,Ramechhap,Likhu Tamakoshi Rural Municipality,Ward Offices,Completed,7,2026-07-26,2026-07-26,Official municipality personnel-directory expansion; each role contact includes the source URL.
Bagmati,Ramechhap,Likhu Tamakoshi Rural Municipality,Women & Children,Completed,2,2026-07-26,2026-07-26,Official municipality personnel-directory expansion; each role contact includes the source URL.
Bagmati,Ramechhap,Khandadevi Rural Municipality,Government Services,Completed,20,2026-07-26,2026-07-26,Official municipality staff and ward-staff directories rechecked; unique public role contacts added and prior directory numbers deduplicated.
Bagmati,Ramechhap,Khandadevi Rural Municipality,Health & Ambulance,Completed,1,2026-07-26,2026-07-26,Official municipality staff and ward-staff directories rechecked; unique public role contacts added and prior directory numbers deduplicated.
Bagmati,Ramechhap,Khandadevi Rural Municipality,Information & Inquiry,Completed,4,2026-07-26,2026-07-26,Official municipality staff and ward-staff directories rechecked; unique public role contacts added and prior directory numbers deduplicated.
Bagmati,Ramechhap,Khandadevi Rural Municipality,Other,Completed,1,2026-07-26,2026-07-26,Official municipality staff and ward-staff directories rechecked; unique public role contacts added and prior directory numbers deduplicated.
Bagmati,Ramechhap,Khandadevi Rural Municipality,Ward Offices,Completed,26,2026-07-26,2026-07-26,Official municipality staff and ward-staff directories rechecked; unique public role contacts added and prior directory numbers deduplicated.
Bagmati,Ramechhap,Khandadevi Rural Municipality,Women & Children,Completed,1,2026-07-26,2026-07-26,Official municipality staff and ward-staff directories rechecked; unique public role contacts added and prior directory numbers deduplicated.
Bagmati,Ramechhap,Likhu Tamakoshi Rural Municipality,Hospitals,Needs Review,0,2026-07-26,2026-07-26,Official municipality personnel and health references searched. Health coordinator contact was already captured; no separately published health-post switchboard found for addition.
Bagmati,Ramechhap,Manthali Municipality,Government Services,Needs Review,27,2026-07-26,2026-07-26,Official municipality staff roster pages 1-7 reviewed; one published malformed 11-digit value retained for manual verification.
Bagmati,Ramechhap,Manthali Municipality,Information & Inquiry,Completed,10,2026-07-26,2026-07-26,Official municipality staff roster pages 1-7 reviewed; unique public role contacts added and existing directory contacts deduplicated.
Bagmati,Ramechhap,Manthali Municipality,Other,Completed,87,2026-07-26,2026-07-26,Added 77 valid school contacts from the official 2076 government directory alongside the prior official municipal contacts. All historic directory phone numbers require current-number verification.
Bagmati,Ramechhap,Manthali Municipality,Police & Security,Completed,7,2026-07-26,2026-07-26,Official municipality staff roster pages 1-7 reviewed; unique public role contacts added and existing directory contacts deduplicated.
Bagmati,Ramechhap,Manthali Municipality,Ward Offices,Completed,3,2026-07-26,2026-07-26,Official municipality staff roster pages 1-7 reviewed; unique public role contacts added and existing directory contacts deduplicated.
Bagmati,Ramechhap,Manthali Municipality,Women & Children,Completed,1,2026-07-26,2026-07-26,Official municipality staff roster pages 1-7 reviewed; unique public role contacts added and existing directory contacts deduplicated.
Bagmati,Ramechhap,Ramechhap Municipality,Government Services,Completed,22,2026-07-26,2026-07-26,"Official municipality staff roster rechecked; unique public role contacts added, duplicate contacts omitted, and CAO mobile merged into the existing official entry."
Bagmati,Ramechhap,Ramechhap Municipality,Health & Ambulance,Completed,3,2026-07-26,2026-07-26,"Official municipality staff roster rechecked; unique public role contacts added, duplicate contacts omitted, and CAO mobile merged into the existing official entry."
Bagmati,Ramechhap,Ramechhap Municipality,Information & Inquiry,Completed,3,2026-07-26,2026-07-26,"Official municipality staff roster rechecked; unique public role contacts added, duplicate contacts omitted, and CAO mobile merged into the existing official entry."
Bagmati,Ramechhap,Ramechhap Municipality,Other,Completed,63,2026-07-26,2026-07-26,Added 60 valid school contacts from the official 2076 government directory alongside the prior official municipal contacts. All historic directory phone numbers require current-number verification.
Bagmati,Ramechhap,Ramechhap Municipality,Ward Offices,Completed,8,2026-07-26,2026-07-26,"Official municipality staff roster rechecked; unique public role contacts added, duplicate contacts omitted, and CAO mobile merged into the existing official entry."
Bagmati,Ramechhap,Ramechhap Municipality,Women & Children,Completed,1,2026-07-26,2026-07-26,"Official municipality staff roster rechecked; unique public role contacts added, duplicate contacts omitted, and CAO mobile merged into the existing official entry."
Bagmati,Ramechhap,Umakunda Rural Municipality,Government Services,Completed,7,2026-07-26,2026-07-26,"Official municipality staff directory rechecked; unique public role contacts added, prior contacts deduplicated, and the CAO secondary public number merged."
Bagmati,Ramechhap,Umakunda Rural Municipality,Information & Inquiry,Completed,4,2026-07-26,2026-07-26,"Official municipality staff directory rechecked; unique public role contacts added, prior contacts deduplicated, and the CAO secondary public number merged."
Bagmati,Ramechhap,Umakunda Rural Municipality,Other,Completed,52,2026-07-26,2026-07-26,Added 46 valid school contacts from the official 2076 government directory alongside the prior official municipal contacts. All historic directory phone numbers require current-number verification.
Bagmati,Ramechhap,Umakunda Rural Municipality,Police & Security,Completed,2,2026-07-26,2026-07-26,"Official municipality staff directory rechecked; unique public role contacts added, prior contacts deduplicated, and the CAO secondary public number merged."
Bagmati,Ramechhap,Umakunda Rural Municipality,Ward Offices,Completed,1,2026-07-26,2026-07-26,"Official municipality staff directory rechecked; unique public role contacts added, prior contacts deduplicated, and the CAO secondary public number merged."
Bagmati,Ramechhap,Umakunda Rural Municipality,Women & Children,Completed,3,2026-07-26,2026-07-26,"Official municipality staff directory rechecked; unique public role contacts added, prior contacts deduplicated, and the CAO secondary public number merged."
Bagmati,Ramechhap,Doramba Shailung Rural Municipality,Government Services,Completed,14,2026-07-26,2026-07-26,Official municipality staff directory rechecked; unique public role contacts added and existing directory contacts deduplicated.
Bagmati,Ramechhap,Doramba Shailung Rural Municipality,Health & Ambulance,Completed,1,2026-07-26,2026-07-26,Official municipality staff directory rechecked; unique public role contacts added and existing directory contacts deduplicated.
Bagmati,Ramechhap,Doramba Shailung Rural Municipality,Information & Inquiry,Completed,2,2026-07-26,2026-07-26,Official municipality staff directory rechecked; unique public role contacts added and existing directory contacts deduplicated.
Bagmati,Ramechhap,Doramba Shailung Rural Municipality,Other,Completed,48,2026-07-26,2026-07-26,"Added 43 valid school contacts from the official 2076 government directory, which uses the legacy name Doramba Gaunpalika. All historic directory phone numbers require current-number verification."
Bagmati,Ramechhap,Doramba Shailung Rural Municipality,Ward Offices,Needs Review,12,2026-07-26,2026-07-26,Official municipality staff directory rechecked; unique public role contacts added and existing directory contacts deduplicated. One published 9-digit number needs manual verification.
Bagmati,Ramechhap,Sunapati Rural Municipality,Government Services,Completed,9,2026-07-26,2026-07-26,Official municipality staff directory rechecked; unique public role contacts added and existing directory contacts deduplicated.
Bagmati,Ramechhap,Sunapati Rural Municipality,Information & Inquiry,Completed,2,2026-07-26,2026-07-26,Official municipality staff directory rechecked; unique public role contacts added and existing directory contacts deduplicated.
Bagmati,Ramechhap,Sunapati Rural Municipality,Other,Completed,38,2026-07-26,2026-07-26,Added 34 valid school contacts from the official 2076 government directory alongside the prior official municipal contacts. All historic directory phone numbers require current-number verification.
Bagmati,Ramechhap,Sunapati Rural Municipality,Ward Offices,Needs Review,13,2026-07-26,2026-07-26,Official municipality staff directory rechecked; unique public role contacts added and existing directory contacts deduplicated. One published 11-digit value needs manual verification.
Bagmati,Ramechhap,Gokulganga Rural Municipality,Electricity & Utilities,Completed,1,2026-07-26,2026-07-26,Official staff roster pages 1-2 rechecked; unique public role contacts added and existing contacts deduplicated.
Bagmati,Ramechhap,Gokulganga Rural Municipality,Government Services,Completed,21,2026-07-26,2026-07-26,Official staff roster pages 1-2 rechecked; unique public role contacts added and existing contacts deduplicated.
Bagmati,Ramechhap,Gokulganga Rural Municipality,Information & Inquiry,Completed,2,2026-07-26,2026-07-26,Official staff roster pages 1-2 rechecked; unique public role contacts added and existing contacts deduplicated.
Bagmati,Ramechhap,Gokulganga Rural Municipality,Women & Children,Completed,2,2026-07-26,2026-07-26,Official staff roster pages 1-2 rechecked; unique public role contacts added and existing contacts deduplicated.
Bagmati,Dolakha,Kalinchok Rural Municipality,Electricity & Utilities,Completed,1,2026-07-26,2026-07-26,Official staff directory rechecked; unique public role contacts added and existing directory contacts deduplicated.
Bagmati,Dolakha,Kalinchok Rural Municipality,Government Services,Completed,12,2026-07-26,2026-07-26,Official staff directory rechecked; unique public role contacts added and existing directory contacts deduplicated.
Bagmati,Dolakha,Kalinchok Rural Municipality,Health & Ambulance,Completed,2,2026-07-26,2026-07-26,Official staff directory rechecked; unique public role contacts added and existing directory contacts deduplicated.
Bagmati,Dolakha,Kalinchok Rural Municipality,Information & Inquiry,Completed,3,2026-07-26,2026-07-26,Official staff directory rechecked; unique public role contacts added and existing directory contacts deduplicated.
Bagmati,Dolakha,Kalinchok Rural Municipality,Other,Completed,54,2026-07-26,2026-07-26,Added 50 valid school contacts from the official 2076 government directory alongside the prior official municipal contacts. All historic directory phone numbers require current-number verification.
Bagmati,Dolakha,Kalinchok Rural Municipality,Ward Offices,Completed,4,2026-07-26,2026-07-26,Official staff directory rechecked; unique public role contacts added and existing directory contacts deduplicated.
Bagmati,Dolakha,Kalinchok Rural Municipality,Women & Children,Completed,1,2026-07-26,2026-07-26,Official staff directory rechecked; unique public role contacts added and existing directory contacts deduplicated.
Bagmati,Dolakha,Jiri Municipality,Government Services,Completed,23,2026-07-26,2026-07-26,Official municipality staff directory rechecked; unique public role contacts added and existing directory contacts deduplicated.
Bagmati,Dolakha,Jiri Municipality,Health & Ambulance,Completed,1,2026-07-26,2026-07-26,Official municipality staff directory rechecked; unique public role contacts added and existing directory contacts deduplicated.
Bagmati,Dolakha,Jiri Municipality,Information & Inquiry,Needs Review,4,2026-07-26,2026-07-26,Official municipality staff directory rechecked; unique public role contacts added and existing directory contacts deduplicated.
Bagmati,Dolakha,Jiri Municipality,Other,Completed,41,2026-07-26,2026-07-26,Added 35 valid school contacts from the official 2076 government directory alongside the prior official municipal contacts. All historic directory phone numbers require current-number verification.
Bagmati,Dolakha,Jiri Municipality,Ward Offices,Completed,2,2026-07-26,2026-07-26,Official municipality staff directory rechecked; unique public role contacts added and existing directory contacts deduplicated.
Bagmati,Dolakha,Tamakoshi Rural Municipality,Government Services,Completed,12,2026-07-26,2026-07-26,Official municipality staff directory rechecked; unique public role contacts added and existing directory contacts deduplicated.
Bagmati,Dolakha,Tamakoshi Rural Municipality,Health & Ambulance,Completed,2,2026-07-26,2026-07-26,Official municipality staff directory rechecked; unique public role contacts added and existing directory contacts deduplicated.
Bagmati,Dolakha,Tamakoshi Rural Municipality,Information & Inquiry,Completed,2,2026-07-26,2026-07-26,Official municipality staff directory rechecked; unique public role contacts added and existing directory contacts deduplicated.
Bagmati,Dolakha,Tamakoshi Rural Municipality,Ward Offices,Completed,13,2026-07-26,2026-07-26,Official municipality staff directory rechecked; unique public role contacts added and existing directory contacts deduplicated.
Bagmati,Dolakha,Melung Rural Municipality,Government Services,Completed,16,2026-07-26,2026-07-26,Official municipality staff directory rechecked; unique public role contacts added and existing directory contacts deduplicated.
Bagmati,Dolakha,Melung Rural Municipality,Health & Ambulance,Completed,1,2026-07-26,2026-07-26,Official municipality staff directory rechecked; unique public role contacts added and existing directory contacts deduplicated.
Bagmati,Dolakha,Melung Rural Municipality,Information & Inquiry,Completed,3,2026-07-26,2026-07-26,Official municipality staff directory rechecked; unique public role contacts added and existing directory contacts deduplicated.
Bagmati,Dolakha,Melung Rural Municipality,Other,Completed,36,2026-07-26,2026-07-26,Added 34 valid school contacts from the official 2076 government directory alongside the prior official municipal contacts. All historic directory phone numbers require current-number verification.
Bagmati,Dolakha,Melung Rural Municipality,Ward Offices,Completed,4,2026-07-26,2026-07-26,Official municipality staff directory rechecked; unique public role contacts added and existing directory contacts deduplicated.
Bagmati,Dolakha,Bhimeshwar Municipality,Police & Security,Completed,2,2026-07-26,2026-07-26,Official municipality staff directory rechecked; unique public role contacts added and existing directory contacts deduplicated.
Bagmati,Sindhupalchok,Chautara Sangachokgadhi Municipality,Government Services,Completed,13,2026-07-26,2026-07-26,Official municipality staff directory rechecked; unique public role contacts added and existing directory contacts deduplicated.
Bagmati,Sindhupalchok,Chautara Sangachokgadhi Municipality,Health & Ambulance,Completed,3,2026-07-26,2026-07-26,Official municipality staff directory rechecked; unique public role contacts added and existing directory contacts deduplicated.
Bagmati,Sindhupalchok,Chautara Sangachokgadhi Municipality,Information & Inquiry,Completed,7,2026-07-26,2026-07-26,Official municipality staff directory rechecked; unique public role contacts added and existing directory contacts deduplicated.
Bagmati,Sindhupalchok,Chautara Sangachokgadhi Municipality,Other,Completed,94,2026-07-26,2026-07-26,Added 82 valid school contacts from the official 2076 government directory alongside the prior official municipal contacts. All historic directory phone numbers require current-number verification.
Bagmati,Sindhupalchok,Chautara Sangachokgadhi Municipality,Women & Children,Completed,2,2026-07-26,2026-07-26,Official municipality staff directory rechecked; unique public role contacts added and existing directory contacts deduplicated.
Bagmati,Sindhupalchok,Bahrabise Municipality,Government Services,Completed,26,2026-07-26,2026-07-26,Official municipality staff directory rechecked; unique public role contacts added and existing directory contacts deduplicated.
Bagmati,Sindhupalchok,Bahrabise Municipality,Health & Ambulance,Completed,4,2026-07-26,2026-07-26,Official municipality staff directory rechecked; unique public role contacts added and existing directory contacts deduplicated.
Bagmati,Sindhupalchok,Bahrabise Municipality,Information & Inquiry,Completed,3,2026-07-26,2026-07-26,Official municipality staff directory rechecked; unique public role contacts added and existing directory contacts deduplicated.
Bagmati,Sindhupalchok,Bahrabise Municipality,Other,Completed,3,2026-07-26,2026-07-26,Official municipality staff directory rechecked; unique public role contacts added and existing directory contacts deduplicated.
Bagmati,Sindhupalchok,Melamchi Municipality,Disaster & Rescue,Completed,3,2026-07-26,2026-07-26,Official municipality staff directory rechecked; unique public role contacts added and existing directory contacts deduplicated.
Bagmati,Sindhupalchok,Melamchi Municipality,Government Services,Completed,33,2026-07-26,2026-07-26,Official municipality staff directory rechecked; unique public role contacts added and existing directory contacts deduplicated.
Bagmati,Sindhupalchok,Melamchi Municipality,Health & Ambulance,Completed,4,2026-07-26,2026-07-26,Official municipality staff directory rechecked; unique public role contacts added and existing directory contacts deduplicated.
Bagmati,Sindhupalchok,Melamchi Municipality,Information & Inquiry,Completed,6,2026-07-26,2026-07-26,Official municipality staff directory rechecked; unique public role contacts added and existing directory contacts deduplicated.
Bagmati,Sindhupalchok,Melamchi Municipality,Other,Completed,81,2026-07-26,2026-07-26,Added 76 valid school contacts from the official 2076 government directory alongside the prior official municipal contacts. All historic directory phone numbers require current-number verification.
Bagmati,Sindhupalchok,Melamchi Municipality,Women & Children,Completed,3,2026-07-26,2026-07-26,Official municipality staff directory rechecked; unique public role contacts added and existing directory contacts deduplicated.
Bagmati,Sindhupalchok,Indrawati Rural Municipality,Government Services,Completed,14,2026-07-26,2026-07-26,Official municipality staff directory rechecked; unique public role contacts added and existing directory contacts deduplicated.
Bagmati,Sindhupalchok,Indrawati Rural Municipality,Health & Ambulance,Completed,2,2026-07-26,2026-07-26,Official municipality staff directory rechecked; unique public role contacts added and existing directory contacts deduplicated.
Bagmati,Sindhupalchok,Indrawati Rural Municipality,Information & Inquiry,Completed,2,2026-07-26,2026-07-26,Official municipality staff directory rechecked; unique public role contacts added and existing directory contacts deduplicated.
Bagmati,Sindhupalchok,Indrawati Rural Municipality,Other,Completed,53,2026-07-26,2026-07-26,Added 48 valid school contacts from the official 2076 government directory alongside the prior official municipal contacts. All historic directory phone numbers require current-number verification.
Bagmati,Sindhupalchok,Indrawati Rural Municipality,Police & Security,Completed,1,2026-07-26,2026-07-26,Official municipality staff directory rechecked; unique public role contacts added and existing directory contacts deduplicated.
Bagmati,Sindhupalchok,Indrawati Rural Municipality,Women & Children,Completed,2,2026-07-26,2026-07-26,Official municipality staff directory rechecked; unique public role contacts added and existing directory contacts deduplicated.
Bagmati,Sindhupalchok,Jugal Rural Municipality,Government Services,Completed,18,2026-07-26,2026-07-26,Official municipality staff directory rechecked; unique public role contacts added and shared branch numbers deduplicated.
Bagmati,Sindhupalchok,Jugal Rural Municipality,Health & Ambulance,Completed,8,2026-07-26,2026-07-26,Official municipality staff directory rechecked; unique public role contacts added and shared branch numbers deduplicated.
Bagmati,Sindhupalchok,Jugal Rural Municipality,Information & Inquiry,Completed,1,2026-07-26,2026-07-26,Official municipality staff directory rechecked; unique public role contacts added and shared branch numbers deduplicated.
Bagmati,Sindhupalchok,Jugal Rural Municipality,Other,Completed,47,2026-07-26,2026-07-26,Added 44 valid school contacts from the official 2076 government directory alongside the prior official municipal contacts. All historic directory phone numbers require current-number verification.
Bagmati,Sindhupalchok,Jugal Rural Municipality,Ward Offices,Completed,4,2026-07-26,2026-07-26,Official municipality staff directory rechecked; unique public role contacts added and shared branch numbers deduplicated.
Bagmati,Sindhupalchok,Helambu Rural Municipality,Government Services,Completed,20,2026-07-26,2026-07-26,Official municipality staff directory rechecked; unique public role contacts added and existing directory contacts deduplicated.
Bagmati,Sindhupalchok,Helambu Rural Municipality,Health & Ambulance,Completed,4,2026-07-26,2026-07-26,Official municipality staff directory rechecked; unique public role contacts added and existing directory contacts deduplicated.
Bagmati,Sindhupalchok,Helambu Rural Municipality,Information & Inquiry,Completed,2,2026-07-26,2026-07-26,Official municipality staff directory rechecked; unique public role contacts added and existing directory contacts deduplicated.
Bagmati,Sindhupalchok,Helambu Rural Municipality,Ward Offices,Completed,4,2026-07-26,2026-07-26,Official municipality staff directory rechecked; unique public role contacts added and existing directory contacts deduplicated.
Bagmati,Sindhupalchok,Helambu Rural Municipality,Women & Children,Completed,1,2026-07-26,2026-07-26,Official municipality staff directory rechecked; unique public role contacts added and existing directory contacts deduplicated.
Bagmati,Sindhupalchok,Balephi Rural Municipality,Government Services,Completed,11,2026-07-26,2026-07-26,Official municipality staff directory rechecked; unique public role contacts added and existing directory contacts deduplicated.
Bagmati,Sindhupalchok,Balephi Rural Municipality,Ward Offices,Completed,1,2026-07-26,2026-07-26,Official municipality staff directory rechecked; unique public role contacts added and existing directory contacts deduplicated.
Bagmati,Sindhupalchok,Panchpokhari Thangpal Rural Municipality,Government Services,Completed,9,2026-07-26,2026-07-26,Official municipality staff directory rechecked; unique public role contacts added and existing directory contacts deduplicated.
Bagmati,Sindhupalchok,Panchpokhari Thangpal Rural Municipality,Information & Inquiry,Completed,1,2026-07-26,2026-07-26,Official municipality staff directory rechecked; unique public role contacts added and existing directory contacts deduplicated.
Bagmati,Sindhupalchok,Panchpokhari Thangpal Rural Municipality,Ward Offices,Completed,2,2026-07-26,2026-07-26,Official municipality staff directory rechecked; unique public role contacts added and existing directory contacts deduplicated.
Bagmati,Sindhupalchok,Panchpokhari Thangpal Rural Municipality,Women & Children,Completed,1,2026-07-26,2026-07-26,Official municipality staff directory rechecked; unique public role contacts added and existing directory contacts deduplicated.
Bagmati,Sindhupalchok,Sunkoshi Rural Municipality,Government Services,Completed,12,2026-07-26,2026-07-26,Official municipality staff directory rechecked; unique public role contacts added and existing directory contacts deduplicated.
Bagmati,Sindhupalchok,Sunkoshi Rural Municipality,Health & Ambulance,Completed,1,2026-07-26,2026-07-26,Official municipality staff directory rechecked; unique public role contacts added and existing directory contacts deduplicated.
Bagmati,Sindhupalchok,Sunkoshi Rural Municipality,Information & Inquiry,Completed,5,2026-07-26,2026-07-26,Official municipality staff directory rechecked; unique public role contacts added and existing directory contacts deduplicated.
Bagmati,Sindhupalchok,Sunkoshi Rural Municipality,Ward Offices,Completed,5,2026-07-26,2026-07-26,Official municipality staff directory rechecked; unique public role contacts added and existing directory contacts deduplicated.
Bagmati,Sindhupalchok,Tripurasundari Rural Municipality,Government Services,Completed,11,2026-07-26,2026-07-26,Official municipality staff directory rechecked; unique public role contacts added and existing directory contacts deduplicated.
Bagmati,Sindhupalchok,Tripurasundari Rural Municipality,Health & Ambulance,Completed,2,2026-07-26,2026-07-26,Official municipality staff directory rechecked; unique public role contacts added and existing directory contacts deduplicated.
Bagmati,Sindhupalchok,Tripurasundari Rural Municipality,Information & Inquiry,Completed,3,2026-07-26,2026-07-26,Official municipality staff directory rechecked; unique public role contacts added and existing directory contacts deduplicated.
Bagmati,Sindhupalchok,Bhotekoshi Rural Municipality,Government Services,Completed,4,2026-07-26,2026-07-26,Official municipality homepage checked; public office and role contacts added. Staff endpoint remains pending for later roster expansion.
Bagmati,Sindhupalchok,Bhotekoshi Rural Municipality,Information & Inquiry,Completed,1,2026-07-26,2026-07-26,Official municipality homepage checked; public office and role contacts added. Staff endpoint remains pending for later roster expansion.
Bagmati,Sindhupalchok,Lisankhu Pakhar Rural Municipality,Government Services,Completed,6,2026-07-26,2026-07-26,Official homepage staff table checked; public contacts added. Further category baseline pending.
Bagmati,Sindhupalchok,Lisankhu Pakhar Rural Municipality,Information & Inquiry,Completed,1,2026-07-26,2026-07-26,Official homepage staff table checked; public contacts added. Further category baseline pending.
Bagmati,Sindhupalchok,Lisankhu Pakhar Rural Municipality,Government Services,Completed,1,2026-07-26,2026-07-26,Official homepage contact block checked; municipal office landline added.
Bagmati,Sindhupalchok,Lisankhu Pakhar Rural Municipality,Ward Offices,Completed,6,2026-07-26,2026-07-26,Official ward pages 1-3 checked; published staff contacts added. Wards 4-7 remain pending.
Bagmati,Sindhupalchok,Lisankhu Pakhar Rural Municipality,Health & Ambulance,Needs Review,1,2026-07-26,2026-07-26,Official ward pages 1-3 checked; published staff contacts added. Wards 4-7 remain pending.
Bagmati,Sindhupalchok,Lisankhu Pakhar Rural Municipality,Ward Offices,Completed,8,2026-07-26,2026-07-26,Official ward pages 4-6 checked; published staff contacts added. Ward 7 remains pending.
Bagmati,Sindhupalchok,Lisankhu Pakhar Rural Municipality,Health & Ambulance,Completed,1,2026-07-26,2026-07-26,Official ward pages 4-6 checked; published staff contacts added. Ward 7 remains pending.
Bagmati,Sindhupalchok,Lisankhu Pakhar Rural Municipality,Ward Offices,Completed,0,2026-07-26,2026-07-26,Official ward pages 1-7 checked. Ward 7 page was reachable but published no contact table or phone number.
Bagmati,Sindhupalchok,Lisankhu Pakhar Rural Municipality,Police & Security,Completed,2,2026-07-26,2026-07-26,"Official municipal, Nepal Police, and NEA sources checked; published contacts added."
Bagmati,Sindhupalchok,Lisankhu Pakhar Rural Municipality,Electricity & Utilities,Completed,1,2026-07-26,2026-07-26,"Official municipal, Nepal Police, and NEA sources checked; published contacts added."
Bagmati,Sindhupalchok,Lisankhu Pakhar Rural Municipality,Government Services,Completed,3,2026-07-26,2026-07-26,"Official municipal, Nepal Police, and NEA sources checked; published contacts added."
Bagmati,Sindhupalchok,Lisankhu Pakhar Rural Municipality,Health & Ambulance,Needs Review,1,2026-07-26,2026-07-26,"Official municipal, Nepal Police, and NEA sources checked; published contacts added."
Bagmati,Sindhupalchok,Lisankhu Pakhar Rural Municipality,Emergency Services,Completed,2,2026-07-26,2026-07-26,Official national service source checked; Lisankhu Pakhar coverage record added.
Bagmati,Sindhupalchok,Lisankhu Pakhar Rural Municipality,Health & Ambulance,Completed,1,2026-07-26,2026-07-26,Official national service source checked; Lisankhu Pakhar coverage record added.
Bagmati,Sindhupalchok,Lisankhu Pakhar Rural Municipality,Women & Children,Completed,2,2026-07-26,2026-07-26,Official national service source checked; Lisankhu Pakhar coverage record added.
Bagmati,Sindhupalchok,Lisankhu Pakhar Rural Municipality,Disaster & Rescue,Completed,1,2026-07-26,2026-07-26,Official national service source checked; Lisankhu Pakhar coverage record added.
Bagmati,Sindhupalchok,Lisankhu Pakhar Rural Municipality,Government Complaints,Completed,1,2026-07-26,2026-07-26,Official national service source checked; Lisankhu Pakhar coverage record added.
Bagmati,Sindhupalchok,Lisankhu Pakhar Rural Municipality,Travel & Tourism,Needs Review,2,2026-07-26,2026-07-26,Official tourism and local public-directory sources checked; published contacts added.
Bagmati,Sindhupalchok,Lisankhu Pakhar Rural Municipality,Hospitals,Needs Review,0,2026-07-26,2026-07-26,"Official and public sources identify local health facilities, but no hospital or health-post phone number was published. Source checked: https://nta.gov.np/rtdf/detail/4/162"
Bagmati,Sindhupalchok,Bhotekoshi Rural Municipality,Government Services,Completed,22,2026-07-26,2026-07-26,Official municipal staff directory checked; published contacts added after deduplication.
Bagmati,Sindhupalchok,Bhotekoshi Rural Municipality,Health & Ambulance,Completed,2,2026-07-26,2026-07-26,Official municipal staff directory checked; published contacts added after deduplication.
Bagmati,Sindhupalchok,Bhotekoshi Rural Municipality,Government Complaints,Completed,1,2026-07-26,2026-07-26,Official municipal staff directory checked; published contacts added after deduplication.
Bagmati,Sindhupalchok,Bhotekoshi Rural Municipality,Electricity & Utilities,Completed,1,2026-07-26,2026-07-26,Official municipal staff directory checked; published contacts added after deduplication.
Bagmati,Sindhupalchok,Bhotekoshi Rural Municipality,Police & Security,Completed,1,2026-07-26,2026-07-26,Official municipal staff directory checked; published contacts added after deduplication.
Bagmati,Sindhupalchok,Bhotekoshi Rural Municipality,Ward Offices,Completed,5,2026-07-26,2026-07-26,Official ward pages 1-5 checked; ward chair contacts added.
Bagmati,Sindhupalchok,Bhotekoshi Rural Municipality,Emergency Services,Completed,2,2026-07-26,2026-07-26,"Current official national, police, NEA, and government sources checked; Bhotekoshi coverage record added."
Bagmati,Sindhupalchok,Bhotekoshi Rural Municipality,Health & Ambulance,Completed,1,2026-07-26,2026-07-26,"Current official national, police, NEA, and government sources checked; Bhotekoshi coverage record added."
Bagmati,Sindhupalchok,Bhotekoshi Rural Municipality,Women & Children,Completed,2,2026-07-26,2026-07-26,"Current official national, police, NEA, and government sources checked; Bhotekoshi coverage record added."
Bagmati,Sindhupalchok,Bhotekoshi Rural Municipality,Disaster & Rescue,Completed,1,2026-07-26,2026-07-26,"Current official national, police, NEA, and government sources checked; Bhotekoshi coverage record added."
Bagmati,Sindhupalchok,Bhotekoshi Rural Municipality,Government Complaints,Completed,1,2026-07-26,2026-07-26,"Current official national, police, NEA, and government sources checked; Bhotekoshi coverage record added."
Bagmati,Sindhupalchok,Bhotekoshi Rural Municipality,Travel & Tourism,Completed,1,2026-07-26,2026-07-26,"Current official national, police, NEA, and government sources checked; Bhotekoshi coverage record added."
Bagmati,Sindhupalchok,Bhotekoshi Rural Municipality,Electricity & Utilities,Completed,1,2026-07-26,2026-07-26,"Current official national, police, NEA, and government sources checked; Bhotekoshi coverage record added."
Bagmati,Sindhupalchok,Bhotekoshi Rural Municipality,Travel & Tourism,Completed,2,2026-07-26,2026-07-26,Official tourism operator websites checked; direct public contacts added.
Bagmati,Sindhupalchok,Bhotekoshi Rural Municipality,Hospitals,Needs Review,0,2026-07-26,2026-07-26,"Official and public sources identify Fulpingkatti, Listikot, Marming, and Tatopani health facilities but publish no direct phone number."
Bagmati,Kavrepalanchok,Khanikhola Rural Municipality,Government Services,Completed,10,2026-07-26,2026-07-26,Official municipal staff directory checked; published contacts added after deduplication.
Bagmati,Kavrepalanchok,Khanikhola Rural Municipality,Ward Offices,Completed,6,2026-07-26,2026-07-26,Official municipal staff directory checked; published contacts added after deduplication.
Bagmati,Kavrepalanchok,Khanikhola Rural Municipality,Electricity & Utilities,Completed,1,2026-07-26,2026-07-26,Official municipal staff directory checked; published contacts added after deduplication.
Bagmati,Kavrepalanchok,Khanikhola Rural Municipality,Ward Offices,Needs Review,29,2026-07-26,2026-07-26,Archived 2018 official ward rosters checked; additional representative contacts added as low-confidence records pending current confirmation.
Bagmati,Kavrepalanchok,Khanikhola Rural Municipality,Health & Ambulance,Needs Review,5,2026-07-26,2026-07-26,"Official registry checked: 10 functional local facilities identified, five public direct phones added. No public direct ambulance number found; five facilities have no published phone."
Bagmati,Kavrepalanchok,Khanikhola Rural Municipality,Disaster & Rescue,Needs Review,2,2026-07-26,2026-07-26,Official disaster and rescue sources checked. Added fire short code and district Red Cross contact; no local responder or ambulance dispatch number publicly published.
Bagmati,Kavrepalanchok,Khanikhola Rural Municipality,Electricity & Utilities,Needs Review,0,2026-07-26,2026-07-26,Public sources checked for water supply contacts. No Khanikhola water utility or direct water-service phone found; existing NEA coverage remains in directory.
Bagmati,Kavrepalanchok,Mahabharat Rural Municipality,Information & Inquiry,In Progress,3,2026-07-26,,Official current staff directory batch imported; category research remains in progress.
Bagmati,Kavrepalanchok,Mahabharat Rural Municipality,Health & Ambulance,In Progress,1,2026-07-26,,Official current staff directory batch imported; category research remains in progress.
Bagmati,Kavrepalanchok,Mahabharat Rural Municipality,Health & Ambulance,Completed,11,2026-07-26,2026-07-26,Official staff and Health Facility Registry searched. Eleven functional facilities with public phones added; Budhakhani Birthing Center is functional but has no published direct contact.
Bagmati,Kavrepalanchok,Mahabharat Rural Municipality,Disaster & Rescue,Needs Review,2,2026-07-26,2026-07-26,Official disaster and rescue sources searched. Added Bagmati fire code and district Red Cross contact; no separate municipal disaster desk or local water-rescue number publicly published.
Bagmati,Kavrepalanchok,Mahabharat Rural Municipality,Government Complaints,Needs Review,0,2026-07-26,2026-07-26,Official municipal services searched. Existing municipal complaint routing and Hello Sarkar entries retained; no additional direct complaint-desk number published.
Bagmati,Kavrepalanchok,Roshi Rural Municipality,Government Services,In Progress,17,2026-07-26,,Additional current contacts imported from the official staff directory; category research remains in progress.
Bagmati,Kavrepalanchok,Roshi Rural Municipality,Ward Offices,In Progress,1,2026-07-26,,Additional current contacts imported from the official staff directory; category research remains in progress.
Bagmati,Kavrepalanchok,Roshi Rural Municipality,Health & Ambulance,Completed,10,2026-07-26,2026-07-26,Official staff and Health Facility Registry searched. Functional facilities with valid public contacts added; Walting Health Post lists only a nine-digit contact and needs manual confirmation.
Bagmati,Kavrepalanchok,Roshi Rural Municipality,Hospitals,Completed,1,2026-07-26,2026-07-26,Official registry searched. Roshi Temporary Hospital added; current registry data used to strengthen existing facility records.
Bagmati,Kavrepalanchok,Roshi Rural Municipality,Ward Offices,Needs Review,8,2026-07-26,2026-07-26,Archived 2018 ward pages checked for wards 1-2; additional representative contacts added as low-confidence records pending current confirmation.
Bagmati,Kavrepalanchok,Roshi Rural Municipality,Police & Security,Completed,1,2026-07-26,2026-07-26,Official Nepal Police directory checked; Mangaltar police office added alongside existing district contacts.
Bagmati,Kavrepalanchok,Roshi Rural Municipality,Disaster & Rescue,Needs Review,2,2026-07-26,2026-07-26,Official sources checked. Added Bagmati fire code and district Red Cross contact; no separate municipal disaster desk or local rescue dispatch number publicly published.
Bagmati,Kavrepalanchok,Roshi Rural Municipality,Ward Offices,Needs Review,1,2026-07-26,2026-07-26,Archived Ward 9 page has an additional 2018 office number; added as review-only. Remaining ward pages either lack role contacts or duplicate current office numbers.
Bagmati,Kavrepalanchok,Temal Rural Municipality,Health & Ambulance,Completed,13,2026-07-26,2026-07-26,Official Health Facility Registry checked. Thirteen new valid facility contacts added; Community Health Unit Mechhe has no published direct phone.
Bagmati,Kavrepalanchok,Chauri Deurali Rural Municipality,Health & Ambulance,Completed,10,2026-07-26,2026-07-26,Official Health Facility Registry rechecked. Ten new valid facility contacts added and DCWC Community Hospital refreshed. Majhifeda Health Post has a malformed 9-digit registry number; three listed facilities have no direct phone.
Bagmati,Kavrepalanchok,Chauri Deurali Rural Municipality,Government Services,Completed,13,2026-07-26,2026-07-26,Official staff directory rechecked. Thirteen new valid public municipal-role contacts added; nine previously listed branch contacts were already present. Two staff phone values were malformed 9-digit strings and excluded.
Bagmati,Kavrepalanchok,Chauri Deurali Rural Municipality,Ward Offices,Needs Review,21,2026-07-26,2026-07-26,"Official ward pages rechecked. Twenty-one distinct public ward-member and technical contacts added from Wards 1, 2, 3, 6, 7, and 8. Ward 4 returned no usable page content and Ward 9 timed out; retain review status until both are rechecked."
Bagmati,Nuwakot,Likhu Rural Municipality,Health & Ambulance,Completed,9,2026-07-26,2026-07-26,Official Health Facility Registry checked. All nine listed functional facilities have valid direct public contacts and were added.
Bagmati,Nuwakot,Likhu Rural Municipality,Police & Security,Completed,5,2026-07-26,2026-07-26,Official Nepal Police directory checked. District Police Office public service contacts and Police Post Bhairavi added.
Bagmati,Nuwakot,Likhu Rural Municipality,Emergency Services,Completed,3,2026-07-26,2026-07-26,"Official police and government emergency guidance checked. Police, fire, and traffic emergency short codes added."
Bagmati,Nuwakot,Likhu Rural Municipality,Disaster & Rescue,Completed,2,2026-07-26,2026-07-26,Official NEOC and Nepal Red Cross sources checked. National disaster helpline and Nuwakot District Chapter contacts added.
Bagmati,Nuwakot,Likhu Rural Municipality,Government Services,Completed,23,2026-07-26,2026-07-26,"Official staff directory checked. Twenty-three valid public municipal-role contacts added; health, psychosocial, and ward-role contacts are handled in their respective categories."
Bagmati,Nuwakot,Likhu Rural Municipality,Ward Offices,Needs Review,15,2026-07-26,2026-07-26,"Official elected-official, staff, and Ward 1 pages checked. Six ward chairs, five ward secretaries, three ward technical contacts, and Ward 1 direct office number added. Ward 2 has no separate current office or secretary number published in the checked sources."
Bagmati,Nuwakot,Likhu Rural Municipality,Women & Children,Completed,4,2026-07-26,2026-07-26,"Official municipal staff, National Women Commission, and Ministry child helpline sources checked. Two local support roles and two national helplines added."
Bagmati,Nuwakot,Likhu Rural Municipality,Health & Ambulance,Completed,2,2026-07-26,2026-07-26,Official staff directory rechecked. Health coordinator and health technical contacts added; no dedicated ambulance number is published in the checked source.
Bagmati,Nuwakot,Likhu Rural Municipality,Government Complaints,Completed,2,2026-07-26,2026-07-26,Official municipal homepage and Hello Sarkar portal checked. Municipal public intake and national complaint contacts added; no separately named local grievance officer is published.
Bagmati,Nuwakot,Likhu Rural Municipality,Information & Inquiry,Completed,2,2026-07-26,2026-07-26,Official staff and homepage contact pages checked. Named Information Officer and general municipal inquiry contacts added.
Bagmati,Nuwakot,Likhu Rural Municipality,Electricity & Utilities,Completed,1,2026-07-26,2026-07-26,Official NEA Nuwakot Distribution Center directory checked. Electricity service contact added; no separate official water-supply contact surfaced.
Bagmati,Nuwakot,Likhu Rural Municipality,Travel & Tourism,Completed,1,2026-07-26,2026-07-26,"Official Tourist Police page checked. National tourist safety, assistance, and complaint hotline added."
Bagmati,Nuwakot,Dupcheshwor Rural Municipality,Government Services,Completed,33,2026-07-26,2026-07-26,Official staff directory checked. All current public role contacts with valid direct telephone numbers were added.
Bagmati,Nuwakot,Likhu Rural Municipality,Hospitals,Needs Review,0,2026-07-26,,"Official municipal website and Nepal Health Facility Registry checked. The registry lists health posts, community health units and Ayurveda facilities, but no hospital-level facility or public hospital contact."
Bagmati,Nuwakot,Dupcheshwor Rural Municipality,Health & Ambulance,Completed,6,2026-07-26,2026-07-26,Official Health Facility Registry checked. Six functional facilities with valid direct public telephone numbers were added; other listed facilities have no published telephone.
Bagmati,Nuwakot,Dupcheshwor Rural Municipality,Police & Security,Completed,5,2026-07-26,2026-07-26,Official Nepal Police Nuwakot emergency-contact directory checked. District and public police-post contacts added.
Bagmati,Nuwakot,Dupcheshwor Rural Municipality,Emergency Services,Completed,3,2026-07-26,2026-07-26,"Official police and tourism emergency sources checked. National police, fire, and traffic short-code coverage added."
Bagmati,Nuwakot,Dupcheshwor Rural Municipality,Disaster & Rescue,Completed,2,2026-07-26,2026-07-26,Official Ministry of Home Affairs and Nepal Red Cross sources checked. National disaster and district humanitarian-response contacts added.
Bagmati,Nuwakot,Dupcheshwor Rural Municipality,Women & Children,Completed,4,2026-07-26,2026-07-26,Official municipal staff directory and national women/child protection sources checked. Two local welfare officers and two national protection hotlines added.
Bagmati,Nuwakot,Dupcheshwor Rural Municipality,Information & Inquiry,Completed,2,2026-07-26,2026-07-26,Official municipal staff directory and municipality-branded tourism portal checked. Named Information Officer and municipal inquiry contact added.
Bagmati,Nuwakot,Dupcheshwor Rural Municipality,Government Complaints,Completed,1,2026-07-26,2026-07-26,Official OPMCM Hello Sarkar complaint portal checked. Nationwide complaint channel added; no separately named municipal grievance office was found.
Bagmati,Nuwakot,Dupcheshwor Rural Municipality,Travel & Tourism,Completed,1,2026-07-26,2026-07-26,Municipality-branded tourism portal checked. Public tourism contact point added.
Bagmati,Nuwakot,Dupcheshwor Rural Municipality,Electricity & Utilities,Completed,1,2026-07-26,2026-07-26,Official NEA Nuwakot Distribution Center directory checked. Electricity contact added; no separate official water-supply contact surfaced.
Bagmati,Nuwakot,Dupcheshwor Rural Municipality,Ward Offices,Completed,33,2026-07-26,2026-07-26,All seven official ward pages checked. Thirty-two representative contacts and the current Ward 4 Secretary contact were added; two Ward 7 members have no phone published on the source page.
Bagmati,Nuwakot,Dupcheshwor Rural Municipality,Hospitals,Needs Review,0,2026-07-26,,"Official Health Facility Registry checked. It lists basic health service centres and an Ayurveda service centre, but no hospital-level facility or public hospital contact."
Bagmati,Nuwakot,Panchakanya Rural Municipality,Health & Ambulance,Completed,9,2026-07-26,2026-07-26,Official Health Facility Registry checked. Nine functional non-hospital facilities with valid direct public phone numbers were added.
Bagmati,Nuwakot,Panchakanya Rural Municipality,Hospitals,Completed,1,2026-07-26,2026-07-26,Official Health Facility Registry checked. Panchakanya Hospital is listed as functional with a valid direct public phone number.
Bagmati,Nuwakot,Panchakanya Rural Municipality,Government Services,Completed,32,2026-07-26,2026-07-26,Official staff directory checked. All current public role contacts with valid direct telephone numbers were added.
Bagmati,Nuwakot,Panchakanya Rural Municipality,Police & Security,Completed,5,2026-07-26,2026-07-26,Official Nepal Police Nuwakot emergency-contact directory checked. District and public police-post contacts added.
Bagmati,Nuwakot,Panchakanya Rural Municipality,Emergency Services,Completed,3,2026-07-26,2026-07-26,"Official police and tourism emergency sources checked. National police, fire, and traffic short-code coverage added."
Bagmati,Nuwakot,Panchakanya Rural Municipality,Disaster & Rescue,Completed,2,2026-07-26,2026-07-26,Official Ministry of Home Affairs and Nepal Red Cross sources checked. National disaster and district humanitarian-response contacts added.
Bagmati,Nuwakot,Panchakanya Rural Municipality,Women & Children,Completed,3,2026-07-26,2026-07-26,Official municipal staff directory and national women/child protection sources checked. Local Child Welfare Officer and national protection hotlines added.
Bagmati,Nuwakot,Panchakanya Rural Municipality,Information & Inquiry,Completed,1,2026-07-26,2026-07-26,Official municipal staff directory checked. Named Information Officer added.
Bagmati,Nuwakot,Panchakanya Rural Municipality,Government Complaints,Completed,1,2026-07-26,2026-07-26,Official OPMCM Hello Sarkar complaint portal checked. Nationwide complaint channel added; no separately named municipal grievance office was found.
Bagmati,Nuwakot,Panchakanya Rural Municipality,Electricity & Utilities,Completed,1,2026-07-26,2026-07-26,Official NEA Nuwakot Distribution Center directory checked. Electricity contact added; no separate official water-supply contact surfaced.
Bagmati,Nuwakot,Panchakanya Rural Municipality,Travel & Tourism,Completed,1,2026-07-26,2026-07-26,"Official Nepal Police Tourist Police directory checked. National tourist safety, assistance and complaint contact added."
Bagmati,Nuwakot,Panchakanya Rural Municipality,Ward Offices,Completed,9,2026-07-26,2026-07-26,All five official ward pages checked. Five ward-office contacts and four current ward-secretary contacts were added; no current Ward 4 Secretary was published in the staff directory.
Bagmati,Nuwakot,Kakani Rural Municipality,Health & Ambulance,Completed,8,2026-07-26,2026-07-26,Official Health Facility Registry checked. Eight functional facilities with valid direct public telephone numbers were added.
Bagmati,Nuwakot,Kakani Rural Municipality,Hospitals,Needs Review,0,2026-07-26,,"Official Health Facility Registry checked. It lists basic health service centres and a primary health centre, but no hospital-level facility or public hospital contact."
Bagmati,Nuwakot,Kakani Rural Municipality,Government Services,Completed,35,2026-07-26,2026-07-26,Official staff directory checked. All current public role contacts with valid direct telephone numbers were added.
Bagmati,Nuwakot,Kakani Rural Municipality,Police & Security,Completed,5,2026-07-26,2026-07-26,Official Nepal Police Nuwakot directory checked. District and public police-post contacts added.
Bagmati,Nuwakot,Kakani Rural Municipality,Emergency Services,Completed,3,2026-07-26,2026-07-26,"Official police and tourism emergency sources checked. Police, fire and traffic short-code coverage added."
Bagmati,Nuwakot,Kakani Rural Municipality,Disaster & Rescue,Completed,2,2026-07-26,2026-07-26,Official Ministry of Home Affairs and Nepal Red Cross sources checked. Disaster and humanitarian-response contacts added.
Bagmati,Nuwakot,Kakani Rural Municipality,Women & Children,Completed,3,2026-07-26,2026-07-26,Official municipal staff directory and national protection sources checked. Local branch contact and national hotlines added.
Bagmati,Nuwakot,Kakani Rural Municipality,Information & Inquiry,Completed,1,2026-07-26,2026-07-26,Official staff directory checked. Named Information Officer added.
Bagmati,Nuwakot,Kakani Rural Municipality,Government Complaints,Completed,1,2026-07-26,2026-07-26,Official Hello Sarkar portal checked. Nationwide complaint channel added.
Bagmati,Nuwakot,Kakani Rural Municipality,Electricity & Utilities,Completed,1,2026-07-26,2026-07-26,Official NEA Nuwakot directory checked. Electricity contact added; no official water contact surfaced.
Bagmati,Nuwakot,Kakani Rural Municipality,Travel & Tourism,Completed,1,2026-07-26,2026-07-26,Official Tourist Police directory checked. Tourist safety contact added.
Bagmati,Nuwakot,Kakani Rural Municipality,Ward Offices,Needs Review,8,2026-07-26,,Official representatives directory checked. All eight Ward Chair contacts added. Ward profile pages did not expose usable direct office contacts or current secretary contacts.
Bagmati,Nuwakot,Tadi Rural Municipality,Government Services,Completed,23,2026-07-26,2026-07-26,Official staff directory checked. All current public role contacts with valid direct telephone numbers were added.
Bagmati,Nuwakot,Tadi Rural Municipality,Police & Security,Completed,5,2026-07-26,2026-07-26,Official Nepal Police Nuwakot directory checked. District and public police-post contacts added.
Bagmati,Nuwakot,Tadi Rural Municipality,Emergency Services,Completed,3,2026-07-26,2026-07-26,"Official police and tourism emergency sources checked. Police, fire and traffic short-code coverage added."
Bagmati,Nuwakot,Tadi Rural Municipality,Disaster & Rescue,Completed,2,2026-07-26,2026-07-26,Official Ministry of Home Affairs and Nepal Red Cross sources checked. Disaster and humanitarian-response contacts added.
Bagmati,Nuwakot,Tadi Rural Municipality,Women & Children,Completed,3,2026-07-26,2026-07-26,Official municipal staff directory and national protection sources checked. Local branch contact and national hotlines added.
Bagmati,Nuwakot,Tadi Rural Municipality,Information & Inquiry,Completed,1,2026-07-26,2026-07-26,Official staff directory checked. Named Information Officer added.
Bagmati,Nuwakot,Tadi Rural Municipality,Government Complaints,Completed,1,2026-07-26,2026-07-26,Official Hello Sarkar portal checked. Nationwide complaint channel added.
Bagmati,Nuwakot,Tadi Rural Municipality,Electricity & Utilities,Completed,1,2026-07-26,2026-07-26,Official NEA Nuwakot directory checked. Electricity contact added; no official water contact surfaced.
Bagmati,Nuwakot,Tadi Rural Municipality,Travel & Tourism,Completed,1,2026-07-26,2026-07-26,Official Tourist Police directory checked. Tourist safety contact added.
Bagmati,Nuwakot,Tadi Rural Municipality,Ward Offices,Needs Review,6,2026-07-26,,Official representatives directory checked. All six Ward Chair contacts added; direct ward-office and current secretary contacts were not published in the sources checked.
Bagmati,Nuwakot,Suryagadhi Rural Municipality,Government Services,Completed,35,2026-07-26,2026-07-26,Official staff directory checked. All current public role contacts with valid direct telephone numbers were added.
Bagmati,Nuwakot,Suryagadhi Rural Municipality,Police & Security,Completed,5,2026-07-26,2026-07-26,Official Nepal Police Nuwakot directory checked. District and public police-post contacts added.
Bagmati,Nuwakot,Suryagadhi Rural Municipality,Emergency Services,Completed,3,2026-07-26,2026-07-26,"Official police and tourism emergency sources checked. Police, fire and traffic short-code coverage added."
Bagmati,Nuwakot,Suryagadhi Rural Municipality,Disaster & Rescue,Completed,2,2026-07-26,2026-07-26,Official Ministry of Home Affairs and Nepal Red Cross sources checked. Disaster and humanitarian-response contacts added.
Bagmati,Nuwakot,Suryagadhi Rural Municipality,Women & Children,Completed,3,2026-07-26,2026-07-26,Official municipal staff directory and national protection sources checked. Local branch contact and national hotlines added.
Bagmati,Nuwakot,Suryagadhi Rural Municipality,Information & Inquiry,Completed,1,2026-07-26,2026-07-26,Official staff directory checked. Named Information Officer added.
Bagmati,Nuwakot,Suryagadhi Rural Municipality,Government Complaints,Completed,1,2026-07-26,2026-07-26,Official Hello Sarkar portal checked. Nationwide complaint channel added.
Bagmati,Nuwakot,Suryagadhi Rural Municipality,Electricity & Utilities,Completed,1,2026-07-26,2026-07-26,Official NEA Nuwakot directory checked. Electricity contact added; no official water contact surfaced.
Bagmati,Nuwakot,Suryagadhi Rural Municipality,Travel & Tourism,Completed,1,2026-07-26,2026-07-26,Official Tourist Police directory checked. Tourist safety contact added.
Bagmati,Nuwakot,Suryagadhi Rural Municipality,Ward Offices,Needs Review,5,2026-07-26,,Official representatives directory checked. All five Ward Chair contacts added; direct ward-office and current secretary contacts were not published.
Bagmati,Nuwakot,Meghang Rural Municipality,Government Services,Completed,18,2026-07-26,2026-07-26,Official staff directory checked. All current public role contacts with valid direct telephone numbers were added.
Bagmati,Nuwakot,Meghang Rural Municipality,Police & Security,Completed,5,2026-07-26,2026-07-26,Official Nepal Police Nuwakot directory checked. District and public police-post contacts added.
Bagmati,Nuwakot,Meghang Rural Municipality,Emergency Services,Completed,3,2026-07-26,2026-07-26,"Official police and tourism emergency sources checked. Police, fire and traffic short-code coverage added."
Bagmati,Nuwakot,Meghang Rural Municipality,Disaster & Rescue,Completed,2,2026-07-26,2026-07-26,Official Ministry of Home Affairs and Nepal Red Cross sources checked. Disaster and humanitarian-response contacts added.
Bagmati,Nuwakot,Meghang Rural Municipality,Women & Children,Completed,3,2026-07-26,2026-07-26,Official municipal staff directory and national protection sources checked. Local branch contact and national hotlines added.
Bagmati,Nuwakot,Meghang Rural Municipality,Information & Inquiry,Completed,1,2026-07-26,2026-07-26,Official staff directory checked. Named Information Officer added.
Bagmati,Nuwakot,Meghang Rural Municipality,Government Complaints,Completed,1,2026-07-26,2026-07-26,Official Hello Sarkar portal checked. Nationwide complaint channel added.
Bagmati,Nuwakot,Meghang Rural Municipality,Electricity & Utilities,Completed,1,2026-07-26,2026-07-26,Official NEA Nuwakot directory checked. Electricity contact added; no official water contact surfaced.
Bagmati,Nuwakot,Meghang Rural Municipality,Travel & Tourism,Completed,1,2026-07-26,2026-07-26,Official Tourist Police directory checked. Tourist safety contact added.
Bagmati,Nuwakot,Meghang Rural Municipality,Ward Offices,Needs Review,6,2026-07-26,,Official representatives directory checked. All six Ward Chair contacts added; direct ward-office and current secretary contacts were not published in the sources checked.
Bagmati,Nuwakot,Shivapuri Rural Municipality,Government Services,Completed,32,2026-07-26,2026-07-26,Official staff directory checked. All current public role contacts with valid direct telephone numbers were added.
Bagmati,Nuwakot,Shivapuri Rural Municipality,Police & Security,Completed,5,2026-07-26,2026-07-26,Official Nepal Police Nuwakot directory checked. District and public police-post contacts added.
Bagmati,Nuwakot,Shivapuri Rural Municipality,Emergency Services,Completed,3,2026-07-26,2026-07-26,"Official police and tourism emergency sources checked. Police, fire and traffic short-code coverage added."
Bagmati,Nuwakot,Shivapuri Rural Municipality,Disaster & Rescue,Completed,2,2026-07-26,2026-07-26,Official Ministry of Home Affairs and Nepal Red Cross sources checked. Disaster and humanitarian-response contacts added.
Bagmati,Nuwakot,Shivapuri Rural Municipality,Women & Children,Completed,3,2026-07-26,2026-07-26,Official municipal staff directory and national protection sources checked. Local branch contact and national hotlines added.
Bagmati,Nuwakot,Shivapuri Rural Municipality,Information & Inquiry,Completed,1,2026-07-26,2026-07-26,Official staff directory checked. Named Information Officer added.
Bagmati,Nuwakot,Shivapuri Rural Municipality,Government Complaints,Completed,1,2026-07-26,2026-07-26,Official Hello Sarkar portal checked. Nationwide complaint channel added.
Bagmati,Nuwakot,Shivapuri Rural Municipality,Electricity & Utilities,Completed,1,2026-07-26,2026-07-26,Official NEA Nuwakot directory checked. Electricity contact added; no official water contact surfaced.
Bagmati,Nuwakot,Shivapuri Rural Municipality,Travel & Tourism,Completed,1,2026-07-26,2026-07-26,Official Tourist Police directory checked. Tourist safety contact added.
Bagmati,Nuwakot,Shivapuri Rural Municipality,Ward Offices,Needs Review,8,2026-07-26,,Official representatives directory checked. All eight Ward Chair contacts added. Ward profile pages did not expose usable direct office contacts or current secretary contacts.
Bagmati,Nuwakot,Bidur Municipality,Government Services,Completed,59,2026-07-26,2026-07-26,Official staff directory checked. All current public role contacts with valid direct telephone numbers were added.
Bagmati,Nuwakot,Bidur Municipality,Ward Offices,Completed,13,2026-07-26,2026-07-26,Official staff directory checked. Current ward-secretary contacts added for all 13 wards; Wards 2 and 4 share one published secretary contact.
Bagmati,Nuwakot,Bidur Municipality,Hospitals,Completed,1,2026-07-26,2026-07-26,Official hospital and health-emergency sources checked. Trishuli Hospital direct contact added.
Bagmati,Nuwakot,Bidur Municipality,Police & Security,Completed,5,2026-07-26,2026-07-26,Official Nepal Police Nuwakot directory checked. District and public police-post contacts added.
Bagmati,Nuwakot,Bidur Municipality,Emergency Services,Completed,3,2026-07-26,2026-07-26,"Official police and tourism emergency sources checked. Police, fire and traffic short-code coverage added."
Bagmati,Nuwakot,Bidur Municipality,Disaster & Rescue,Completed,2,2026-07-26,2026-07-26,Official Ministry of Home Affairs and Nepal Red Cross sources checked. Disaster and humanitarian-response contacts added.
Bagmati,Nuwakot,Bidur Municipality,Women & Children,Completed,3,2026-07-26,2026-07-26,Official municipal staff directory and national protection sources checked. Local branch contact and national hotlines added.
Bagmati,Nuwakot,Bidur Municipality,Information & Inquiry,Completed,1,2026-07-26,2026-07-26,Official staff directory checked. Named Information Officer added.
Bagmati,Nuwakot,Bidur Municipality,Government Complaints,Completed,1,2026-07-26,2026-07-26,Official Hello Sarkar portal checked. Nationwide complaint channel added.
Bagmati,Nuwakot,Bidur Municipality,Electricity & Utilities,Completed,1,2026-07-26,2026-07-26,Official NEA Nuwakot directory checked. Electricity contact added; no official water contact surfaced.
Bagmati,Nuwakot,Bidur Municipality,Travel & Tourism,Completed,1,2026-07-26,2026-07-26,Official Tourist Police directory checked. Tourist safety contact added.
Bagmati,Nuwakot,Belkotgadhi Municipality,Government Services,Completed,34,2026-07-26,2026-07-26,Official staff directory checked. All current public role contacts with valid direct telephone numbers were added.
Bagmati,Nuwakot,Belkotgadhi Municipality,Police & Security,Completed,5,2026-07-26,2026-07-26,Official Nepal Police Nuwakot directory checked. District and public police-post contacts added.
Bagmati,Nuwakot,Belkotgadhi Municipality,Emergency Services,Completed,3,2026-07-26,2026-07-26,"Official police and tourism emergency sources checked. Police, fire and traffic short-code coverage added."
Bagmati,Nuwakot,Belkotgadhi Municipality,Disaster & Rescue,Completed,2,2026-07-26,2026-07-26,Official Ministry of Home Affairs and Nepal Red Cross sources checked. Disaster and humanitarian-response contacts added.
Bagmati,Nuwakot,Belkotgadhi Municipality,Women & Children,Completed,3,2026-07-26,2026-07-26,Official municipal staff directory and national protection sources checked. Local branch contact and national hotlines added.
Bagmati,Nuwakot,Belkotgadhi Municipality,Information & Inquiry,Completed,1,2026-07-26,2026-07-26,Official staff directory checked. Named Information Officer added.
Bagmati,Nuwakot,Belkotgadhi Municipality,Government Complaints,Completed,1,2026-07-26,2026-07-26,Official Hello Sarkar portal checked. Nationwide complaint channel added.
Bagmati,Nuwakot,Belkotgadhi Municipality,Electricity & Utilities,Completed,1,2026-07-26,2026-07-26,Official NEA Nuwakot directory checked. Electricity contact added; no official water contact surfaced.
Bagmati,Nuwakot,Belkotgadhi Municipality,Travel & Tourism,Completed,1,2026-07-26,2026-07-26,Official Tourist Police directory checked. Tourist safety contact added.
Bagmati,Nuwakot,Belkotgadhi Municipality,Ward Offices,Completed,5,2026-07-26,2026-07-26,"Official staff directory checked. Current Ward Secretary contacts added for Wards 4, 6, 8, 9 and 10; no other current ward-office contacts were published in the source checked."
Bagmati,Nuwakot,Belkotgadhi Municipality,Health & Ambulance,Completed,13,2026-07-26,2026-07-26,Official Health Facility Registry checked; no facility phone numbers were published. Thirteen current public municipal health-role contacts added from the official staff directory.
Bagmati,Nuwakot,Tarakeshwor Rural Municipality,Government Services,Completed,54,2026-07-26,2026-07-26,Official staff directory checked. All current public role contacts with valid direct telephone numbers were added.
Bagmati,Nuwakot,Tarakeshwor Rural Municipality,Ward Offices,Completed,10,2026-07-26,2026-07-26,Official staff directory checked. Current ward-secretary contacts added for all 13 wards; Wards 2 and 4 share one published secretary contact.
Bagmati,Nuwakot,Tarakeshwor Rural Municipality,Health & Ambulance,Completed,2,2026-07-26,2026-07-26,Official Health Facility Registry checked; no facility phone numbers were published. Thirteen current public municipal health-role contacts added from the official staff directory.
Bagmati,Nuwakot,Tarakeshwor Rural Municipality,Police & Security,Completed,5,2026-07-26,2026-07-26,Official Nepal Police Nuwakot directory checked. District and public police-post contacts added.
Bagmati,Nuwakot,Tarakeshwor Rural Municipality,Emergency Services,Completed,3,2026-07-26,2026-07-26,"Official police and tourism emergency sources checked. Police, fire and traffic short-code coverage added."
Bagmati,Nuwakot,Tarakeshwor Rural Municipality,Disaster & Rescue,Completed,2,2026-07-26,2026-07-26,Official Ministry of Home Affairs and Nepal Red Cross sources checked. Disaster and humanitarian-response contacts added.
Bagmati,Nuwakot,Tarakeshwor Rural Municipality,Women & Children,Completed,3,2026-07-26,2026-07-26,Official municipal staff directory and national protection sources checked. Local branch contact and national hotlines added.
Bagmati,Nuwakot,Tarakeshwor Rural Municipality,Information & Inquiry,Completed,1,2026-07-26,2026-07-26,Official staff directory checked. Named Information Officer added.
Bagmati,Nuwakot,Tarakeshwor Rural Municipality,Government Complaints,Completed,1,2026-07-26,2026-07-26,Official Hello Sarkar portal checked. Nationwide complaint channel added.
Bagmati,Nuwakot,Tarakeshwor Rural Municipality,Electricity & Utilities,Completed,1,2026-07-26,2026-07-26,Official NEA Nuwakot directory checked. Electricity contact added; no official water contact surfaced.
Bagmati,Nuwakot,Tarakeshwor Rural Municipality,Travel & Tourism,Completed,1,2026-07-26,2026-07-26,Official Tourist Police directory checked. Tourist safety contact added.
Bagmati,Nuwakot,Kispang Rural Municipality,Government Services,Completed,35,2026-07-26,2026-07-26,Official staff directory checked. All current public role contacts with valid direct telephone numbers were added.
Bagmati,Nuwakot,Kispang Rural Municipality,Ward Offices,Completed,8,2026-07-26,2026-07-26,Official staff directory checked. Official staff directory checked. Current public ward-office staff contacts added where published; other ward coverage requires review.
Bagmati,Nuwakot,Kispang Rural Municipality,Health & Ambulance,Completed,5,2026-07-26,2026-07-26,Official Health Facility Registry checked; no facility phone numbers were published. Thirteen current public municipal health-role contacts added from the official staff directory.
Bagmati,Nuwakot,Kispang Rural Municipality,Police & Security,Completed,5,2026-07-26,2026-07-26,Official Nepal Police Nuwakot directory checked. District and public police-post contacts added.
Bagmati,Nuwakot,Kispang Rural Municipality,Emergency Services,Completed,3,2026-07-26,2026-07-26,"Official police and tourism emergency sources checked. Police, fire and traffic short-code coverage added."
Bagmati,Nuwakot,Kispang Rural Municipality,Disaster & Rescue,Completed,2,2026-07-26,2026-07-26,Official Ministry of Home Affairs and Nepal Red Cross sources checked. Disaster and humanitarian-response contacts added.
Bagmati,Nuwakot,Kispang Rural Municipality,Women & Children,Completed,3,2026-07-28,2026-07-28,Official municipal staff directory and national protection sources checked. Local branch contact and national hotlines added.
Bagmati,Nuwakot,Kispang Rural Municipality,Information & Inquiry,Completed,1,2026-07-28,2026-07-28,Official staff directory checked. Named Information Officer added.
Bagmati,Nuwakot,Kispang Rural Municipality,Government Complaints,Completed,1,2026-07-28,2026-07-28,Official Hello Sarkar portal checked. Nationwide complaint channel added.
Bagmati,Nuwakot,Kispang Rural Municipality,Electricity & Utilities,Completed,1,2026-07-28,2026-07-28,Official NEA Nuwakot directory checked. Electricity contact added; no official water contact surfaced.
Bagmati,Nuwakot,Kispang Rural Municipality,Travel & Tourism,Completed,1,2026-07-28,2026-07-28,Official Tourist Police directory checked. Tourist safety contact added.
Bagmati,Nuwakot,Kispang Rural Municipality,Hospitals,Needs Review,0,2026-07-28,,Official municipal site and Health Facility Registry checked. No hospital-level facility or public hospital contact was identified.
Bagmati,Rasuwa,Uttargaya Rural Municipality,Government Services,Completed,17,2026-07-28,2026-07-28,Official staff directory checked. Every current public role record with a valid telephone number was added.
Bagmati,Rasuwa,Uttargaya Rural Municipality,Police & Security,Completed,7,2026-07-28,2026-07-28,Official Nepal Police directory checked. District office contacts and public posts serving the Uttargaya area were added.
Bagmati,Rasuwa,Uttargaya Rural Municipality,Health & Ambulance,Completed,1,2026-07-28,2026-07-28,"Official registry checked: seven functional facilities are listed, but only Bogatitar Community Health Unit publishes a telephone number. The remaining six need manual contact verification."
Bagmati,Rasuwa,Uttargaya Rural Municipality,Emergency Services,Completed,2,2026-07-28,2026-07-28,Official police and tourism emergency sources checked; fire and traffic emergency codes added. Police control is already recorded under Police & Security.
Bagmati,Rasuwa,Uttargaya Rural Municipality,Disaster & Rescue,Completed,2,2026-07-28,2026-07-28,Official Ministry of Home Affairs NEOC and Nepal Red Cross directories checked; national and Rasuwa response contacts added.
Bagmati,Rasuwa,Uttargaya Rural Municipality,Women & Children,Completed,2,2026-07-28,2026-07-28,Official National Women Commission and Ministry child-helpline sources checked; national protection contacts added.
Bagmati,Rasuwa,Uttargaya Rural Municipality,Government Complaints,Completed,1,2026-07-28,2026-07-28,Official Hello Sarkar portal checked; national complaint channel added.
Bagmati,Rasuwa,Uttargaya Rural Municipality,Electricity & Utilities,Completed,1,2026-07-28,2026-07-28,Official NEA directory checked; Rasuwa Distribution Center added. No official local water contact located.
Bagmati,Rasuwa,Uttargaya Rural Municipality,Travel & Tourism,Completed,1,2026-07-28,2026-07-28,Official Nepal Police Tourist Police directory checked; tourist safety contact added.
Bagmati,Rasuwa,Uttargaya Rural Municipality,Information & Inquiry,Completed,1,2026-07-28,2026-07-28,Official municipal homepage checked; public office inquiry contact added.
Bagmati,Rasuwa,Uttargaya Rural Municipality,Ward Offices,Needs Review,0,2026-07-28,2026-07-28,Official ward-office list and all five ward profiles checked. No ward telephone number is published.
Bagmati,Rasuwa,Uttargaya Rural Municipality,Hospitals,Needs Review,0,2026-07-28,2026-07-28,Official Nepal Health Facility Registry checked. Uttargaya has no listed hospital-level facility and no hospital telephone to add.
Bagmati,Rasuwa,Gosaikunda Rural Municipality,Government Services,Completed,28,2026-07-28,2026-07-28,Official staff directory checked. All non-ward current role records with public telephone numbers were added.
Bagmati,Rasuwa,Gosaikunda Rural Municipality,Ward Offices,Completed,5,2026-07-28,2026-07-28,"Official staff directory checked. Ward-secretary contacts were published for wards 1, 2, 4, 5 and 6; no Ward 3 secretary contact is listed."
Bagmati,Rasuwa,Gosaikunda Rural Municipality,Police & Security,Completed,10,2026-07-28,2026-07-28,Official Nepal Police directory checked. District-office contacts and public police posts serving Gosaikunda were added.
Bagmati,Rasuwa,Gosaikunda Rural Municipality,Health & Ambulance,Completed,2,2026-07-28,2026-07-28,Official health registry checked. Two public primary-care facility contacts were added; ten other registry facilities do not publish telephone numbers.
Bagmati,Rasuwa,Gosaikunda Rural Municipality,Hospitals,Completed,1,2026-07-28,2026-07-28,Official health registry checked. District Hospital Rasuwa is the listed hospital-level facility with a public telephone number.
Bagmati,Rasuwa,Gosaikunda Rural Municipality,Emergency Services,Completed,2,2026-07-28,2026-07-28,Official police and tourism emergency sources checked; fire and traffic emergency codes added. Police control is already recorded under Police & Security.
Bagmati,Rasuwa,Gosaikunda Rural Municipality,Disaster & Rescue,Completed,2,2026-07-28,2026-07-28,Official Ministry of Home Affairs NEOC and Nepal Red Cross directories checked; national and Rasuwa response contacts added.
Bagmati,Rasuwa,Gosaikunda Rural Municipality,Women & Children,Completed,2,2026-07-28,2026-07-28,Official National Women Commission and Ministry child-helpline sources checked; national protection contacts added.
Bagmati,Rasuwa,Gosaikunda Rural Municipality,Government Complaints,Completed,1,2026-07-28,2026-07-28,Official Hello Sarkar portal checked; national complaint channel added.
Bagmati,Rasuwa,Gosaikunda Rural Municipality,Electricity & Utilities,Completed,1,2026-07-28,2026-07-28,Official NEA directory checked; Rasuwa Distribution Center added. No official local water contact located.
Bagmati,Rasuwa,Gosaikunda Rural Municipality,Travel & Tourism,Completed,1,2026-07-28,2026-07-28,Official Nepal Police Tourist Police directory checked; tourist safety contact added.
Bagmati,Rasuwa,Naukunda Rural Municipality,Government Services,Completed,40,2026-07-28,2026-07-28,"Official staff directory checked. All non-health, non-ward-secretary public role contacts with valid telephone numbers were added."
Bagmati,Rasuwa,Naukunda Rural Municipality,Ward Offices,Completed,4,2026-07-28,2026-07-28,Official staff directory checked. Public ward-secretary contacts were added where currently listed.
Bagmati,Rasuwa,Naukunda Rural Municipality,Health & Ambulance,Completed,27,2026-07-28,2026-07-28,Official staff directory checked. Public health-branch and health-facility staff contacts were added.
Bagmati,Rasuwa,Gosaikunda Rural Municipality,Information & Inquiry,Completed,1,2026-07-28,2026-07-28,Official staff directory checked. The named Information Officer contact was added.
Bagmati,Rasuwa,Naukunda Rural Municipality,Police & Security,Completed,10,2026-07-28,2026-07-28,Official Nepal Police directory checked. District-office contacts and public police posts serving Naukunda were added.
Bagmati,Rasuwa,Naukunda Rural Municipality,Emergency Services,Completed,2,2026-07-28,2026-07-28,Official police and tourism emergency sources checked; fire and traffic emergency codes added. Police control is already recorded under Police & Security.
Bagmati,Rasuwa,Naukunda Rural Municipality,Disaster & Rescue,Completed,2,2026-07-28,2026-07-28,Official Ministry of Home Affairs NEOC and Nepal Red Cross directories checked; national and Rasuwa response contacts added.
Bagmati,Rasuwa,Naukunda Rural Municipality,Women & Children,Completed,2,2026-07-28,2026-07-28,Official National Women Commission and Ministry child-helpline sources checked; national protection contacts added.
Bagmati,Rasuwa,Naukunda Rural Municipality,Government Complaints,Completed,1,2026-07-28,2026-07-28,Official Hello Sarkar portal checked; national complaint channel added.
Bagmati,Rasuwa,Naukunda Rural Municipality,Electricity & Utilities,Completed,1,2026-07-28,2026-07-28,Official NEA directory checked; Rasuwa Distribution Center added. No official local water contact located.
Bagmati,Rasuwa,Naukunda Rural Municipality,Travel & Tourism,Completed,1,2026-07-28,2026-07-28,Official Nepal Police Tourist Police directory checked; tourist safety contact added.
Bagmati,Rasuwa,Naukunda Rural Municipality,Information & Inquiry,Completed,1,2026-07-28,2026-07-28,Official homepage checked. The published Information Officer contact was added; a distinct information-office staff number is retained in Government Services with a source conflict note.
Bagmati,Rasuwa,Aamachhodingmo Rural Municipality,Government Services,Completed,26,2026-07-28,2026-07-28,Official staff directory checked. All current public role contacts with valid telephone numbers were added.
Bagmati,Rasuwa,Aamachhodingmo Rural Municipality,Ward Offices,Completed,5,2026-07-28,2026-07-28,Official staff directory checked. All current public role contacts with valid telephone numbers were added.
Bagmati,Rasuwa,Aamachhodingmo Rural Municipality,Health & Ambulance,Completed,4,2026-07-28,2026-07-28,Official staff directory and Nepal Health Facility Registry checked. Two health-staff contacts and two facility contacts with public telephones were added.
Bagmati,Rasuwa,Naukunda Rural Municipality,Hospitals,Needs Review,0,2026-07-28,2026-07-28,"Official Nepal Health Facility Registry checked. It lists ten basic health facilities, but no hospital-level facility or public hospital telephone number."
Bagmati,Rasuwa,Aamachhodingmo Rural Municipality,Police & Security,Completed,8,2026-07-28,2026-07-28,Official Nepal Police directory checked. District-office contacts and public police posts serving Aamachhodingmo were added.
Bagmati,Rasuwa,Aamachhodingmo Rural Municipality,Emergency Services,Completed,2,2026-07-28,2026-07-28,Official police and tourism emergency sources checked; fire and traffic emergency codes added. Police control is already recorded under Police & Security.
Bagmati,Rasuwa,Aamachhodingmo Rural Municipality,Disaster & Rescue,Completed,2,2026-07-28,2026-07-28,Official Ministry of Home Affairs NEOC and Nepal Red Cross directories checked; national and Rasuwa response contacts added.
Bagmati,Rasuwa,Aamachhodingmo Rural Municipality,Women & Children,Completed,2,2026-07-28,2026-07-28,Official National Women Commission and Ministry child-helpline sources checked; national protection contacts added.
Bagmati,Rasuwa,Aamachhodingmo Rural Municipality,Government Complaints,Completed,1,2026-07-28,2026-07-28,Official Hello Sarkar portal checked; national complaint channel added.
Bagmati,Rasuwa,Aamachhodingmo Rural Municipality,Electricity & Utilities,Completed,1,2026-07-28,2026-07-28,Official NEA directory checked; Rasuwa Distribution Center added. No official local water contact located.
Bagmati,Rasuwa,Aamachhodingmo Rural Municipality,Travel & Tourism,Completed,1,2026-07-28,2026-07-28,Official Nepal Police Tourist Police directory checked; tourist safety contact added.
Bagmati,Rasuwa,Aamachhodingmo Rural Municipality,Information & Inquiry,Completed,1,2026-07-28,2026-07-28,Official municipal website checked. Named Information Officer contact added.
Bagmati,Rasuwa,Kalika Rural Municipality,Government Services,Completed,38,2026-07-28,2026-07-28,"Both pages of the official Kalika Rural Municipality staff directory were checked. All current non-health, non-ward-secretary public role contacts with valid telephone numbers were added."
Bagmati,Rasuwa,Kalika Rural Municipality,Ward Offices,Completed,4,2026-07-28,2026-07-28,"Both pages of the official staff directory were checked. Public ward-secretary contacts were added for wards 1, 2, 4 and 5; Ward 3 has no published secretary phone."
Bagmati,Rasuwa,Kalika Rural Municipality,Health & Ambulance,Completed,2,2026-07-28,2026-07-28,Both pages of the official staff directory were checked. Public health-branch role contacts with valid telephone numbers were added.
Bagmati,Rasuwa,Kalika Rural Municipality,Police & Security,Completed,7,2026-07-28,2026-07-28,Official Nepal Police directory checked. District-office contacts and public police posts serving Kalika were added.
Bagmati,Rasuwa,Kalika Rural Municipality,Emergency Services,Completed,2,2026-07-28,2026-07-28,Official police and tourism emergency sources checked; fire and traffic emergency codes added. Police control is already recorded under Police & Security.
Bagmati,Rasuwa,Kalika Rural Municipality,Disaster & Rescue,Completed,2,2026-07-28,2026-07-28,Official Ministry of Home Affairs NEOC and Nepal Red Cross directories checked; national and Rasuwa response contacts added.
Bagmati,Rasuwa,Kalika Rural Municipality,Women & Children,Completed,2,2026-07-28,2026-07-28,Official National Women Commission and Ministry child-helpline sources checked; national protection contacts added.
Bagmati,Rasuwa,Kalika Rural Municipality,Government Complaints,Completed,1,2026-07-28,2026-07-28,Official Hello Sarkar portal checked; national complaint channel added.
Bagmati,Rasuwa,Kalika Rural Municipality,Electricity & Utilities,Completed,1,2026-07-28,2026-07-28,Official NEA directory checked; Rasuwa Distribution Center added. No official local water contact located.
Bagmati,Rasuwa,Kalika Rural Municipality,Travel & Tourism,Completed,1,2026-07-28,2026-07-28,Official Nepal Police Tourist Police directory checked; tourist safety contact added.
Bagmati,Rasuwa,Kalika Rural Municipality,Information & Inquiry,Completed,1,2026-07-28,2026-07-28,Official homepage checked. Named Information Officer contact added.
Bagmati,Rasuwa,Kalika Rural Municipality,Hospitals,Completed,1,2026-07-28,2026-07-28,Official health registry checked. Jibjibe Gramin Hospital public contact added.
Bagmati,Dhading,Thakre Rural Municipality,Police & Security,Completed,7,2026-07-28,2026-07-28,Official Nepal Police directory checked. Added Khanikhola area office and core District Police Office contacts.
Bagmati,Dhading,Thakre Rural Municipality,Emergency Services,Completed,2,2026-07-28,2026-07-28,Official police and tourism emergency sources checked; fire and traffic emergency codes added. Police control is already recorded under Police & Security.
Bagmati,Dhading,Thakre Rural Municipality,Disaster & Rescue,Completed,2,2026-07-28,2026-07-28,Official Ministry of Home Affairs NEOC and Nepal Red Cross directories checked; national and Dhading response contacts added.
Bagmati,Dhading,Thakre Rural Municipality,Women & Children,Completed,2,2026-07-28,2026-07-28,Official National Women Commission and Ministry child-helpline sources checked; national protection contacts added.
Bagmati,Dhading,Thakre Rural Municipality,Government Complaints,Completed,1,2026-07-28,2026-07-28,Official Hello Sarkar portal checked; national complaint channel added.
Bagmati,Dhading,Thakre Rural Municipality,Electricity & Utilities,Completed,1,2026-07-28,2026-07-28,Official NEA directory checked; Dhading Distribution Center added. No official local water contact located.
Bagmati,Dhading,Thakre Rural Municipality,Travel & Tourism,Completed,1,2026-07-28,2026-07-28,Official Nepal Police Tourist Police directory checked; tourist safety contact added.
Bagmati,Dhading,Thakre Rural Municipality,Health & Ambulance,Completed,11,2026-07-28,2026-07-28,Official Nepal Health Facility Registry checked: 11 functional public facilities with direct public phone numbers added. No public ambulance number was found.
Bagmati,Dhading,Thakre Rural Municipality,Ward Offices,Completed,11,2026-07-28,2026-07-28,All 11 official ward pages checked; each Ward Chairperson public contact was added.
Bagmati,Dhading,Thakre Rural Municipality,Hospitals,Needs Review,0,2026-07-28,2026-07-28,"Official Nepal Health Facility Registry searched: it lists 11 functional public health facilities, none hospital-level. No public hospital contact was located."
Bagmati,Dhading,Thakre Rural Municipality,Information & Inquiry,Completed,2,2026-07-28,2026-07-28,Official information-officer page and municipal central contact checked.
Bagmati,Dhading,Thakre Rural Municipality,Government Services,Completed,25,2026-07-28,2026-07-28,Official staff and elected-representative directories checked; public municipal service and leadership contacts added.
Bagmati,Dhading,Galchhi Rural Municipality,Police & Security,Completed,7,2026-07-28,2026-07-28,Official Nepal Police directory checked; added Baireni police post and key District Police Office contacts.
Bagmati,Dhading,Galchhi Rural Municipality,Hospitals,Completed,1,2026-07-28,2026-07-28,Official health-facility registry checked; Baireni Hospital direct public contact added.
Bagmati,Dhading,Galchhi Rural Municipality,Health & Ambulance,Needs Review,1,2026-07-28,2026-07-28,Official health-facility registry checked. No other facility phone is published; one DAO-plan ambulance contact added as Needs Review.
Bagmati,Dhading,Galchhi Rural Municipality,Emergency Services,Completed,2,2026-07-28,2026-07-28,Official national and district service sources checked; applicable public contacts added.
Bagmati,Dhading,Galchhi Rural Municipality,Disaster & Rescue,Completed,2,2026-07-28,2026-07-28,Official national and district service sources checked; applicable public contacts added.
Bagmati,Dhading,Galchhi Rural Municipality,Electricity & Utilities,Completed,1,2026-07-28,2026-07-28,Official national and district service sources checked; applicable public contacts added.
Bagmati,Dhading,Galchhi Rural Municipality,Travel & Tourism,Completed,1,2026-07-28,2026-07-28,Official national and district service sources checked; applicable public contacts added.
Bagmati,Dhading,Galchhi Rural Municipality,Information & Inquiry,Completed,2,2026-07-28,2026-07-28,Official municipal contact page checked; information-officer and central inquiry contacts added.
Bagmati,Dhading,Galchhi Rural Municipality,Government Complaints,Completed,2,2026-07-28,2026-07-28,Official complaint form and designated complaint officer checked; local complaint contact added.
Bagmati,Dhading,Galchhi Rural Municipality,Government Services,Completed,59,2026-07-28,2026-07-28,Official staff and elected-representative pages checked; public leadership contacts added.
Bagmati,Dhading,Galchhi Rural Municipality,Women & Children,Completed,3,2026-07-28,2026-07-28,Official municipal branch directory checked; public branch contact added.
Bagmati,Dhading,Galchhi Rural Municipality,Other,Completed,30,2026-07-28,2026-07-28,Official municipal branch and education directory checked; public institutional contacts added.
Bagmati,Dhading,Gajuri Rural Municipality,Government Services,Completed,34,2026-07-28,2026-07-28,Official staff directory checked; all public phone-bearing staff contacts added.
Bagmati,Dhading,Gajuri Rural Municipality,Police & Security,Completed,7,2026-07-28,2026-07-28,Official Nepal Police directory checked; added Area Police Office Gajuri and key District Police Office contacts.
Bagmati,Dhading,Gajuri Rural Municipality,Hospitals,Completed,2,2026-07-28,2026-07-28,Official health-facility registry checked; functional hospital contacts added.
Bagmati,Dhading,Gajuri Rural Municipality,Health & Ambulance,Needs Review,1,2026-07-28,2026-07-28,Official registry checked; no other facility phone is published. DAO-plan ambulance contact added as Needs Review.
Bagmati,Dhading,Gajuri Rural Municipality,Ward Offices,Completed,8,2026-07-28,2026-07-28,Official ward pages checked; public Ward Secretary contacts from official staff directory added for all eight wards.
Bagmati,Dhading,Gajuri Rural Municipality,Information & Inquiry,Completed,3,2026-07-28,2026-07-28,"Official staff directory checked; designated officer, spokesperson and central inquiry contacts added."
Bagmati,Dhading,Gajuri Rural Municipality,Emergency Services,Completed,2,2026-07-28,2026-07-28,Official national and district service sources checked; applicable public contacts added.
Bagmati,Dhading,Gajuri Rural Municipality,Disaster & Rescue,Completed,2,2026-07-28,2026-07-28,Official national and district service sources checked; applicable public contacts added.
Bagmati,Dhading,Gajuri Rural Municipality,Electricity & Utilities,Completed,1,2026-07-28,2026-07-28,Official national and district service sources checked; applicable public contacts added.
Bagmati,Dhading,Gajuri Rural Municipality,Travel & Tourism,Completed,1,2026-07-28,2026-07-28,Official national and district service sources checked; applicable public contacts added.
Bagmati,Dhading,Gajuri Rural Municipality,Women & Children,Completed,1,2026-07-28,2026-07-28,Official national and district service sources checked; applicable public contacts added.
Bagmati,Dhading,Gajuri Rural Municipality,Government Complaints,Completed,1,2026-07-28,2026-07-28,Official national and district service sources checked; applicable public contacts added.
Bagmati,Dhading,Siddhalek Rural Municipality,Government Services,Completed,0,2026-07-28,2026-07-28,Official staff directory checked; all public phone-bearing staff contacts added.
Bagmati,Dhading,Siddhalek Rural Municipality,Emergency Services,Completed,2,2026-07-28,2026-07-28,Official national and district service sources checked; applicable public contacts added.
Bagmati,Dhading,Siddhalek Rural Municipality,Disaster & Rescue,Completed,2,2026-07-28,2026-07-28,Official national and district service sources checked; applicable public contacts added.
Bagmati,Dhading,Siddhalek Rural Municipality,Women & Children,Completed,2,2026-07-28,2026-07-28,Official national and district service sources checked; applicable public contacts added.
Bagmati,Dhading,Siddhalek Rural Municipality,Government Complaints,Completed,1,2026-07-28,2026-07-28,Official national and district service sources checked; applicable public contacts added.
Bagmati,Dhading,Siddhalek Rural Municipality,Electricity & Utilities,Completed,1,2026-07-28,2026-07-28,Official national and district service sources checked; applicable public contacts added.
Bagmati,Dhading,Siddhalek Rural Municipality,Travel & Tourism,Completed,1,2026-07-28,2026-07-28,Official national and district service sources checked; applicable public contacts added.
Bagmati,Dhading,Siddhalek Rural Municipality,Police & Security,Completed,7,2026-07-28,2026-07-28,Official Nepal Police directory checked; added Area Police Office Gajuri and key District Police Office contacts.
Bagmati,Dhading,Jwalamukhi Rural Municipality,Emergency Services,Completed,2,2026-07-28,2026-07-28,Official national and district service sources checked; applicable public contacts added.
Bagmati,Dhading,Jwalamukhi Rural Municipality,Disaster & Rescue,Completed,2,2026-07-28,2026-07-28,Official national and district service sources checked; applicable public contacts added.
Bagmati,Dhading,Jwalamukhi Rural Municipality,Women & Children,Completed,2,2026-07-28,2026-07-28,Official national and district service sources checked; applicable public contacts added.
Bagmati,Dhading,Jwalamukhi Rural Municipality,Government Complaints,Completed,1,2026-07-28,2026-07-28,Official national and district service sources checked; applicable public contacts added.
Bagmati,Dhading,Jwalamukhi Rural Municipality,Electricity & Utilities,Completed,1,2026-07-28,2026-07-28,Official national and district service sources checked; applicable public contacts added.
Bagmati,Dhading,Jwalamukhi Rural Municipality,Travel & Tourism,Completed,1,2026-07-28,2026-07-28,Official national and district service sources checked; applicable public contacts added.
Bagmati,Dhading,Jwalamukhi Rural Municipality,Police & Security,Completed,7,2026-07-28,2026-07-28,Official Nepal Police directory checked; added Area Police Office Gajuri and key District Police Office contacts.
Bagmati,Dhading,Benighat Rorang Rural Municipality,Government Services,Completed,33,2026-07-28,2026-07-28,Official municipal public contact roster checked; all phone-bearing current listings added.
Bagmati,Dhading,Benighat Rorang Rural Municipality,Disaster & Rescue,Completed,2,2026-07-28,2026-07-28,Official public service sources checked; applicable contact added.
Bagmati,Dhading,Benighat Rorang Rural Municipality,Electricity & Utilities,Completed,1,2026-07-28,2026-07-28,Official public service sources checked; applicable contact added.
Bagmati,Dhading,Benighat Rorang Rural Municipality,Emergency Services,Completed,2,2026-07-28,2026-07-28,Official public service sources checked; applicable contact added.
Bagmati,Dhading,Benighat Rorang Rural Municipality,Government Complaints,Completed,1,2026-07-28,2026-07-28,Official public service sources checked; applicable contact added.
Bagmati,Dhading,Benighat Rorang Rural Municipality,Information & Inquiry,Completed,1,2026-07-28,2026-07-28,Official public service sources checked; applicable contact added.
Bagmati,Dhading,Benighat Rorang Rural Municipality,Travel & Tourism,Completed,1,2026-07-28,2026-07-28,Official public service sources checked; applicable contact added.
Bagmati,Dhading,Benighat Rorang Rural Municipality,Women & Children,Completed,2,2026-07-28,2026-07-28,Official public service sources checked; applicable contact added.
Bagmati,Dhading,Benighat Rorang Rural Municipality,Police & Security,Completed,7,2026-07-28,2026-07-28,Official directory sources checked and local public contacts added.
Bagmati,Dhading,Benighat Rorang Rural Municipality,Health & Ambulance,Needs Review,53,2026-07-28,2026-07-28,Official sources checked; ambulance plan contacts require manual availability confirmation.
Bagmati,Dhading,Benighat Rorang Rural Municipality,Hospitals,Completed,16,2026-07-28,2026-07-28,Official directory sources checked and local public contacts added.
Bagmati,Dhading,Benighat Rorang Rural Municipality,Ward Offices,Needs Review,67,2026-07-28,2026-07-28,Historic official ward rosters added for wards 1-5 and 7-10. Ward 6 was not located; verify all historic role contacts before use.
Bagmati,Dhading,Tripurasundari Rural Municipality,Ward Offices,Completed,17,2026-07-28,2026-07-28,Official municipality and health-registry public sources checked; all phone-bearing contacts added.
Bagmati,Dhading,Tripurasundari Rural Municipality,Hospitals,Completed,1,2026-07-28,2026-07-28,Official municipality and health-registry public sources checked; all phone-bearing contacts added.
Bagmati,Dhading,Tripurasundari Rural Municipality,Government Services,Completed,41,2026-07-28,2026-07-28,Official municipality and health-registry public sources checked; all phone-bearing contacts added.
Bagmati,Dhading,Tripurasundari Rural Municipality,Health & Ambulance,Needs Review,3,2026-07-28,2026-07-28,Official district plan ambulance listings require availability confirmation.
Bagmati,Dhading,Tripurasundari Rural Municipality,Police & Security,Completed,1,2026-07-28,2026-07-28,Official Nepal Police directory checked; Salyankot Police Post added.
Bagmati,Dhading,Tripurasundari Rural Municipality,Emergency Services,Completed,2,2026-07-28,2026-07-28,"Official national, district, or municipal public-service source checked; applicable contact added."
Bagmati,Dhading,Tripurasundari Rural Municipality,Travel & Tourism,Completed,1,2026-07-28,2026-07-28,"Official national, district, or municipal public-service source checked; applicable contact added."
Bagmati,Dhading,Tripurasundari Rural Municipality,Women & Children,Completed,2,2026-07-28,2026-07-28,"Official national, district, or municipal public-service source checked; applicable contact added."
Bagmati,Dhading,Tripurasundari Rural Municipality,Disaster & Rescue,Completed,2,2026-07-28,2026-07-28,"Official national, district, or municipal public-service source checked; applicable contact added."
Bagmati,Dhading,Tripurasundari Rural Municipality,Electricity & Utilities,Completed,1,2026-07-28,2026-07-28,"Official national, district, or municipal public-service source checked; applicable contact added."
Bagmati,Dhading,Tripurasundari Rural Municipality,Government Complaints,Completed,1,2026-07-28,2026-07-28,"Official national, district, or municipal public-service source checked; applicable contact added."
Bagmati,Dhading,Tripurasundari Rural Municipality,Information & Inquiry,Completed,1,2026-07-28,2026-07-28,"Official national, district, or municipal public-service source checked; applicable contact added."
Bagmati,Dhading,Gangajamuna Rural Municipality,Government Complaints,Completed,1,2026-07-28,2026-07-28,Official municipal contact and representative pages checked; all phone-bearing contacts added.
Bagmati,Dhading,Gangajamuna Rural Municipality,Government Services,Completed,5,2026-07-28,2026-07-28,Official municipal contact and representative pages checked; all phone-bearing contacts added.
Bagmati,Dhading,Gangajamuna Rural Municipality,Information & Inquiry,Completed,2,2026-07-28,2026-07-28,Official municipal contact and representative pages checked; all phone-bearing contacts added.
Bagmati,Dhading,Gangajamuna Rural Municipality,Emergency Services,Completed,2,2026-07-28,2026-07-28,Official applicable public-service source checked.
Bagmati,Dhading,Gangajamuna Rural Municipality,Police & Security,Completed,1,2026-07-28,2026-07-28,Official applicable public-service source checked.
Bagmati,Dhading,Gangajamuna Rural Municipality,Women & Children,Completed,2,2026-07-28,2026-07-28,Official applicable public-service source checked.
Bagmati,Dhading,Gangajamuna Rural Municipality,Electricity & Utilities,Completed,1,2026-07-28,2026-07-28,Official applicable public-service source checked.
Bagmati,Dhading,Gangajamuna Rural Municipality,Disaster & Rescue,Completed,2,2026-07-28,2026-07-28,Official applicable public-service source checked.
Bagmati,Dhading,Gangajamuna Rural Municipality,Travel & Tourism,Completed,1,2026-07-28,2026-07-28,Official applicable public-service source checked.
Bagmati,Dhading,Gangajamuna Rural Municipality,Ward Offices,Needs Review,30,2026-07-28,2026-07-28,Historic official contacts added for wards 1-5; wards 6-7 still require source confirmation.
Bagmati,Dhading,Gangajamuna Rural Municipality,Health & Ambulance,Completed,2,2026-07-28,2026-07-28,Official registry checked; all phone-bearing facilities added.
Bagmati,Dhading,Rubi Valley Rural Municipality,Police & Security,Completed,1,2026-07-28,2026-07-28,Official municipal and government directories checked; all located public contacts added.
Bagmati,Dhading,Rubi Valley Rural Municipality,Government Services,Completed,7,2026-07-28,2026-07-28,Current municipality homepage checked; phone-bearing officials added.
Bagmati,Dhading,Rubi Valley Rural Municipality,Ward Offices,Needs Review,6,2026-07-28,2026-07-28,Historic ward-chair pages require confirmation.
Bagmati,Dhading,Rubi Valley Rural Municipality,Information & Inquiry,Completed,1,2026-07-28,2026-07-28,Current municipality homepage checked; phone-bearing officials added.
Bagmati,Dhading,Rubi Valley Rural Municipality,Women & Children,Completed,2,2026-07-28,2026-07-28,Official national or district public-service source checked; applicable contact added.
Bagmati,Dhading,Rubi Valley Rural Municipality,Emergency Services,Completed,2,2026-07-28,2026-07-28,Official national or district public-service source checked; applicable contact added.
Bagmati,Dhading,Rubi Valley Rural Municipality,Electricity & Utilities,Completed,1,2026-07-28,2026-07-28,Official national or district public-service source checked; applicable contact added.
Bagmati,Dhading,Rubi Valley Rural Municipality,Government Complaints,Completed,1,2026-07-28,2026-07-28,Official national or district public-service source checked; applicable contact added.
Bagmati,Dhading,Rubi Valley Rural Municipality,Travel & Tourism,Completed,1,2026-07-28,2026-07-28,Official national or district public-service source checked; applicable contact added.
Bagmati,Dhading,Rubi Valley Rural Municipality,Disaster & Rescue,Completed,2,2026-07-28,2026-07-28,Official national or district public-service source checked; applicable contact added.
Bagmati,Dhading,Khaniyabas Rural Municipality,Government Services,Completed,13,2026-07-28,2026-07-28,Official municipality staff and public-contact pages checked; all phone-bearing contacts added.
Bagmati,Dhading,Khaniyabas Rural Municipality,Government Complaints,Completed,1,2026-07-28,2026-07-28,Official municipality staff and public-contact pages checked; all phone-bearing contacts added.
Bagmati,Dhading,Khaniyabas Rural Municipality,Information & Inquiry,Completed,1,2026-07-28,2026-07-28,Official municipality staff and public-contact pages checked; all phone-bearing contacts added.
Bagmati,Dhading,Khaniyabas Rural Municipality,Electricity & Utilities,Completed,1,2026-07-28,2026-07-28,Official public-service source checked; applicable contact added.
Bagmati,Dhading,Khaniyabas Rural Municipality,Police & Security,Completed,1,2026-07-28,2026-07-28,Official public-service source checked; applicable contact added.
Bagmati,Dhading,Khaniyabas Rural Municipality,Travel & Tourism,Completed,1,2026-07-28,2026-07-28,Official public-service source checked; applicable contact added.
Bagmati,Dhading,Khaniyabas Rural Municipality,Health & Ambulance,Needs Review,1,2026-07-28,2026-07-28,Official disaster-plan ambulance listing requires availability confirmation.
Bagmati,Dhading,Khaniyabas Rural Municipality,Disaster & Rescue,Completed,1,2026-07-28,2026-07-28,Official public-service source checked; applicable contact added.
Bagmati,Dhading,Khaniyabas Rural Municipality,Emergency Services,Completed,2,2026-07-28,2026-07-28,Official public-service source checked; applicable contact added.
Bagmati,Dhading,Khaniyabas Rural Municipality,Women & Children,Completed,2,2026-07-28,2026-07-28,Official public-service source checked; applicable contact added.
Bagmati,Dhading,Khaniyabas Rural Municipality,Ward Offices,Needs Review,23,2026-07-28,2026-07-28,"Historic official ward rosters added for wards 1,2,3,5; Ward 4 requires separate verification."
Bagmati,Dhading,Netrawati Dabjong Rural Municipality,Information & Inquiry,Completed,2,2026-07-28,2026-07-28,Official municipal public-contact pages checked; all phone-bearing contacts added.
Bagmati,Dhading,Netrawati Dabjong Rural Municipality,Police & Security,Completed,4,2026-07-28,2026-07-28,Official provincial police directory checked; all local and district control contacts added.
Bagmati,Dhading,Netrawati Dabjong Rural Municipality,Emergency Services,Completed,2,2026-07-28,2026-07-28,Official national emergency sources checked; applicable short codes added.
Bagmati,Dhading,Netrawati Dabjong Rural Municipality,Disaster & Rescue,Completed,2,2026-07-28,2026-07-28,Official national and district humanitarian public contacts added.
Bagmati,Dhading,Netrawati Dabjong Rural Municipality,Women & Children,Completed,2,2026-07-28,2026-07-28,Official national helplines added.
Bagmati,Dhading,Netrawati Dabjong Rural Municipality,Government Complaints,Completed,1,2026-07-28,2026-07-28,Official national complaint service added.
Bagmati,Dhading,Netrawati Dabjong Rural Municipality,Electricity & Utilities,Completed,1,2026-07-28,2026-07-28,Official NEA district distribution contact added.
Bagmati,Dhading,Netrawati Dabjong Rural Municipality,Travel & Tourism,Completed,1,2026-07-28,2026-07-28,Official Tourist Police contact added.
Bagmati,Dhading,Netrawati Dabjong Rural Municipality,Health & Ambulance,Needs Review,2,2026-07-28,,"Official municipal health contact added; no telephone was published for the hospital or individual health posts, and the ambulance contact needs reconfirmation."
Bagmati,Dhading,Netrawati Dabjong Rural Municipality,Ward Offices,Needs Review,3,2026-07-28,,"Official role profiles found, but current-staff endpoint was unavailable and profile currency needs confirmation."
Bagmati,Dhading,Netrawati Dabjong Rural Municipality,Government Services,Needs Review,7,2026-07-28,,"Official role profiles found, but current-staff endpoint was unavailable and profile currency needs confirmation."
Bagmati,Dhading,Netrawati Dabjong Rural Municipality,Other,Needs Review,24,2026-07-28,,Added 23 valid school contacts from the official 2076 government directory alongside the prior municipal equipment-operator contact. All school phone numbers need current-number verification.
Bagmati,Dhading,Nilkantha Municipality,Travel & Tourism,Completed,1,2026-07-28,2026-07-28,Official sources checked and applicable contacts added.
Bagmati,Dhading,Nilkantha Municipality,Hospitals,Needs Review,2,2026-07-28,,Official and plan sources checked; district-hospital contacts are older plan references requiring confirmation.
Bagmati,Dhading,Nilkantha Municipality,Disaster & Rescue,Completed,2,2026-07-28,2026-07-28,Official sources checked and applicable contacts added.
Bagmati,Dhading,Nilkantha Municipality,Women & Children,Completed,2,2026-07-28,2026-07-28,Official sources checked and applicable contacts added.
Bagmati,Dhading,Nilkantha Municipality,Government Complaints,Completed,1,2026-07-28,2026-07-28,Official sources checked and applicable contacts added.
Bagmati,Dhading,Nilkantha Municipality,Information & Inquiry,Completed,1,2026-07-28,2026-07-28,Official sources checked and applicable contacts added.
Bagmati,Dhading,Nilkantha Municipality,Emergency Services,Completed,2,2026-07-28,2026-07-28,Official sources checked and applicable contacts added.
Bagmati,Dhading,Nilkantha Municipality,Electricity & Utilities,Completed,1,2026-07-28,2026-07-28,Official sources checked and applicable contacts added.
Bagmati,Dhading,Jwalamukhi Rural Municipality,Ward Offices,Completed,13,2026-07-28,2026-07-28,Current official municipal staff register checked; all published phone-bearing department and ward contacts added.
Bagmati,Dhading,Jwalamukhi Rural Municipality,Government Services,Completed,8,2026-07-28,2026-07-28,Current official municipal staff register checked; all published phone-bearing department and ward contacts added.
Bagmati,Kathmandu,Kathmandu Metropolitan City,Police & Security,Completed,12,2026-07-28,2026-07-28,Official Nepal Police contact and spokesperson directories checked; relevant public police contacts added.
Bagmati,Kathmandu,Kathmandu Metropolitan City,Government Complaints,Completed,2,2026-07-28,2026-07-28,Official source contacts added.
Bagmati,Kathmandu,Kathmandu Metropolitan City,Women & Children,Needs Review,4,2026-07-28,,Official sources checked; the NWC service-mapping reproductive health hotline needs availability confirmation.
Bagmati,Bhaktapur,Bhaktapur Municipality,Police & Security,Completed,8,2026-07-28,2026-07-28,Official municipal staff directory checked; published phone-bearing role contacts added.
Bagmati,Bhaktapur,Bhaktapur Municipality,Travel & Tourism,Completed,3,2026-07-28,2026-07-28,Official municipal staff directory checked; published phone-bearing role contacts added.
Bagmati,Bhaktapur,Bhaktapur Municipality,Government Services,Completed,15,2026-07-28,2026-07-28,Official municipal staff directory checked; published phone-bearing role contacts added.
Bagmati,Bhaktapur,Bhaktapur Municipality,Ward Offices,Completed,20,2026-07-28,2026-07-28,Official municipal staff directory checked; published phone-bearing role contacts added.
Bagmati,Bhaktapur,Bhaktapur Municipality,Women & Children,Completed,3,2026-07-28,2026-07-28,Official municipal staff directory checked; published phone-bearing role contacts added.
Bagmati,Bhaktapur,Bhaktapur Municipality,Information & Inquiry,Completed,3,2026-07-28,2026-07-28,Official municipal staff directory checked; published phone-bearing role contacts added.
Bagmati,Kathmandu,Tokha Municipality,Women & Children,Completed,2,2026-07-28,2026-07-28,Current official municipal staff directory checked; published phone-bearing role contacts added.
Bagmati,Kathmandu,Tokha Municipality,Health & Ambulance,Completed,16,2026-07-28,2026-07-28,Current official municipal staff directory checked; published phone-bearing role contacts added.
Bagmati,Kathmandu,Tarakeshwar Municipality,Health & Ambulance,Completed,7,2026-07-28,2026-07-28,Current official municipal staff directory checked; published phone-bearing role contacts added.
Bagmati,Kathmandu,Tarakeshwar Municipality,Government Services,Completed,16,2026-07-28,2026-07-28,Current official municipal staff directory checked; published phone-bearing role contacts added.
Bagmati,Kathmandu,Tarakeshwar Municipality,Government Complaints,Completed,3,2026-07-28,2026-07-28,Current official municipal staff directory checked; published phone-bearing role contacts added.
Bagmati,Kathmandu,Tarakeshwar Municipality,Information & Inquiry,Completed,2,2026-07-28,2026-07-28,Current official municipal staff directory checked; published phone-bearing role contacts added.
Bagmati,Kathmandu,Tarakeshwar Municipality,Ward Offices,Completed,20,2026-07-28,2026-07-28,Official ward-staff directory checked; all publicly phone-bearing ward-secretary contacts added.
Bagmati,Kathmandu,Nagarjun Municipality,Information & Inquiry,Completed,2,2026-07-28,2026-07-28,Official municipal staff directory checked; published phone-bearing role contacts added.
Bagmati,Kathmandu,Chandragiri Municipality,Electricity & Utilities,Completed,1,2026-07-28,2026-07-28,Current official municipal staff directory checked; published phone-bearing role contacts added.
Bagmati,Kathmandu,Chandragiri Municipality,Information & Inquiry,Completed,3,2026-07-28,2026-07-28,Current official municipal staff directory checked; published phone-bearing role contacts added.
Bagmati,Kathmandu,Chandragiri Municipality,Government Services,Completed,11,2026-07-28,2026-07-28,Current official municipal staff directory checked; published phone-bearing role contacts added.
Bagmati,Kathmandu,Chandragiri Municipality,Health & Ambulance,Completed,21,2026-07-28,2026-07-28,Current official municipal staff directory checked; published phone-bearing role contacts added.
Bagmati,Kathmandu,Chandragiri Municipality,Women & Children,Completed,5,2026-07-28,2026-07-28,Current official municipal staff directory checked; published phone-bearing role contacts added.
Bagmati,Kathmandu,Chandragiri Municipality,Disaster & Rescue,Completed,3,2026-07-28,2026-07-28,Current official municipal staff directory checked; published phone-bearing role contacts added.
Bagmati,Kathmandu,Chandragiri Municipality,Ward Offices,Completed,24,2026-07-28,2026-07-28,Official ward information page checked; all phone-bearing ward information contacts added.
Bagmati,Kathmandu,Dakshinkali Municipality,Government Services,Completed,10,2026-07-28,2026-07-28,Current official municipal staff directory checked; all phone-bearing listed role contacts added.
Bagmati,Kathmandu,Dakshinkali Municipality,Health & Ambulance,Completed,5,2026-07-28,2026-07-28,Current official municipal staff directory checked; all phone-bearing listed role contacts added.
Bagmati,Kathmandu,Dakshinkali Municipality,Information & Inquiry,Completed,2,2026-07-28,2026-07-28,Current official municipal staff directory checked; all phone-bearing listed role contacts added.
Bagmati,Kathmandu,Dakshinkali Municipality,Other,Completed,35,2026-07-28,2026-07-30,Merged 34 DOE 2076 school-directory contacts with existing current official-staff records. 0 malformed source values are Unverified/Low; historic-directory contacts require current-number verification.
Bagmati,Kathmandu,Kageshwori Manohara Municipality,Disaster & Rescue,Completed,2,2026-07-28,2026-07-28,Current official municipal staff directory checked; all phone-bearing listed role contacts added.
Bagmati,Kathmandu,Kageshwori Manohara Municipality,Electricity & Utilities,Completed,3,2026-07-28,2026-07-28,Current official municipal staff directory checked; all phone-bearing listed role contacts added.
Bagmati,Kathmandu,Kageshwori Manohara Municipality,Government Services,Completed,25,2026-07-28,2026-07-28,Current official municipal staff directory checked; all phone-bearing listed role contacts added.
Bagmati,Kathmandu,Kageshwori Manohara Municipality,Health & Ambulance,Completed,4,2026-07-28,2026-07-28,Current official municipal staff directory checked; all phone-bearing listed role contacts added.
Bagmati,Kathmandu,Kageshwori Manohara Municipality,Information & Inquiry,Completed,4,2026-07-28,2026-07-28,Current official municipal staff directory checked; all phone-bearing listed role contacts added.
Bagmati,Kathmandu,Kageshwori Manohara Municipality,Other,Completed,69,2026-07-28,2026-07-30,Merged 67 DOE 2076 school-directory contacts with existing current official-staff records. 9 malformed source values are Unverified/Low; historic-directory contacts require current-number verification.
Bagmati,Kathmandu,Kageshwori Manohara Municipality,Police & Security,Completed,3,2026-07-28,2026-07-28,Current official municipal staff directory checked; all phone-bearing listed role contacts added.
Bagmati,Kathmandu,Kageshwori Manohara Municipality,Women & Children,Completed,5,2026-07-28,2026-07-28,Current official municipal staff directory checked; all phone-bearing listed role contacts added.
Bagmati,Kathmandu,Shankharapur Municipality,Electricity & Utilities,Completed,2,2026-07-28,2026-07-28,Current official municipal staff directory checked; all phone-bearing listed high-value role contacts added.
Bagmati,Kathmandu,Shankharapur Municipality,Health & Ambulance,Completed,28,2026-07-28,2026-07-28,Current official municipal staff directory checked; all phone-bearing listed high-value role contacts added.
Bagmati,Kathmandu,Shankharapur Municipality,Police & Security,Completed,4,2026-07-28,2026-07-28,Current official municipal staff directory checked; all phone-bearing listed high-value role contacts added.
Bagmati,Kathmandu,Shankharapur Municipality,Women & Children,Completed,4,2026-07-28,2026-07-28,Current official municipal staff directory checked; all phone-bearing listed high-value role contacts added.
Bagmati,Kathmandu,Shankharapur Municipality,Government Services,Completed,22,2026-07-28,2026-07-28,Current official municipal staff directory checked; all phone-bearing listed operational contacts added.
Bagmati,Kathmandu,Shankharapur Municipality,Information & Inquiry,Completed,6,2026-07-28,2026-07-28,Current official municipal staff directory checked; all phone-bearing listed operational contacts added.
Bagmati,Kathmandu,Shankharapur Municipality,Other,Completed,39,2026-07-28,2026-07-30,Merged 33 DOE 2076 school-directory contacts with existing current official-staff records. 0 malformed source values are Unverified/Low; historic-directory contacts require current-number verification.
Bagmati,Kathmandu,Shankharapur Municipality,Ward Offices,Completed,28,2026-07-28,2026-07-28,Current official municipal staff directory checked; all phone-bearing listed operational contacts added.
Bagmati,Kathmandu,Budhanilkantha Municipality,Government Complaints,Completed,3,2026-07-28,2026-07-28,Current official municipal staff directory checked; all phone-bearing listed role contacts added.
Bagmati,Kathmandu,Budhanilkantha Municipality,Government Services,Completed,28,2026-07-28,2026-07-28,Current official municipal staff directory checked; all phone-bearing listed role contacts added.
Bagmati,Kathmandu,Budhanilkantha Municipality,Health & Ambulance,Completed,20,2026-07-28,2026-07-28,Current official municipal staff directory checked; all phone-bearing listed role contacts added.
Bagmati,Kathmandu,Budhanilkantha Municipality,Information & Inquiry,Completed,3,2026-07-28,2026-07-28,Current official municipal staff directory checked; all phone-bearing listed role contacts added.
Bagmati,Kathmandu,Budhanilkantha Municipality,Other,Completed,129,2026-07-28,2026-07-30,Merged 122 valid DOE school-directory contacts and four source-published malformed-number records with existing current official-staff records. The four malformed values are Unverified/Low and require manual review; historic school-directory contacts require current-number verification.
Bagmati,Kathmandu,Budhanilkantha Municipality,Police & Security,Completed,8,2026-07-28,2026-07-28,Current official municipal staff directory checked; all phone-bearing listed role contacts added.
Bagmati,Kathmandu,Budhanilkantha Municipality,Women & Children,Completed,6,2026-07-28,2026-07-28,Current official municipal staff directory checked; all phone-bearing listed role contacts added.
Bagmati,Kathmandu,Tokha Municipality,Disaster & Rescue,Completed,2,2026-07-28,2026-07-28,Current official municipal staff directory checked; all phone-bearing listed role contacts added.
Bagmati,Kathmandu,Tokha Municipality,Government Complaints,Completed,4,2026-07-28,2026-07-28,Current official municipal staff directory checked; all phone-bearing listed role contacts added.
Bagmati,Kathmandu,Tokha Municipality,Government Services,Completed,41,2026-07-28,2026-07-28,Current official municipal staff directory checked; all phone-bearing listed role contacts added.
Bagmati,Kathmandu,Tokha Municipality,Information & Inquiry,Completed,4,2026-07-28,2026-07-28,Current official municipal staff directory checked; all phone-bearing listed role contacts added.
Bagmati,Kathmandu,Tokha Municipality,Other,Completed,84,2026-07-28,2026-07-30,Merged 79 DOE 2076 school-directory contacts with existing current official-staff records. 5 malformed source values are Unverified/Low; historic-directory contacts require current-number verification.
Bagmati,Kathmandu,Tokha Municipality,Police & Security,Completed,11,2026-07-28,2026-07-28,Current official municipal staff directory checked; all phone-bearing listed role contacts added.
Bagmati,Kathmandu,Nagarjun Municipality,Ward Offices,Completed,34,2026-07-28,2026-07-28,Official ward-staff directory checked; all listed phone-bearing ward role contacts added.
Bagmati,Kathmandu,Nagarjun Municipality,Electricity & Utilities,Completed,2,2026-07-28,2026-07-28,Current official municipal staff directory checked; all phone-bearing listed role contacts added.
Bagmati,Kathmandu,Nagarjun Municipality,Government Services,Completed,24,2026-07-28,2026-07-28,Current official municipal staff directory checked; all phone-bearing listed role contacts added.
Bagmati,Kathmandu,Nagarjun Municipality,Health & Ambulance,Completed,7,2026-07-28,2026-07-28,Current official municipal staff directory checked; all phone-bearing listed role contacts added.
Bagmati,Kathmandu,Nagarjun Municipality,Other,Completed,67,2026-07-28,2026-07-30,Merged 65 DOE 2076 school-directory contacts with existing current official-staff records. 0 malformed source values are Unverified/Low; historic-directory contacts require current-number verification.
Bagmati,Kathmandu,Nagarjun Municipality,Women & Children,Completed,4,2026-07-28,2026-07-28,Current official municipal staff directory checked; all phone-bearing listed role contacts added.
Bagmati,Kathmandu,Kirtipur Municipality,Ward Offices,Completed,31,2026-07-28,2026-07-28,Official ward-officials pages checked; phone-bearing role contacts from published ward pages added.
Bagmati,Kathmandu,Kirtipur Municipality,Health & Ambulance,Completed,40,2026-07-28,2026-07-28,Official health-staff document checked; listed phone-bearing health-facility contacts added.
Bagmati,Kathmandu,Gokarneshwor Municipality,Ward Offices,Completed,29,2026-07-28,2026-07-28,Official ward-staff document checked; published phone-bearing roles for Wards 1-4 added.
Bagmati,Lalitpur,Mahankal Rural Municipality,Government Services,Completed,10,2026-07-28,2026-07-28,Current official rural-municipality staff page checked; phone-bearing listed role contacts added.
Bagmati,Lalitpur,Mahankal Rural Municipality,Health & Ambulance,Completed,2,2026-07-28,2026-07-28,Current official rural-municipality staff page checked; phone-bearing listed role contacts added.
Bagmati,Lalitpur,Mahankal Rural Municipality,Information & Inquiry,Completed,2,2026-07-28,2026-07-28,Current official rural-municipality staff page checked; phone-bearing listed role contacts added.
Bagmati,Lalitpur,Bagmati Rural Municipality,Government Services,Completed,5,2026-07-28,2026-07-28,Current official rural-municipality staff directory checked; phone-bearing listed role contacts added.
Bagmati,Lalitpur,Bagmati Rural Municipality,Information & Inquiry,Completed,2,2026-07-28,2026-07-28,Current official rural-municipality staff directory checked; phone-bearing listed role contacts added.
Bagmati,Lalitpur,Bagmati Rural Municipality,Other,Completed,49,2026-07-28,2026-07-30,Merged 48 DOE 2076 school-directory contacts with existing public records. 0 malformed source values are Unverified/Low; historic-directory contacts require current-number verification.
Bagmati,Lalitpur,Bagmati Rural Municipality,Ward Offices,Completed,10,2026-07-28,2026-07-28,Current official rural-municipality staff directory checked; phone-bearing listed role contacts added.
Bagmati,Lalitpur,Mahalaxmi Municipality,Government Complaints,Completed,2,2026-07-28,2026-07-28,Current official municipal staff directory checked; phone-bearing listed role contacts added.
Bagmati,Lalitpur,Mahalaxmi Municipality,Government Services,Completed,13,2026-07-28,2026-07-28,Current official municipal staff directory checked; phone-bearing listed role contacts added.
Bagmati,Lalitpur,Mahalaxmi Municipality,Health & Ambulance,Completed,2,2026-07-28,2026-07-28,Current official municipal staff directory checked; phone-bearing listed role contacts added.
Bagmati,Lalitpur,Mahalaxmi Municipality,Other,Completed,47,2026-07-28,2026-07-30,Merged 46 DOE 2076 school-directory contacts with existing public records. 1 malformed source values are Unverified/Low; historic-directory contacts require current-number verification.
Bagmati,Lalitpur,Mahalaxmi Municipality,Ward Offices,Completed,21,2026-07-28,2026-07-28,Current official municipal staff directory checked; phone-bearing listed role contacts added.
Bagmati,Bhaktapur,Suryabinayak Municipality,Ward Offices,Completed,20,2026-07-28,2026-07-28,Current official municipal officials page checked; published ward-chairperson contacts added.
Bagmati,Bhaktapur,Madhyapur Thimi Municipality,Government Services,Completed,8,2026-07-28,2026-07-28,Current official municipal directories checked; phone-bearing listed role contacts added.
Bagmati,Bhaktapur,Madhyapur Thimi Municipality,Health & Ambulance,Completed,6,2026-07-28,2026-07-28,Current official municipal directories checked; phone-bearing listed role contacts added.
Bagmati,Bhaktapur,Madhyapur Thimi Municipality,Police & Security,Completed,1,2026-07-28,2026-07-28,Current official municipal directories checked; phone-bearing listed role contacts added.
Bagmati,Bhaktapur,Madhyapur Thimi Municipality,Ward Offices,Completed,15,2026-07-28,2026-07-28,Current official municipal directories checked; phone-bearing listed role contacts added.
Bagmati,Kavrepalanchok,Dhulikhel Municipality,Disaster & Rescue,Completed,2,2026-07-28,2026-07-28,Current official municipal staff directory checked; phone-bearing listed role contacts added.
Bagmati,Kavrepalanchok,Dhulikhel Municipality,Other,Completed,46,2026-07-28,2026-07-30,Merged 45 valid DOE 2076 school-directory contacts with existing current official-staff records. Historic school-directory contacts require current-number verification.
Bagmati,Kavrepalanchok,Dhulikhel Municipality,Ward Offices,Completed,15,2026-07-28,2026-07-28,Current official municipal staff directory checked; phone-bearing listed role contacts added.
Bagmati,Kavrepalanchok,Dhulikhel Municipality,Electricity & Utilities,Completed,4,2026-07-28,2026-07-28,"Official municipal, hospital, and utility sources checked; public contacts added or refreshed."
Bagmati,Kavrepalanchok,Dhulikhel Municipality,Government Services,Completed,11,2026-07-28,2026-07-28,"Official municipal, hospital, and utility sources checked; public contacts added or refreshed."
Bagmati,Kavrepalanchok,Dhulikhel Municipality,Health & Ambulance,Completed,4,2026-07-28,2026-07-28,"Official municipal, hospital, and utility sources checked; public contacts added or refreshed."
Bagmati,Kavrepalanchok,Dhulikhel Municipality,Hospitals,Completed,2,2026-07-28,2026-07-28,"Official municipal, hospital, and utility sources checked; public contacts added or refreshed."
Bagmati,Kavrepalanchok,Dhulikhel Municipality,Information & Inquiry,Completed,4,2026-07-28,2026-07-28,"Official municipal, hospital, and utility sources checked; public contacts added or refreshed."
Bagmati,Kavrepalanchok,Panauti Municipality,Information & Inquiry,Completed,2,2026-07-28,2026-07-28,Current official municipal staff directory checked; phone-bearing public role contacts added.
Bagmati,Kavrepalanchok,Panauti Municipality,Ward Offices,Completed,58,2026-07-28,2026-07-28,Official municipal ward profiles checked; public phone-bearing role contacts added.
Bagmati,Kavrepalanchok,Panauti Municipality,Government Services,Completed,39,2026-07-28,2026-07-28,Official municipal self-disclosure checked; public phone-bearing role contacts added.
Bagmati,Kavrepalanchok,Panauti Municipality,Health & Ambulance,Completed,5,2026-07-28,2026-07-28,Official municipal self-disclosure checked; public phone-bearing role contacts added.
Bagmati,Kavrepalanchok,Panauti Municipality,Other,Completed,54,2026-07-28,2026-07-30,Merged 48 DOE 2076 school-directory contacts with existing current official-staff records. 0 malformed source values are Unverified/Low; historic-directory contacts require current-number verification.
Bagmati,Kavrepalanchok,Panauti Municipality,Women & Children,Completed,14,2026-07-28,2026-07-28,Official municipal self-disclosure checked; public phone-bearing role contacts added.
Bagmati,Kavrepalanchok,Banepa Municipality,Government Services,Completed,16,2026-07-28,2026-07-28,Current official municipal staff directory checked; phone-bearing public role contacts added.
Bagmati,Kavrepalanchok,Banepa Municipality,Health & Ambulance,Completed,3,2026-07-28,2026-07-28,Current official municipal staff directory checked; phone-bearing public role contacts added.
Bagmati,Kavrepalanchok,Banepa Municipality,Women & Children,Completed,6,2026-07-28,2026-07-28,Current official municipal staff directory checked; phone-bearing public role contacts added.
Bagmati,Kavrepalanchok,Banepa Municipality,Other,Completed,64,2026-07-28,2026-07-30,Merged 57 DOE 2076 school-directory contacts with existing current official-staff records. 2 malformed source values are Unverified/Low; historic-directory contacts require current-number verification.
Bagmati,Kavrepalanchok,Banepa Municipality,Police & Security,Completed,15,2026-07-28,2026-07-28,Current official municipal staff directory checked; public operational and municipal police contacts added.
Bagmati,Kavrepalanchok,Panchkhal Municipality,Health & Ambulance,Completed,5,2026-07-28,2026-07-28,Current official municipal staff pages checked; phone-bearing public role contacts added.
Bagmati,Kavrepalanchok,Panchkhal Municipality,Other,Completed,42,2026-07-28,2026-07-30,Merged 38 DOE 2076 school-directory contacts with existing current official records. 0 malformed source values are Unverified/Low; historic-directory contacts require current-number verification.
Bagmati,Kavrepalanchok,Panchkhal Municipality,Government Services,Completed,23,2026-07-28,2026-07-28,Official elected-officials directory checked; public contact records added without inferring ward numbers.
Bagmati,Kavrepalanchok,Panchkhal Municipality,Ward Offices,Completed,18,2026-07-28,2026-07-28,Official elected-officials directory checked; public contact records added without inferring ward numbers.
Bagmati,Kavrepalanchok,Namobuddha Municipality,Disaster & Rescue,Completed,2,2026-07-28,2026-07-28,Official staff directory checked; public phone-bearing role contacts added.
Bagmati,Kavrepalanchok,Namobuddha Municipality,Health & Ambulance,Completed,20,2026-07-28,2026-07-28,Official staff directory checked; public phone-bearing role contacts added.
Bagmati,Kavrepalanchok,Namobuddha Municipality,Information & Inquiry,Completed,3,2026-07-28,2026-07-28,Official staff directory checked; public phone-bearing role contacts added.
Bagmati,Kavrepalanchok,Namobuddha Municipality,Other,Completed,51,2026-07-28,2026-07-30,Merged 45 valid DOE 2076 school-directory contacts with existing current official-staff records. Historic school-directory contacts require current-number verification.
Bagmati,Kavrepalanchok,Namobuddha Municipality,Women & Children,Completed,4,2026-07-28,2026-07-28,Official staff directory checked; public phone-bearing role contacts added.
Bagmati,Kavrepalanchok,Namobuddha Municipality,Government Services,Completed,22,2026-07-28,2026-07-28,Official elected and staff directories checked; public contacts added.
Bagmati,Kavrepalanchok,Namobuddha Municipality,Ward Offices,Completed,17,2026-07-28,2026-07-28,Official elected and staff directories checked; public contacts added.
Bagmati,Kavrepalanchok,Mahabharat Rural Municipality,Ward Offices,Completed,62,2026-07-28,2026-07-28,Official elected-representatives directory checked; public contacts added without inferring ward numbers.
Bagmati,Kavrepalanchok,Temal Rural Municipality,Government Services,Completed,9,2026-07-28,2026-07-28,Official municipality elected-representative page searched.
Bagmati,Kavrepalanchok,Temal Rural Municipality,Ward Offices,Needs Review,56,2026-07-28,,Ward elected contacts include FY 2080/81 historic official directory and require current confirmation.
Bagmati,Kavrepalanchok,Bhumlu Rural Municipality,Government Services,Completed,21,2026-07-28,2026-07-28,Official municipal staff directory searched; main public government-service contacts recorded.
Bagmati,Kavrepalanchok,Bhumlu Rural Municipality,Ward Offices,Completed,52,2026-07-28,2026-07-28,Official elected-representatives directory searched; ward chairs are represented by existing ward-office entries.
Bagmati,Makwanpur,Hetauda Sub-Metropolitan City,Ward Offices,Completed,38,2026-07-28,2026-07-29,Completed consolidation of 19 official ward-office records and 19 official ward-secretary role contacts. Removed 19 duplicate ward-office rows; all retained entries carry official municipal sources and verification status.
Bagmati,Makwanpur,Hetauda Sub-Metropolitan City,Disaster & Rescue,Completed,7,2026-07-28,2026-07-29,"Completed official-source sweep: Hetauda municipality, Makwanpur DAO, Nepal Police, APF, Nepal Army, NEOC, Hetauda Hospital and Nepal Red Cross. Fire, ambulance and Red Cross contacts already maintained as canonical organisation records in Emergency Services and Health & Ambulance were cross-checked rather than duplicated."
Bagmati,Makwanpur,Hetauda Sub-Metropolitan City,Police & Security,Completed,24,2026-07-28,2026-07-29,Official Bagmati Province Police directory rechecked through 2026-07-29. Added five Hetauda-area posts and consolidated District Police Office operational contacts; all rows have official URLs and verification status.
Bagmati,Makwanpur,Hetauda Sub-Metropolitan City,Government Services,Completed,100,2026-07-28,2026-07-29,"Official municipality, district, federal, and provincial office sources reviewed; main public service offices recorded with source URLs and verification status."
Bagmati,Makwanpur,Hetauda Sub-Metropolitan City,Health & Ambulance,Completed,94,2026-07-28,2026-07-30,"Completed official and public-source sweep through 2026-07-30: municipal health facilities, ambulances, Red Cross, FPAN, Ayurveda services, clinics, diagnostic services, dental and pharmacy contacts were reviewed. Directory-only providers are retained as Needs Review; numberless results were excluded."
Bagmati,Makwanpur,Hetauda Sub-Metropolitan City,Women & Children,Completed,24,2026-07-28,2026-07-30,"Completed official and organisation-source sweep through 2026-07-30. Municipal protection services, national women and child helplines, hospital crisis support, and local child-rights, anti-trafficking, legal and women-empowerment organisations are recorded. Directory-only historical contacts remain Needs Review."
Bagmati,Makwanpur,Hetauda Sub-Metropolitan City,Electricity & Utilities,Completed,24,2026-07-28,2026-07-29,"Official NEA, Hetauda Water Supply Management Board, Nepal Telecom, municipal, and federal utility sources reviewed. Hetauda-specific current no-light contacts recorded; neighbouring service points excluded."
Bagmati,Makwanpur,Hetauda Sub-Metropolitan City,Government Complaints,Completed,6,2026-07-28,2026-07-29,"Completed official-source pass: municipal grievance system, DAO, CIAA and NHRC local complaint routes are recorded; sector-specific grievance contacts remain on their canonical service records to avoid duplicates."
Bagmati,Makwanpur,Hetauda Sub-Metropolitan City,Travel & Tourism,Completed,36,2026-07-28,2026-07-29,"Completed official-source sweep across Tourist Police, Bagmati tourism ministry, provider-operated accommodation and travel agencies, followed by public-directory lodging and passenger-transport coverage. Directory-only contacts remain explicitly marked Needs Review."
Bagmati,Makwanpur,Hetauda Sub-Metropolitan City,Information & Inquiry,Completed,73,2026-07-28,2026-07-29,"Completed official-source sweep across municipal, provincial, district, government-office and public-enterprise information contacts. The current Makwanpur DAO register was used to establish the public Information Officer contacts."
Bagmati,Makwanpur,Hetauda Sub-Metropolitan City,Other,Completed,202,2026-07-29,2026-07-30,Merged 95 valid DOE 2076 school-directory contacts with existing official and directory-sourced Hetauda records. Historic school-directory contacts require current-number verification.
Bagmati,Makwanpur,Kailash Rural Municipality,Information & Inquiry,Completed,6,2026-07-21,2026-07-30,"Completed official-source pass: municipal Information Officer and main office contacts, current DAO Makwanpur information-officer register, and DAO general inquiry routes recorded. Nepal Telecom directory inquiry 197 is retained as Needs Review because the official source is archival."
Bagmati,Makwanpur,Raksirang Rural Municipality,Police & Security,Completed,8,2026-07-26,2026-07-30,"Completed current official Police directory pass: Chainpur local police post plus district control, information officer, communications, operations, crime-investigation and women-service routes recorded for Raksirang coverage."
Bagmati,Makwanpur,Raksirang Rural Municipality,Health & Ambulance,Completed,7,2026-07-26,2026-07-30,"Completed official-source pass: municipal Health Branch, ambulance, national ambulance hotline, district Public Health Office, Khairang and Sarikhet health-post contacts. Directory-only Khairang alternate remains individually marked Needs Review."
Bagmati,Makwanpur,Raksirang Rural Municipality,Hospitals,Needs Review,2,2026-07-30,,"Direct local primary-health-centre number found in current official Police emergency directory, but official Health Insurance and Police sources use different facility names. Raksirang hospital record remains Needs Review until the municipality confirms the names refer to the same service."
Bagmati,Makwanpur,Bagmati Rural Municipality,Hospitals,Needs Review,3,2026-07-30,,"Official-source pass now includes Raigau Health Post, newly operating Shahid Smriti Basic Hospital, and Hetauda Hospital referral coverage. The Shahid Smriti hospital lacks a published dedicated switchboard, so its municipal Health Branch route remains Needs Review before category completion."
Bagmati,Kavrepalanchok,Mahabharat Rural Municipality,Hospitals,Needs Review,2,2026-07-30,,Official source pass confirms five local health posts but no public direct facility phone numbers. Dhulikhel Hospital and Paropakar Maternity and Women's Hospital referral contacts are added; further municipal or district-health source research is needed for local facility contacts.
Bagmati,Kavrepalanchok,Mahabharat Rural Municipality,Police & Security,Completed,8,2026-07-11,2026-07-30,"Completed current official Police directory pass: Devitar, Phoksingtar and Gokule local coverage plus Kavrepalanchok district office, control, communications, information-officer, and traffic-control routes recorded."
Bagmati,Kavrepalanchok,Mahabharat Rural Municipality,Government Services,Completed,40,2026-07-11,2026-07-30,"Completed current official municipal staff-directory pass across administration, education, employment, audit, digital information, MIS, enterprise-development, and ward-group technical services."
Bagmati,Kavrepalanchok,Bethanchowk Rural Municipality,Government Services,Completed,26,2026-07-11,2026-07-30,Current official staff directory checked. Nineteen additional public role contacts added; 26 current government-service records now retained after deduplication.
Bagmati,Kavrepalanchok,Mandandeupur Municipality,Government Services,Completed,20,2026-07-11,2026-07-30,Current official staff directory checked. Seventeen additional public role contacts added; 20 government-service records retained after deduplication.
Bagmati,Kavrepalanchok,Mandandeupur Municipality,Ward Offices,Completed,42,2026-07-11,2026-07-30,"Current official ward-staff directory checked. Thirty public ward secretary, administrative, engineering, agriculture, and livestock contacts added; 42 ward-office records retained after deduplication."
Bagmati,Kavrepalanchok,Mandandeupur Municipality,Health & Ambulance,Completed,40,2026-07-11,2026-07-30,Official municipal health-staff directory checked. Thirty-seven additional clinical facility contacts added; 40 records retained. One Judigaun staff number conflicts with a current ward page and remains Needs Review.
Bagmati,Kavrepalanchok,Mandandeupur Municipality,Police & Security,Completed,6,2026-07-11,2026-07-30,Current official municipal emergency and municipal-police directories checked. Higuwa Pati Police Chowki separated from Deupur; two current municipal-police contacts added. Six police and security records retained.
Bagmati,Dhading,Nilkantha Municipality,Government Services,Completed,34,2026-07-30,2026-07-30,Current official municipal staff directory checked. Thirty-two public government-service role contacts added; 34 total records retained including existing municipal inquiry and spokesperson contacts.
Bagmati,Dhading,Nilkantha Municipality,Ward Offices,Completed,17,2026-07-30,2026-07-30,"Official ward profiles checked. Direct ward-office lines added for all Wards 1-14, alongside three existing disaster-coordination records; 17 records retained."
Bagmati,Dhading,Nilkantha Municipality,Health & Ambulance,Completed,26,2026-07-28,2026-07-30,"Official ward profiles checked. Twenty clinical facility contacts added to existing hospital, ambulance, and health-post routes; 26 records retained."
Bagmati,Dhading,Nilkantha Municipality,Police & Security,Completed,13,2026-07-30,2026-07-30,Current official municipal security-branch roster checked. Eight municipal police contacts added to five existing district police and traffic routes.
Bagmati,Dhading,Galchhi Rural Municipality,Government Services,Completed,15,2026-07-30,2026-07-30,Current official staff directory pages 1-2 checked; 15 public government-service contacts added.
Bagmati,Dhading,Galchhi Rural Municipality,Ward Offices,Needs Review,8,2026-07-30,2026-07-30,Official Ward 1-8 profiles checked; direct office lines added. Pages were originally published in 2017 and require current operational confirmation.
Bagmati,Dhading,Dhunibeshi Municipality,Emergency Services,Completed,1,2026-07-30,2026-07-30,Current official municipal contact page checked; municipal fire contact added.
Bagmati,Dhading,Dhunibeshi Municipality,Health & Ambulance,Completed,3,2026-07-30,2026-07-30,Current official municipal contact page checked; three health-post ambulance contacts added.
Bagmati,Dhading,Dhunibeshi Municipality,Ward Offices,Completed,9,2026-07-30,2026-07-30,Current official elected representatives directory checked; all nine ward-chair public contacts added as ward-office routes.
Bagmati,Dhading,Dhunibeshi Municipality,Police & Security,Completed,6,2026-07-30,2026-07-30,Official Nepal Police emergency and Bagmati subordinate-office directories searched; district-wide response routes added. No Dhunibeshi-specific station contact surfaced in official results.
Bagmati,Dhading,Dhunibeshi Municipality,Government Services,Completed,10,2026-07-30,2026-07-30,Official municipal contact and staff-directory pages searched; main office and all nine published staff contacts added.
Bagmati,Dhading,Dhunibeshi Municipality,Electricity & Utilities,Needs Review,1,2026-07-30,,Official NEA and municipal sources searched. Current Dhading NEA distribution-center contact added; a public water-service contact was not found.
Bagmati,Dhading,Dhunibeshi Municipality,Women & Children,Needs Review,2,2026-07-30,,Official national protection hotlines added. No Dhunibeshi-specific women or child service contact surfaced in this pass.
Bagmati,Dhading,Dhunibeshi Municipality,Disaster & Rescue,Needs Review,1,2026-07-30,,Official NEOC disaster hotline added. No Dhunibeshi-specific disaster operations contact surfaced in this pass.
Bagmati,Dhading,Dhunibeshi Municipality,Hospitals,Completed,1,2026-07-30,2026-07-30,Official District Administration Office current disaster plan searched; Dhunibeshi Municipal Hospital public contact added.
Bagmati,Dhading,Dhunibeshi Municipality,Health & Ambulance,Needs Review,7,2026-07-30,,"Official district plan added seven local health-facility contacts, but source document is older; numbers are preserved as Needs Review pending a current local confirmation."
Bagmati,Dhading,Dhunibeshi Municipality,Emergency Services,Completed,3,2026-07-30,2026-07-30,"Official national fire, ambulance and traffic emergency short codes added."
Bagmati,Dhading,Dhunibeshi Municipality,Travel & Tourism,Completed,1,2026-07-30,2026-07-30,Official Nepal Police Tourist Police hotline added; no local tourist-police post is listed for Dhunibeshi.
Bagmati,Dhading,Dhunibeshi Municipality,Information & Inquiry,Completed,3,2026-07-30,2026-07-30,Official Nepal Telecom inquiry and customer-support codes added.
Bagmati,Dhading,Dhunibeshi Municipality,Government Complaints,Completed,2,2026-07-30,2026-07-30,Official municipal contact and OPMCM Hello Sarkar channels searched and added.
Bagmati,Dhading,Dhunibeshi Municipality,Other,Completed,44,2026-07-30,2026-07-30,Official municipal School and Campus 2082 directory processed. Duplicate Mahendrodaya listing merged into one Needs Review record.
Bagmati,Dhading,Dhunibeshi Municipality,Women & Children,Needs Review,4,2026-07-30,,Official National Women Commission service map supplied four Dhading district support routes; local Dhunibeshi office contacts remain unconfirmed.
Bagmati,Dhading,Dhunibeshi Municipality,Disaster & Rescue,Needs Review,2,2026-07-30,,District Administration Office plans supplied two community ambulance/rescue contacts; local operating status needs confirmation.
Bagmati,Dhading,Thakre Rural Municipality,Other,Completed,44,2026-07-30,2026-07-30,Added 43 valid school contacts from the official 2076 government directory alongside the prior official school-site contact. All historic directory phone numbers require current-number verification.
Bagmati,Dhading,Thakre Rural Municipality,Health & Ambulance,Needs Review,11,2026-07-30,,Official 2079 District Administration Office disaster plan added eleven ambulance routes; individual operating status requires current confirmation.
Bagmati,Kavrepalanchok,Khanikhola Rural Municipality,Other,Completed,41,2026-07-30,2026-07-30,Merged 40 DOE 2076 school-directory contacts with existing current official records. 2 malformed source values are Unverified/Low; historic-directory contacts require current-number verification.
Bagmati Province,Kavrepalanchok,Mahabharat Rural Municipality,Other,Completed,52,2026-07-30,2026-07-30,Complete roster of 49 schools and 3 community learning centres added from official 2082 education bulletin.
Bagmati Province,Kavrepalanchok,Bethanchowk Rural Municipality,Other,Completed,32,2026-07-30,2026-07-30,Completed school-contact pass: 4 newer official school records plus 28 non-duplicative historical-directory school contacts. The 28 historical contacts are Needs Review.
Bagmati Province,Kavrepalanchok,Roshi Rural Municipality,Other,Completed,67,2026-07-30,2026-07-30,Imported all 67 Roshi school records with phones from the official 2076 government school directory. All marked Needs Review because the directory is historical.
Bagmati Province,Kavrepalanchok,Bhumlu Rural Municipality,Other,Completed,39,2026-07-30,2026-07-30,Complete municipal 2081 headteacher directory imported: 39 school contacts across wards 1-10.
Bagmati Province,Kavrepalanchok,Chauri Deurali Rural Municipality,Other,Completed,54,2026-07-30,2026-07-30,Imported 54 valid Chauri Deurali school records with phones from the official 2076 government directory. A malformed nine-digit listing was excluded. All imported contacts are Needs Review due to source age.
Bagmati Province,Kavrepalanchok,Temal Rural Municipality,Other,Completed,48,2026-07-30,2026-07-30,Imported 48 valid Temal school records with phones from the official 2076 government directory. All imported contacts are Needs Review due to source age.
Bagmati Province,Kavrepalanchok,Mandandeupur Municipality,Other,Completed,51,2026-07-30,2026-07-30,Imported 51 valid school records with phones from official 2076 government directory. Excluded one invalid three-digit listing; all imported contacts require review due to source age. A municipality 2078 image-only education bulletin remains available for future visual review.
Bagmati Province,Dhading,Gajuri Rural Municipality,Other,Completed,49,2026-07-30,2026-07-30,"Complete municipality-published 2082 education roster imported: 49 public contacts across schools, early-learning centres, community learning centres, and campuses."
Bagmati Province,Dhading,Benighat Rorang Rural Municipality,Other,Completed,74,2026-07-30,2026-07-30,Imported 74 valid school contacts from the official 2076 government directory. All are Needs Review due to source age.
Bagmati Province,Dhading,Gangajamuna Rural Municipality,Other,Completed,45,2026-07-30,2026-07-30,Imported 45 valid school contacts from official 2076 government directory. All are Needs Review due to source age.
Bagmati Province,Dhading,Jwalamukhi Rural Municipality,Other,Completed,37,2026-07-30,2026-07-30,Imported 37 valid school contacts from the official 2076 government directory. All require review due to source age; repeated source numbers retained without alteration.
Bagmati Province,Dhading,Tripurasundari Rural Municipality,Other,Completed,34,2026-07-30,2026-07-30,Imported 34 valid school contacts from official 2076 government directory. All require review due to source age.
Bagmati Province,Dhading,Galchhi Rural Municipality,Other,Completed,40,2026-07-30,2026-07-30,Imported 40 valid school contacts from official 2076 government directory. All require review due to source age.
Bagmati Province,Dhading,Khaniyabas Rural Municipality,Other,Completed,25,2026-07-30,2026-07-30,Imported 25 valid school contacts from the official 2076 government directory. One malformed eight-digit source value was excluded; all imported contacts need a current-number recheck.
Bagmati Province,Dhading,Rubi Valley Rural Municipality,Other,Completed,21,2026-07-30,2026-07-30,Imported 21 valid school contacts from the official 2076 government directory. All require current-number verification due to source age.
Bagmati Province,Dhading,Siddhalek Rural Municipality,Other,Completed,12,2026-07-30,2026-07-30,Imported 12 valid school contacts from the official 2076 government directory. All require current-number verification due to source age.
Bagmati Province,Dhading,Nilkantha Municipality,Other,Completed,72,2026-07-30,2026-07-30,Imported 72 valid school contacts from the official 2076 government directory. All require current-number verification due to source age.
Bagmati Province,Dhading,Dhunibesi Municipality,Other,Completed,40,2026-07-30,2026-07-30,Imported 40 valid school contacts from the official 2076 government directory. All require current-number verification due to source age.
Bagmati Province,Nuwakot,Bidur Municipality,Other,Completed,73,2026-07-30,2026-07-30,Imported 73 valid school contacts from the official 2076 government directory. All require current-number verification due to source age.
Bagmati Province,Nuwakot,Belkotgadhi Municipality,Other,Completed,51,2026-07-30,2026-07-30,Imported 51 valid school contacts from the official 2076 government directory. All require current-number verification due to source age.
Bagmati Province,Nuwakot,Dupcheshwor Rural Municipality,Other,Completed,49,2026-07-30,2026-07-30,Imported 49 valid school contacts from the official 2076 government directory. All require current-number verification due to source age.
Bagmati Province,Nuwakot,Kakani Rural Municipality,Other,Completed,42,2026-07-30,2026-07-30,Imported 42 valid school contacts from the official 2076 government directory. All require current-number verification due to source age.
Bagmati Province,Nuwakot,Likhu Rural Municipality,Other,Completed,24,2026-07-30,2026-07-30,Imported 24 valid school contacts from the official 2076 government directory. All require current-number verification due to source age.
Bagmati Province,Nuwakot,Panchakanya Rural Municipality,Other,Completed,28,2026-07-30,2026-07-30,Imported 28 valid school contacts from the official 2076 government directory. All require current-number verification due to source age.
Bagmati Province,Nuwakot,Shivapuri Rural Municipality,Other,Completed,39,2026-07-30,2026-07-30,Imported 39 valid school contacts from the official 2076 government directory. All require current-number verification due to source age.
Bagmati Province,Nuwakot,Tadi Rural Municipality,Other,Completed,30,2026-07-30,2026-07-30,Imported 30 valid school contacts from the official 2076 government directory. All require current-number verification due to source age.
Bagmati Province,Nuwakot,Tarakeshwor Rural Municipality,Other,Completed,33,2026-07-30,2026-07-30,"Imported 33 valid school contacts from official 2076 government directory, published as Tarkeshwar Gaunpalika. All require current-number verification due to source age."
Bagmati Province,Nuwakot,Suryagadhi Rural Municipality,Other,Completed,31,2026-07-30,2026-07-30,Imported 31 valid school contacts from the official 2076 government directory. All require current-number verification due to source age.
Bagmati Province,Nuwakot,Kispang Rural Municipality,Other,Completed,22,2026-07-30,2026-07-30,Imported 22 valid school contacts from the official 2076 government directory. All require current-number verification due to source age.
Bagmati Province,Nuwakot,Meghang Rural Municipality,Other,Completed,19,2026-07-30,2026-07-30,Imported 19 valid school contacts from the official 2076 government directory. All require current-number verification due to source age.
Bagmati Province,Rasuwa,Kalika Rural Municipality,Other,Completed,21,2026-07-30,2026-07-30,"Imported 21 school contacts from the official 2076 government directory, including source-published local landlines. All require current-number verification due to source age."
Bagmati Province,Rasuwa,Naukunda Rural Municipality,Other,Completed,29,2026-07-30,2026-07-30,Imported 29 valid school contacts from the official 2076 government directory. All require current-number verification due to source age; values retained as published.
Bagmati Province,Rasuwa,Uttargaya Rural Municipality,Other,Completed,20,2026-07-30,2026-07-30,"Imported 20 school contacts from official 2076 government directory, including source-published local landlines. All require current-number verification due to source age."
Bagmati Province,Rasuwa,Gosaikunda Rural Municipality,Other,Completed,18,2026-07-30,2026-07-30,"Imported 18 school contacts from official 2076 government directory, including source-published local landlines where present. All require current-number verification due to source age."
Bagmati Province,Rasuwa,Parbatikunda Rural Municipality,Other,Completed,12,2026-07-30,2026-07-30,"Imported 12 school contacts from official 2076 government directory, including source-published local landlines where present. All require current-number verification due to source age."
Bagmati Province,Sindhupalchok,Barhabise Municipality,Other,Completed,56,2026-07-30,2026-07-30,Imported 56 valid school contacts from official 2076 government directory. One malformed nine-digit source value was excluded; all imported contacts require current-number verification due to source age.
Bagmati Province,Sindhupalchok,Helambu Rural Municipality,Other,Completed,36,2026-07-30,2026-07-30,Imported 36 valid school contacts from official 2076 government directory. All require current-number verification due to source age.
Bagmati Province,Sindhupalchok,Bhotekoshi Rural Municipality,Other,Completed,30,2026-07-30,2026-07-30,Imported 30 valid school contacts from official 2076 government directory. All require current-number verification due to source age.
Bagmati Province,Sindhupalchok,Lisankhu Pakhar Rural Municipality,Other,Completed,32,2026-07-30,2026-07-30,"Imported 32 valid school contacts from official 2076 government directory, published under legacy label Lisankhu Pakhar - 7 Thulopakhar. All require current-number verification due to source age."
Bagmati Province,Sindhupalchok,Panchpokhari Thangpal Rural Municipality,Other,Completed,33,2026-07-30,2026-07-30,Imported 33 valid school contacts from official 2076 government directory. One malformed nine-digit source value was excluded; all imported contacts require current-number verification due to source age.
Bagmati Province,Sindhupalchok,Sunkoshi Rural Municipality,Other,Completed,39,2026-07-30,2026-07-30,Imported 39 valid school contacts from official 2076 government directory. All require current-number verification due to source age.
Bagmati Province,Sindhupalchok,Balephi Rural Municipality,Other,Completed,35,2026-07-30,2026-07-30,"Imported 35 valid school contacts from official 2076 government directory, published under source spelling Balefi. All require current-number verification due to source age."
Bagmati Province,Sindhupalchok,Tripurasundari Rural Municipality,Other,Completed,30,2026-07-30,2026-07-30,Imported 30 valid school contacts from official 2076 government directory for the Sindhupalchok Tripurasundari Rural Municipality. All require current-number verification due to source age.
Bagmati Province,Sindhuli,Kamalamai Municipality,Other,Completed,93,2026-07-30,2026-07-30,Imported 93 valid school contacts from official 2076 government directory. All require current-number verification due to source age.
Bagmati Province,Sindhuli,Tinpatan Rural Municipality,Other,Completed,92,2026-07-30,2026-07-30,Imported 92 valid school contacts from official 2076 government directory. All require current-number verification due to source age.
Bagmati Province,Sindhuli,Dudhauli Municipality,Other,Completed,84,2026-07-30,2026-07-30,Imported 84 valid school contacts from official 2076 government directory. All require current-number verification due to source age.
Bagmati Province,Sindhuli,Phikkal Rural Municipality,Other,Completed,53,2026-07-30,2026-07-30,Imported 53 valid school contacts from official 2076 government directory. All require current-number verification due to source age.
Bagmati Province,Sindhuli,Marin Rural Municipality,Other,Completed,51,2026-07-30,2026-07-30,Imported 51 valid school contacts from official 2076 government directory. All require current-number verification due to source age.
Bagmati Province,Sindhuli,Sunkoshi Rural Municipality,Other,Completed,49,2026-07-30,2026-07-30,Imported 49 valid school contacts from official 2076 government directory for the Sindhuli Sunkoshi Rural Municipality. All require current-number verification due to source age.
Bagmati Province,Sindhuli,Golanjor Rural Municipality,Other,Completed,62,2026-07-30,2026-07-30,"Imported 62 valid school contacts from official 2076 government directory, published under source spelling Golanjor Gaupalika. All require current-number verification due to source age."
Bagmati Province,Sindhuli,Hariharpurgadhi Rural Municipality,Other,Completed,46,2026-07-30,2026-07-30,Imported 46 valid school contacts from official 2076 government directory. All require current-number verification due to source age.
Bagmati Province,Sindhuli,Ghanglekh Rural Municipality,Other,Completed,37,2026-07-30,2026-07-30,"Imported 37 school contacts from official 2076 government directory, including source-published local landlines. All require current-number verification due to source age."
Bagmati Province,Ramechhap,Khadadevi Rural Municipality,Other,Completed,59,2026-07-30,2026-07-30,Imported 59 valid school contacts from official 2076 government directory. All require current-number verification due to source age.
Bagmati Province,Ramechhap,Gokulganga Rural Municipality,Other,Completed,39,2026-07-30,2026-07-30,Imported 39 valid school contacts from official 2076 government directory. All require current-number verification due to source age.
Bagmati Province,Dolakha,Bhimeshwor Municipality,Other,Completed,54,2026-07-30,2026-07-30,"Imported 54 school contacts from official 2076 government directory, including source-published local landlines. All require current-number verification due to source age."
Bagmati Province,Dolakha,Bigu Rural Municipality,Other,Completed,37,2026-07-30,2026-07-30,Imported 37 valid school contacts from official 2076 government directory. All require current-number verification due to source age.
Bagmati Province,Dolakha,Sailung Rural Municipality,Other,Completed,34,2026-07-30,2026-07-30,Imported 34 valid school contacts from official 2076 government directory. All require current-number verification due to source age.
Bagmati Province,Dolakha,Tamakoshi Rural Municipality,Other,Completed,41,2026-07-30,2026-07-30,Imported 41 valid school contacts from official 2076 government directory for Dolakha's Tamakoshi Rural Municipality. All require current-number verification due to source age.
Bagmati Province,Makwanpur,Bakaiya Rural Municipality,Other,Completed,74,2026-07-30,2026-07-30,Imported 74 valid school contacts from official 2076 government directory. All require current-number verification due to source age.
Bagmati Province,Makwanpur,Thaha Municipality,Other,Completed,53,2026-07-30,2026-07-30,"Imported 53 valid school contacts from official 2076 government directory, including one formatted local landline. One malformed 9-digit source record was excluded. All imported contacts require current-number verification due to source age."
Bagmati Province,Makwanpur,Bagmati Rural Municipality,Other,Completed,50,2026-07-30,2026-07-30,Imported 50 valid school contacts from official 2076 government directory for Makwanpur's Bagmati Rural Municipality. All require current-number verification due to source age.
Bagmati Province,Makwanpur,Bhimphedi Rural Municipality,Other,Completed,49,2026-07-30,2026-07-30,Imported 49 valid school contacts from official 2076 government directory. All require current-number verification due to source age.
Bagmati Province,Makwanpur,Manahari Rural Municipality,Other,Completed,32,2026-07-30,2026-07-30,Imported 32 valid school contacts from official 2076 government directory. Most source entries omit locality text; all contacts require current-number verification due to source age.
Bagmati Province,Chitwan,Bharatpur Metropolitan City,Other,Completed,217,2026-07-30,2026-07-30,"Imported 217 valid school contacts from official 2076 government directory, including normalized local landlines. All require current-number verification due to source age."
Bagmati Province,Chitwan,Rapti Municipality,Other,Completed,61,2026-07-30,2026-07-30,"Imported 61 valid school contacts from official 2076 government directory, including one normalized local landline. All require current-number verification due to source age."
Bagmati Province,Chitwan,Khairahani Municipality,Other,Completed,49,2026-07-30,2026-07-30,Imported 49 valid school contacts from official 2076 government directory. All require current-number verification due to source age.
Bagmati Province,Chitwan,Kalika Municipality,Other,Completed,47,2026-07-30,2026-07-30,Imported 47 valid school contacts from official 2076 government directory. All require current-number verification due to source age.
Bagmati Province,Kathmandu,Gokarneshwor Municipality,Other,Completed,102,2026-07-30,2026-07-30,Imported 102 DOE 2076 school-directory contacts. 5 malformed source values are Unverified/Low and require manual verification; all historic-directory contacts require current-number rechecks.
Bagmati Province,Kathmandu,Tarkeshwor Municipality,Other,Completed,79,2026-07-30,2026-07-30,Imported 79 DOE 2076 school-directory contacts. 2 malformed source values are Unverified/Low and require manual verification; historic-directory contacts require current-number rechecks.
Bagmati Province,Kathmandu,Chandragiri Municipality,Other,Completed,68,2026-07-30,2026-07-30,Imported 68 DOE 2076 school-directory contacts. 1 malformed source values are Unverified/Low and require manual verification; historic-directory contacts require current-number rechecks.
Bagmati Province,Kathmandu,Kirtipur Municipality,Other,Completed,37,2026-07-30,2026-07-30,Imported 37 DOE 2076 school-directory contacts. 0 malformed source values are Unverified/Low and require manual verification; historic-directory contacts require current-number rechecks.
Bagmati Province,Kathmandu,Kathmandu Metropolitan City,Other,Completed,604,2026-07-30,2026-07-30,Imported 604 DOE 2076 school-directory contacts. 16 malformed source values are Unverified/Low and require manual verification; historic-directory contacts require current-number rechecks.
Bagmati Province,Lalitpur,Lalitpur Metropolitan City,Other,Completed,210,2026-07-30,2026-07-30,Imported 210 DOE 2076 school-directory contacts. 6 malformed source values are Unverified/Low and require manual verification; historic-directory contacts require current-number rechecks.
Bagmati Province,Lalitpur,Godawari Municipality,Other,Completed,81,2026-07-30,2026-07-30,Imported 81 DOE 2076 school-directory contacts. 2 malformed source values are Unverified/Low and require manual verification; historic-directory contacts require current-number rechecks.
Bagmati Province,Lalitpur,Mahankal Rural Municipality,Other,Completed,28,2026-07-30,2026-07-30,Imported 28 DOE 2076 school-directory contacts. 1 malformed source values are Unverified/Low and require manual verification; historic-directory contacts require current-number rechecks.
Bagmati Province,Lalitpur,Konjyosom Rural Municipality,Other,Completed,18,2026-07-30,2026-07-30,Imported 18 DOE 2076 school-directory contacts. 0 malformed source values are Unverified/Low and require manual verification; historic-directory contacts require current-number rechecks.
Bagmati Province,Bhaktapur,Suryabinayak Municipality,Other,Completed,90,2026-07-30,2026-07-30,Imported 90 DOE 2076 school-directory contacts. 0 malformed source values are Unverified/Low and require manual verification; historic-directory contacts require current-number rechecks.
Bagmati Province,Bhaktapur,Bhaktapur Municipality,Other,Completed,87,2026-07-30,2026-07-30,Imported 87 DOE 2076 school-directory contacts. 1 malformed source values are Unverified/Low and require manual verification; historic-directory contacts require current-number rechecks.
Bagmati Province,Bhaktapur,Madhyapur Thimi Municipality,Other,Completed,65,2026-07-30,2026-07-30,Imported 65 DOE 2076 school-directory contacts. 1 malformed source values are Unverified/Low and require manual verification; historic-directory contacts require current-number rechecks.
Bagmati Province,Bhaktapur,Changunarayan Municipality,Other,Completed,60,2026-07-30,2026-07-30,Imported 60 DOE 2076 school-directory contacts. 0 malformed source values are Unverified/Low and require manual verification; historic-directory contacts require current-number rechecks.
Koshi Province,Morang,Biratnagar Metropolitan City,Hospitals,Completed,5,2026-07-30,2026-07-30,Current official hospital and government sources checked; added five public hospital contacts with source URLs and verification statuses.
Koshi Province,Morang,Biratnagar Metropolitan City,Health & Ambulance,Completed,4,2026-07-30,2026-07-30,Current official hospital and government sources checked; added distinct ambulance and emergency service contacts without duplicating hospital-directory rows.
Koshi Province,Morang,Biratnagar Metropolitan City,Police & Security,Completed,7,2026-07-30,2026-07-30,"Current official Nepal Police, Traffic Police, and municipal emergency sources checked; added national, provincial, district, training-centre, and battalion operational contacts."
Koshi Province,Morang,Biratnagar Metropolitan City,Emergency Services,Completed,1,2026-07-30,2026-07-30,"Current municipal emergency contacts checked; added distinct city police/fire-brigade contact. Existing police, traffic, and ambulance emergency hotlines were not duplicated."
Koshi Province,Morang,Biratnagar Metropolitan City,Disaster & Rescue,Completed,3,2026-07-30,2026-07-30,"Current municipal and District Administration Office sources checked; added distinct national disaster, weather/flood, and district emergency-operation contacts."
Koshi Province,Morang,Biratnagar Metropolitan City,Electricity & Utilities,Completed,3,2026-07-30,2026-07-30,Current official NEA and Nepal Water Supply Corporation directories checked; added distinct electricity and water-supply office contacts.
Koshi Province,Morang,Biratnagar Metropolitan City,Government Services,Completed,19,2026-07-30,2026-07-30,"Current official employee directory parsed; added phone-bearing municipal administrative and service-delivery role contacts. Information, grievance, and municipal police roles reserved for their dedicated categories."
Koshi Province,Morang,Biratnagar Metropolitan City,Government Complaints,Completed,1,2026-07-30,2026-07-30,Current official municipal employee directory checked; added the published grievance Nodal Officer contact.
Koshi Province,Morang,Biratnagar Metropolitan City,Information & Inquiry,Completed,2,2026-07-30,2026-07-30,Current official employee and municipal contact pages checked; added Information Officer and distinct general inquiry contacts.
Koshi Province,Morang,Biratnagar Metropolitan City,Women & Children,Completed,3,2026-07-30,2026-07-30,"Official municipal, National Women Commission and Office of Women and Children sources checked; added the distinct local office plus national women and child protection helplines. Child Helpline 1098 hours follow current UNICEF guidance; 24/7 availability was not claimed."
Koshi Province,Morang,Biratnagar Metropolitan City,Ward Offices,Completed,69,2026-07-30,2026-07-30,"All eight pages of the current official elected-officials directory checked. Added 69 public, phone-bearing ward-representative contacts across Wards 1-19; citywide Mayor, Deputy Mayor and executive-member records were excluded from the Ward Offices category."
Koshi Province,Morang,Biratnagar Metropolitan City,Travel & Tourism,Completed,7,2026-07-30,2026-07-30,"Official tourism ministry, civil aviation, airline, immigration and police sources searched; added five verified public travel-support contacts, one official travel-agency contact and one NATTA directory listing requiring review."
Koshi Province,Morang,Biratnagar Metropolitan City,Other,Completed,9,2026-07-30,2026-07-30,"Official government and state-organisation sources checked; added nine distinct locally useful public-service contacts for tax, provident fund, telecommunications, plant quarantine, post, customs, central banking, social security and state-owned banking."
Koshi Province,Morang,Rangeli Municipality,Emergency Services,Completed,7,2026-07-30,2026-07-30,"Official municipal, area-administration, police, NDRRMA, DHM and DAO sources checked. Added national police, fire, disaster and flood codes plus local municipal, administration and district emergency coordination contacts. No Rangeli-specific ambulance or fire-engine telephone was published; 102 was excluded because official HEOC guidance does not establish universal coverage."
Koshi Province,Morang,Rangeli Municipality,Police & Security,Completed,6,2026-07-30,2026-07-30,"Current official Nepal Police, Traffic Police and Armed Police Force sources checked; added local Rangeli police and traffic-post contacts plus national, district and province security escalation routes. Police 100 was not duplicated from Emergency Services."
Koshi Province,Morang,Rangeli Municipality,Hospitals,Completed,1,2026-07-30,2026-07-30,"Official municipal, Health Insurance Board and health-network sources searched. Rangeli Hospital is the only hospital identified within the municipality; official Medical Superintendent contact added. A public-directory general line was merged as an alternate number needing confirmation."
Koshi Province,Morang,Rangeli Municipality,Health & Ambulance,Completed,2,2026-07-30,2026-07-30,"Official municipal staff directory, municipal health-place listings, Health Insurance Board portal, and public directory leads checked. Added the two current, distinct municipal Health Section role contacts. Rangeli Hospital remains in Hospitals; no source published a separate local ambulance contact."
Koshi Province,Morang,Rangeli Municipality,Women & Children,Completed,9,2026-07-30,2026-07-30,"Official municipal sources and National Women Commission/National Child Right Council service portals checked. Added national 1145, 1098 and 104 routes plus Morang crisis, protection, shelter, anti-trafficking and legal-aid services. No Rangeli-specific municipal women-and-children contact was published."
Koshi Province,Morang,Rangeli Municipality,Electricity & Utilities,Completed,5,2026-07-30,2026-07-30,Current NEA Rangeli Distribution Center and NEA consumer-services pages plus official Nepal Telecom and Ncell support pages checked. Added five local/national service routes. No dedicated Rangeli water-supply operator contact was published by official municipal or utility sources.
Koshi Province,Morang,Rangeli Municipality,Government Services,Completed,21,2026-07-30,2026-07-30,"Current official municipal staff directory and official Area Administration Office sources checked. Added 21 distinct service-facing municipal roles; health roles already recorded in Health & Ambulance, and ward offices/elected ward contacts are reserved for Ward Offices. Existing municipal and AAO main contacts were not duplicated. The designated Information Officer was reclassified to Information & Inquiry to avoid a duplicate contact."
Koshi Province,Morang,Rangeli Municipality,Government Complaints,Completed,4,2026-07-30,2026-07-30,"Official municipal feedback, OPMCM Hello Sarkar, CIAA and NTA sources checked. Added four distinct public complaint routes. The municipal feedback form uses the municipality's main contact already captured under Emergency Services, so no duplicate row was created."
Koshi Province,Morang,Rangeli Municipality,Disaster & Rescue,Completed,2,2026-07-30,2026-07-30,"Official municipal, DAO Morang and NDRRMA sources checked. The current Morang disaster plan provided the local fire-brigade and hospital mortuary-transport resources. Existing DEOC and NDRRMA routes were not duplicated; the Emergency Services fire row was corrected with the newly published local fire contacts."
Koshi Province,Morang,Rangeli Municipality,Travel & Tourism,Completed,2,2026-07-30,2026-07-30,"Official Rangeli Municipality, Nepal Tourism Board and Tourist Police sources checked. Added national visitor-safety and tourism-enquiry routes. No Rangeli tourism desk, lodging directory contact or local Tourist Police unit was published by the official sources."
Koshi Province,Morang,Rangeli Municipality,Information & Inquiry,Completed,3,2026-07-30,2026-07-30,"Official Rangeli Information Officer page, Nepal Telecom contact information and National Information Commission RTI portal checked. Reclassified the existing designated municipal Information Officer and added two distinct national inquiry routes. No separate municipal call-center contact was published."
Koshi Province,Morang,Rangeli Municipality,Ward Offices,Completed,9,2026-07-30,2026-07-30,"All nine official municipal ward profile pages were checked. Added Ward Office contacts for wards 1-9. Several pages do not name a secretary, and the profiles originate in 2018; the live official-page source and age are recorded in Notes for revalidation."
Koshi Province,Morang,Rangeli Municipality,Other,Completed,12,2026-07-30,2026-07-30,"Official Land Administration Office Rangeli, Morang DAO disaster plan and ADBL branch sources checked. Added the main land office, nine service-facing land-administration roles, Survey Office Rangeli and ADBL Rangeli. Non-service office-helper contacts were excluded."
Koshi Province,Morang,Ratuwamai Municipality,Emergency Services,Completed,9,2026-07-30,2026-07-30,"Official Ratuwamai municipality, Koshi Police, NDRRMA, DHM, Morang DAO service and current Morang disaster-plan sources checked. Added national police, fire, disaster and weather routes, local fire brigade and ambulance contacts, municipal/CAO coordination, and DEOC. No universal ambulance code was added because the official sources do not establish one."
Koshi Province,Morang,Ratuwamai Municipality,Police & Security,Completed,7,2026-07-30,2026-07-30,"Current official Nepal Police, Traffic Police and Armed Police Force sources checked. Added Sijuwa Area Police Office and Morang district police/traffic/public-information routes, plus national traffic and APF emergency routes and the province-control route. Police 100 was not duplicated from Emergency Services. The Jhapadtal post was excluded because its current Palika coverage could not be established from official police material."
Koshi Province,Morang,Ratuwamai Municipality,Hospitals,Completed,8,2026-07-30,2026-07-30,"Official Ratuwamai Municipal Hospital site, contact/scope page and current team directory checked. Added labelled emergency and chief lines, the hospital email and published office hours, plus all seven currently published service-facing management, clinical, administration and laboratory contacts. No additional hospital with an official public contact was found in Ratuwamai during this pass."
Koshi Province,Morang,Ratuwamai Municipality,Health & Ambulance,Completed,12,2026-07-30,2026-07-30,"Official Ratuwamai municipal staff directory and Mahadeva Health Post page checked. Added Health Section, eight ward/basic-health-unit contacts and four named health posts. The Ratuwamai Municipal Hospital emergency line and municipal ambulance driver were not duplicated because they are already recorded under Hospitals and Emergency Services. No further official ambulance route was found."
Koshi Province,Morang,Ratuwamai Municipality,Women & Children,Completed,11,2026-07-30,2026-07-30,"Official Ratuwamai municipal staff, National Women Commission service-mapping, National Women Commission helpline, Ministry child-helpline and National Child Rights Council sources checked. Added municipal support, national GBV/child/missing-child codes, and Morang district crisis, protection, shelter, legal-aid, child-rescue and reproductive-health routes. Hospital and police contacts already present in other categories were not duplicated except for purpose-specific GBV services with distinct telephone contacts."
Koshi Province,Morang,Ratuwamai Municipality,Electricity & Utilities,Completed,6,2026-07-30,2026-07-30,"Current official NEA Rangeli Distribution Center, NEA Sijuwa no-light and NEA consumer-services pages plus official Nepal Telecom and Ncell support pages checked. Added the local Sijuwa outage route and its NEA escalation service plus national communications utility support. No dedicated Ratuwamai water-supply, sanitation or waste-service telephone was published by official municipal or utility sources during this pass."
Koshi Province,Morang,Ratuwamai Municipality,Government Services,Completed,14,2026-07-30,2026-07-30,"Current official municipality contact and staff-directory pages checked. Added fourteen distinct municipal public-service branches/roles spanning administration, finance/RTI, technical works, education, IT, employment, planning, agriculture, livestock, revenue/cooperatives, land survey, assets and Ayurveda. The general municipal office is already retained under Emergency Services, the public social-security role lacks a published telephone, and health-service contacts are retained in Health & Ambulance; none were duplicated here."
Koshi Province,Morang,Ratuwamai Municipality,Government Complaints,Completed,7,2026-07-30,2026-07-30,"Official Ratuwamai municipal pages, Morang DAO, OPMCM, MoHA, CIAA, Nepal Police and National Information Commission sources checked. Added district grievance/RTI routes and five national complaint/escalation routes. Ratuwamai does not publish a separate municipal complaint officer or number beyond the municipal office contact already stored under Emergency Services, so that record was not duplicated."
Koshi Province,Morang,Ratuwamai Municipality,Disaster & Rescue,Completed,4,2026-07-30,2026-07-30,"Official Ratuwamai municipality, Morang DAO and current Morang disaster-plan sources checked. Added all four named Ratuwamai community disaster-response organisations and contacts published in the current plan. Local fire, ambulance, municipal coordination, DEOC, and national disaster/flood routes already stored under Emergency Services were not duplicated."
Koshi Province,Morang,Ratuwamai Municipality,Travel & Tourism,Completed,2,2026-07-30,2026-07-30,"Official Ratuwamai municipality, Nepal Tourism Board and Tourist Police sources checked. Ratuwamai publishes tourism policy material but no local visitor desk or tourism telephone; the current Tourist Police unit list has no Morang unit. Added the official national visitor-safety and tourism-enquiry routes."
Koshi Province,Morang,Ratuwamai Municipality,Information & Inquiry,Completed,6,2026-07-30,2026-07-30,"Official Ratuwamai municipal information/staff/contact pages, Postal Directorate Biratnagar, National Information Commission and OPMCM sources checked. Added two distinct Ratuwamai public-information roles, two Morang postal enquiry/RTI contacts and two national RTI/public-information routes. Existing municipal office, finance-service, Hello Sarkar and National Information Commission appeal records were retained in their established categories and not duplicated."
Koshi Province,Morang,Ratuwamai Municipality,Ward Offices,Completed,10,2026-07-30,2026-07-30,"Official ward-office, staff and elected-representatives directories checked. Added one public-service record for each of Ratuwamai's ten wards. Current office-assistant contacts were used for Wards 1, 3, 4, 6, 7, 8 and 10; current ward-chair contacts cover Wards 2, 5 and 9, which have no separately published office-staff contact. Published chair contacts were retained as secondary contacts where available."
Koshi Province,Morang,Ratuwamai Municipality,Other,Completed,25,2026-07-30,2026-07-30,"Official Ratuwamai school directory and its paginated/sorted views checked. Added 25 distinct municipality-listed school contacts, including government, institutional, madrasa and gurukul schools. One school number that conflicts with a separately published disaster-response contact was excluded for manual resolution. Other municipal-government, health, utility, ward, tourism and information contacts are already stored in their dedicated categories and were not duplicated."
Koshi Province,Morang,Belbari Municipality,Emergency Services,Completed,9,2026-07-30,2026-07-30,"Official Belbari municipality, Koshi Police, NTA, NDRRMA, DHM and Morang DAO sources checked. Added national police/fire/ambulance/disaster/weather routes, local municipal fire/ambulance and coordination contacts, plus DEOC. DAO pages conflict on the DEOC short code, so only the consistent local number is stored and the conflict is noted."
Koshi Province,Morang,Belbari Municipality,Police & Security,Completed,6,2026-07-30,2026-07-30,"Current official Koshi Police and APF sources plus the official NTA numbering plan checked. Added the local Belbari police office, Morang district and Koshi provincial police routes, national traffic and APF emergency routes, and the APF 24-hour monitoring route. National Police Control 100 was not duplicated from Emergency Services. Smaller Belbari posts were identified in police news, but current official public telephone contacts were not found."
Koshi Province,Morang,Belbari Municipality,Hospitals,Completed,6,2026-07-30,2026-07-30,"Official Belbari Nagar Hospital, Belbari Municipality staff and government health-facility sources checked. Added the hospital's published 24-hour emergency/reception contact and five distinct management, administration, information, laboratory and nursing contacts. No additional Belbari hospital with a current official public contact was found in this pass; unverified private-directory listings were excluded."
Koshi Province,Morang,Belbari Municipality,Health & Ambulance,Completed,5,2026-07-30,2026-07-30,"Current official Belbari municipal staff directory and hospital sources checked. Added all five currently published municipal Health Branch and Ayurveda Dispensary service roles. The municipal ambulance, 24-hour hospital emergency/reception and hospital service contacts are already retained in Emergency Services and Hospitals, so they were not duplicated. No separate current health-post contact was published in the municipal staff directory during this pass."
Koshi Province,Morang,Belbari Municipality,Women & Children,Completed,11,2026-07-30,2026-07-30,"Official Belbari municipal staff, National Women Commission service-mapping, National Women Commission helpline, Ministry child-helpline and National Child Rights Council sources checked. Added municipal support, national GBV/child/missing-child codes, and Morang district crisis, protection, shelter, legal-aid, child-rescue and reproductive-health routes. Hospital and police contacts already present in other categories were not duplicated except for purpose-specific GBV services with distinct telephone contacts."
Koshi Province,Morang,Belbari Municipality,Electricity & Utilities,Completed,6,2026-07-30,2026-07-30,"Current official NEA Belbari Distribution Center and no-light directories plus official NEA consumer-services, Nepal Telecom and Ncell support pages checked. Added the local distribution center, all three published Belbari outage lines, national NEA escalation and telecommunications utility support routes. No dedicated Belbari water-supply, sanitation or waste-service telephone was published by official municipal or utility sources during this pass."
Koshi Province,Morang,Belbari Municipality,Government Services,Completed,14,2026-08-30,2026-08-30,"Current official Belbari municipal staff and homepage directories plus the latest official Morang district government-office report checked. Added distinct public contacts for executive administration, finance, agriculture, social development, planning, livestock, roads/infrastructure, public assets, administration, education, secretariat and Survey Office Belbari. Health, women/children, emergency, police and information-officer contacts are retained in their dedicated categories; ward roles are reserved for Ward Offices."
Koshi Province,Morang,Belbari Municipality,Government Complaints,Completed,10,2026-08-30,2026-08-30,"Current official Belbari municipal portal, Morang DAO, OPMCM, MoHA, CIAA, Nepal Police, National Information Commission, NHRC and consumer-protection sources checked. Added two current DAO assistance/grievance routes plus eight national or regional complaint/escalation services. Belbari's municipal digital grievance system is linked from its official portal but uses the municipal office contact already stored under Emergency Services, so no duplicate municipal-office row was created."
Koshi Province,Morang,Belbari Municipality,Disaster & Rescue,Completed,3,2026-08-30,2026-08-30,"Official Belbari municipal, Morang DAO disaster-plan and DHM sources checked. Added the published Belbari municipal disaster contact, Morang Red Cross relief route and Dharan weather update. Fire, ambulance, police, DEOC, NEOC and national flood/weather hotline services were already retained in Emergency Services, so they were not duplicated. The local disaster-contact and Red Cross records require manual refresh because their published plan sources contain a contact conflict or are older."
Koshi Province,Morang,Belbari Municipality,Travel & Tourism,Completed,9,2026-08-30,2026-08-30,Official Belbari municipal and Nepal Tourism Board sources plus public destination and business directories checked. Added verified national and Koshi tourist-support routes and five Belbari destination/accommodation records from public directories. The five public-directory records and two older NTB publication records are deliberately marked Needs Review. No current official municipal tourism-office telephone was published.
Koshi Province,Morang,Belbari Municipality,Information & Inquiry,Completed,6,2026-08-30,2026-08-30,"Current official Belbari municipal, Morang DAO, Nepal Telecom and Ministry of Home Affairs sources checked. Added municipal and district RTI contacts, citizenship record inquiry, national telecom directory inquiry, National ID/civil-registration contact and Home Affairs Information Officer. Telecommunications support/maintenance contacts are retained under Electricity & Utilities, and complaint routes under Government Complaints, so they were not duplicated."
Koshi Province,Morang,Belbari Municipality,Ward Offices,Completed,9,2026-08-30,2026-08-30,"All 11 current municipal ward-profile URLs and older official ward-office pages were checked. Added current public contacts for Wards 3, 7, 9, 10 and 11, plus older official public contacts for Wards 1, 4, 5 and 6 marked Needs Review. Ward 2 has a current official email but no public phone; Wards 4, 5, 6, 8 and 1 current profile pages were intermittently unavailable, and Ward 8 had no separately published phone in the available official material. Wards without a sourced public phone were not fabricated."
Koshi Province,Morang,Belbari Municipality,Other,Completed,25,2026-08-30,2026-08-30,"Official government education directory and current organisation-owned sites were checked. Added 20 dated government-directory school contacts as Needs Review, plus five current verified civic, bank and school contacts. Government Services, utilities, health, emergency, tourism and Ward Offices are retained in their dedicated categories. The historical school-directory numbers need a current refresh before operational use."
Koshi Province,Morang,Urlabari Municipality,Emergency Services,Completed,3,2026-08-30,2026-08-30,Official Urlabari municipal contact page and Madan Bhandari Hospital and Trauma Center emergency-service page checked. Added the published municipal fire brigade number plus the hospital's explicitly 24/7 emergency and ambulance routes. National emergency short codes already exist in the national dataset and were not duplicated.
Koshi Province,Morang,Urlabari Municipality,Police & Security,Completed,2,2026-08-30,2026-08-30,Official Nepal Police emergency contacts directory checked. Added Area Police Office Urlabari with all three published numbers and Traffic Police Post Urlabari. National police control and toll-free numbers already exist in the national dataset and were not duplicated.
Koshi Province,Morang,Urlabari Municipality,Hospitals,Completed,3,2026-08-30,2026-08-30,Official Madan Bhandari Hospital and Araniko Hospital sites plus the APHIN member directory checked. Added two verified hospital records and one public-directory record marked Needs Review. Emergency and ambulance services are held in Emergency Services rather than duplicated as separate hospital rows.
Koshi Province,Morang,Urlabari Municipality,Health & Ambulance,Completed,3,2026-08-30,2026-08-30,Current official municipal executive directory checked. Added every published Health Branch and Ayurveda service contact. Rajghat Health Center and other listed health facilities have staff profiles but no public phone in the current directory. Hospital ambulance and emergency routes already exist in Emergency Services and were not duplicated.
Koshi Province,Morang,Urlabari Municipality,Women & Children,Completed,1,2026-08-30,2026-08-30,Official Urlabari municipal social-development branch material and National Women Commission service mapping and helpline sources checked. Added the identified municipal branch route. No separate local women/child protection telephone was published; national 1145 and 1098 routes are already retained as national records and were not duplicated.
Koshi Province,Morang,Urlabari Municipality,Electricity & Utilities,Completed,3,2026-08-30,2026-08-30,Official NEA distribution-center and no-light directories plus Urlabari Drinking Water and Consumer's Sanitation Institution website checked. Added two published electricity phone routes and the water provider's email-only record. National telecom utility routes already exist in the national dataset and were not duplicated.
Koshi Province,Morang,Urlabari Municipality,Government Services,Completed,16,2026-08-30,2026-08-30,"Current official municipal executive directory checked. Added sixteen distinct, published administrative, education, finance, procurement, agriculture, livestock, law, infrastructure, building, employment, audit and animal-development service contacts. Health and information roles are retained in their dedicated categories; ward roles are reserved for Ward Offices."
Koshi Province,Morang,Urlabari Municipality,Government Complaints,Completed,2,2026-08-30,2026-08-30,"Official Urlabari municipal contact page and Area Administration Office members directory checked. Added the municipal feedback/toll-free route and the named Area Administration Complaint Officer. National Hello Sarkar and CIAA complaint routes, and CIAA Itahari coverage, already exist in the dataset and were not duplicated."
Koshi Province,Morang,Urlabari Municipality,Disaster & Rescue,Completed,1,2026-08-30,2026-08-30,"Official Urlabari municipal disaster early-warning/search-and-rescue publication and available Morang disaster-plan sources checked. Added the municipal disaster contact route. No dedicated local disaster desk, Red Cross branch or separate rescue number was published in the sources found; existing fire, ambulance, police and national disaster routes were not duplicated."
Koshi Province,Morang,Urlabari Municipality,Travel & Tourism,Completed,4,2026-08-30,2026-08-30,"Official municipal and current accommodation sources, FNCCI event information and tourism directories checked. Added one verified accommodation contact and three clearly marked Needs Review tourism/hospitality records. No separate current municipal tourism-office telephone or local Tourist Police contact was published."
Koshi Province,Morang,Urlabari Municipality,Information & Inquiry,Completed,4,2026-08-30,2026-08-30,"Current official Urlabari municipal executive/homepage and Area Administration Office contact sources checked. Added municipal and government Information Officers, the municipal spokesperson, and citizenship-record inquiry route. General municipal office contacts are retained only when purpose-specific here to avoid duplicates."
Koshi Province,Morang,Urlabari Municipality,Ward Offices,Completed,9,2026-08-30,2026-08-30,"Official ward pages and current elected-officials directory checked. Added one public ward-office record for every one of Urlabari's nine wards. Wards 1 and 3-9 have an official ward landline plus current Ward Chair contact; Ward 2 has no separately published ward-office number, so its current official Ward Chair number is retained as the primary public contact."
Koshi Province,Morang,Urlabari Municipality,Other,Completed,42,2026-08-30,2026-08-30,Official Department of Education directory searched and 38 non-placeholder school contacts retained as historical records needing current confirmation. Added four current organisation-owned education and financial-service contacts.
Koshi Province,Morang,Pathari Shanishchare Municipality,Emergency Services,Completed,3,2026-08-30,2026-08-30,"Official municipality and Nepal Police sources checked. Added municipal fire engines, Nepal Police Control, and Shanishchare Ambulance Service."
Koshi Province,Morang,Pathari Shanishchare Municipality,Police & Security,Completed,2,2026-08-30,2026-08-30,Official Nepal Police station contact directory searched. Added Area Police Office Pathari and Traffic Police Office Pathari.
Koshi Province,Morang,Pathari Shanishchare Municipality,Hospitals,Needs Review,3,2026-08-30,,Official municipality hospital listing and public facility directories searched. No hospital-specific official contact was published; three directory-sourced facility records retained for confirmation.
Koshi Province,Morang,Pathari Shanishchare Municipality,Health & Ambulance,Needs Review,1,2026-08-30,,Official municipality staff directory checked. Health Section coordination contact added; individual health-centre contacts require further confirmation.
Koshi Province,Morang,Pathari Shanishchare Municipality,Other,Completed,56,2026-08-30,2026-08-30,"Official Department of Education directory added 51 school contacts pending confirmation; five current organisation-owned education, financial-service, and business-support contacts added and verified."
Koshi Province,Morang,Pathari Shanishchare Municipality,Government Services,Completed,25,2026-08-30,2026-08-30,"Official municipal home page and full staff directory checked. Added 25 current municipal office, elected-office, public information, administration, planning, social security, employment, IT, agricultural, livestock, infrastructure, and urban-development contacts."
Koshi Province,Morang,Pathari Shanishchare Municipality,Ward Offices,Needs Review,10,2026-08-30,,Official ward-profile pages supplied historic Wards 1-3 contact lines. Municipal elected-officials directory supplied Ward Chair contacts for Wards 4-10; official-source conflict requires all entries to be confirmed.
Koshi Province,Morang,Pathari Shanishchare Municipality,Women & Children,Completed,4,2026-08-30,2026-08-30,"Official municipal staff directory, National Women Commission, and Ministry protection-service sources checked. Added municipal women-development service plus national women and child protection helplines."
Koshi Province,Morang,Pathari Shanishchare Municipality,Government Complaints,Completed,3,2026-08-30,2026-08-30,"Official CIAA and Nepal Police complaint sources checked. Added CIAA hotline, CIAA Itahari office covering Morang, and Nepal Police complaint control."
Koshi Province,Morang,Pathari Shanishchare Municipality,Disaster & Rescue,Completed,1,2026-08-30,2026-08-30,Official Nepal Police Disaster Response and Training Center source checked. Added Koshi Province Police Disaster Management Group; locally verified fire and ambulance contacts are already stored under Emergency Services.
Koshi Province,Morang,Pathari Shanishchare Municipality,Travel & Tourism,Needs Review,2,2026-08-30,,Public travel and accommodation directories searched. Two local contacts retained for confirmation; no official tourism-body listing was located.
Koshi Province,Morang,Pathari Shanishchare Municipality,Electricity & Utilities,Completed,2,2026-08-30,2026-08-30,Official NEA and Nepal Telecom sources checked. No local Pathari utility-office phone was published; added the official national consumer/reporting channels.
Koshi Province,Morang,Pathari Shanishchare Municipality,Information & Inquiry,Completed,2,2026-08-30,2026-08-30,Official Nepal Telecom and municipal information sources checked. Added telephone number inquiry and information-service IVR; municipal Information Office is already retained under Government Services.
Koshi Province,Morang,Letang Municipality,Other,Completed,43,2026-08-30,2026-08-30,Official Department of Education local-level directory searched. Added 43 non-placeholder school contacts; historical records are retained pending current confirmation.
Koshi Province,Morang,Letang Municipality,Disaster & Rescue,Completed,1,2026-08-30,2026-08-30,Official municipal and Nepal Police sources searched; public contacts added with source URLs and verified status.
Koshi Province,Morang,Letang Municipality,Emergency Services,Completed,1,2026-08-30,2026-08-30,Official municipal and Nepal Police sources searched; public contacts added with source URLs and verified status.
Koshi Province,Morang,Letang Municipality,Government Complaints,Completed,1,2026-08-30,2026-08-30,Official municipal and Nepal Police sources searched; public contacts added with source URLs and verified status.
Koshi Province,Morang,Letang Municipality,Government Services,Completed,5,2026-08-30,2026-08-30,Official municipal and Nepal Police sources searched; public contacts added with source URLs and verified status.
Koshi Province,Morang,Letang Municipality,Information & Inquiry,Completed,1,2026-08-30,2026-08-30,Official municipal and Nepal Police sources searched; public contacts added with source URLs and verified status.
Koshi Province,Morang,Letang Municipality,Police & Security,Completed,2,2026-08-30,2026-08-30,Official municipal and Nepal Police sources searched; public contacts added with source URLs and verified status.
Koshi Province,Morang,Letang Municipality,Health & Ambulance,Completed,3,2026-08-30,2026-08-30,Official municipal contact page searched; all listed local health facilities added with verified source URLs.
Koshi Province,Morang,Letang Municipality,Hospitals,Completed,1,2026-08-30,2026-08-30,Official municipal contact page searched; all listed local health facilities added with verified source URLs.
Koshi Province,Morang,Letang Municipality,Ward Offices,Completed,9,2026-08-30,2026-08-30,All nine official municipal ward pages searched and their stated ward contact numbers added.
Koshi Province,Morang,Letang Municipality,Electricity & Utilities,Needs Review,1,2026-08-30,,Verified national NEA consumer-services contact added; local Letang electricity and water service contacts were not found on an official source in this pass.
Koshi Province,Morang,Letang Municipality,Emergency Services,Completed,1,2026-08-30,2026-08-30,Official source searched; public contact added with verification and traceable URL.
Koshi Province,Morang,Letang Municipality,Other,Completed,1,2026-08-30,2026-08-30,Official source searched; public contact added with verification and traceable URL.
Koshi Province,Morang,Letang Municipality,Travel & Tourism,Completed,1,2026-08-30,2026-08-30,Official source searched; public contact added with verification and traceable URL.
Koshi Province,Morang,Letang Municipality,Women & Children,Completed,2,2026-08-30,2026-08-30,Official source searched; public contact added with verification and traceable URL.
Koshi Province,Morang,Letang Municipality,Disaster & Rescue,Completed,2,2026-08-30,2026-08-30,Official national emergency sources searched and public numbers added with scope notes.
Koshi Province,Morang,Letang Municipality,Emergency Services,Completed,1,2026-08-30,2026-08-30,Official national emergency sources searched and public numbers added with scope notes.
Koshi Province,Morang,Letang Municipality,Health & Ambulance,Completed,1,2026-08-30,2026-08-30,Official national emergency sources searched and public numbers added with scope notes.
Koshi Province,Morang,Belbari Municipality,Other,Completed,5,2026-08-30,2026-08-30,Official Department of Education local-level directory searched; valid public school contacts added and placeholders excluded. One spelling-variant duplicate was removed after cross-checking.
Koshi Province,Morang,Kanepokhari Rural Municipality,Other,Completed,30,2026-08-30,2026-08-30,Official Department of Education local-level directory searched; valid public school contacts added and placeholder values excluded.
Koshi Province,Morang,Kanepokhari Rural Municipality,Government Services,Completed,24,2026-08-30,2026-08-30,Official municipal staff directory searched; public role contacts added with traceable source URLs.
Koshi Province,Morang,Kanepokhari Rural Municipality,Health & Ambulance,Completed,3,2026-08-30,2026-08-30,Official municipal staff directory searched; public role contacts added with traceable source URLs.
Koshi Province,Morang,Kanepokhari Rural Municipality,Information & Inquiry,Completed,2,2026-08-30,2026-08-30,Official municipal staff directory searched; public role contacts added with traceable source URLs.
Koshi Province,Morang,Kanepokhari Rural Municipality,Ward Offices,Completed,2,2026-08-30,2026-08-30,Official municipal staff directory searched; public role contacts added with traceable source URLs.
Koshi Province,Morang,Kanepokhari Rural Municipality,Women & Children,Completed,3,2026-08-30,2026-08-30,Official municipal staff directory searched; public role contacts added with traceable source URLs.
Koshi Province,Morang,Kanepokhari Rural Municipality,Disaster & Rescue,Completed,2,2026-08-30,2026-08-30,Official local or national service source searched; public contacts added with verification.
Koshi Province,Morang,Kanepokhari Rural Municipality,Emergency Services,Completed,2,2026-08-30,2026-08-30,Official local or national service source searched; public contacts added with verification.
Koshi Province,Morang,Kanepokhari Rural Municipality,Health & Ambulance,Completed,1,2026-08-30,2026-08-30,Official local or national service source searched; public contacts added with verification.
Koshi Province,Morang,Kanepokhari Rural Municipality,Police & Security,Completed,2,2026-08-30,2026-08-30,Official local or national service source searched; public contacts added with verification.
Koshi Province,Morang,Kanepokhari Rural Municipality,Travel & Tourism,Completed,1,2026-08-30,2026-08-30,Official local or national service source searched; public contacts added with verification.
Koshi Province,Morang,Kanepokhari Rural Municipality,Women & Children,Completed,1,2026-08-30,2026-08-30,Official local or national service source searched; public contacts added with verification.
Koshi Province,Morang,Kanepokhari Rural Municipality,Government Services,Completed,1,2026-08-30,2026-08-30,Official local or national service source searched; public contacts added with verification.
Koshi Province,Morang,Kanepokhari Rural Municipality,Ward Offices,Completed,14,2026-08-30,2026-08-30,All seven official ward pages searched; stated office and Ward Chair public contacts added.
Koshi Province,Morang,Kanepokhari Rural Municipality,Government Services,Completed,2,2026-08-30,2026-08-30,Official rural municipality homepage searched; elected leadership contacts added.
Koshi Province,Morang,Kanepokhari Rural Municipality,Electricity & Utilities,Needs Review,1,2026-08-30,,"Official source searched; local electricity contact remains unavailable, so NEA national fallback needs local review."
Koshi Province,Morang,Kanepokhari Rural Municipality,Hospitals,Completed,1,2026-08-30,2026-08-30,Official municipal source searched and hospital administration contact added.
Koshi Province,Morang,Kerabari Rural Municipality,Other,Completed,41,2026-08-30,2026-08-30,Official Department of Education local-level directory searched; valid public school contacts added and placeholders excluded.
Koshi Province,Morang,Kerabari Rural Municipality,Government Services,Completed,8,2026-09-01,2026-09-01,Official municipal representatives page searched; all listed public role contacts added.
Koshi Province,Morang,Kerabari Rural Municipality,Information & Inquiry,Completed,1,2026-09-01,2026-09-01,Official municipal representatives page searched; all listed public role contacts added.
Koshi Province,Morang,Kerabari Rural Municipality,Ward Offices,Completed,10,2026-09-01,2026-09-01,Official municipal representatives page searched; all listed public role contacts added.
Koshi Province,Morang,Kerabari Rural Municipality,Disaster & Rescue,Completed,2,2026-09-01,2026-09-01,Official public-service contact(s) added with traceable source URLs.
Koshi Province,Morang,Kerabari Rural Municipality,Emergency Services,Completed,2,2026-09-01,2026-09-01,Official public-service contact(s) added with traceable source URLs.
Koshi Province,Morang,Kerabari Rural Municipality,Government Complaints,Completed,1,2026-09-01,2026-09-01,Official public-service contact(s) added with traceable source URLs.
Koshi Province,Morang,Kerabari Rural Municipality,Government Services,Completed,1,2026-09-01,2026-09-01,Official public-service contact(s) added with traceable source URLs.
Koshi Province,Morang,Kerabari Rural Municipality,Health & Ambulance,Completed,1,2026-09-01,2026-09-01,Official public-service contact(s) added with traceable source URLs.
Koshi Province,Morang,Kerabari Rural Municipality,Police & Security,Needs Review,2,2026-09-01,,Official sources searched; the Kerabari police office number is historical and is retained for manual verification.
Koshi Province,Morang,Kerabari Rural Municipality,Travel & Tourism,Completed,1,2026-09-01,2026-09-01,Official public-service contact(s) added with traceable source URLs.
Koshi Province,Morang,Kerabari Rural Municipality,Women & Children,Completed,2,2026-09-01,2026-09-01,Official public-service contact(s) added with traceable source URLs.
Koshi Province,Morang,Kerabari Rural Municipality,Government Services,Completed,8,2026-09-01,2026-09-01,Official municipal staff directory searched; public role contacts added with source URLs.
Koshi Province,Morang,Kerabari Rural Municipality,Health & Ambulance,Completed,1,2026-09-01,2026-09-01,Official municipal staff directory searched; public role contacts added with source URLs.
Koshi Province,Morang,Kerabari Rural Municipality,Ward Offices,Completed,20,2026-09-01,2026-09-01,All ten official ward pages searched; stated ward office and ward secretary contacts added.
Koshi Province,Morang,Miklajung Rural Municipality,Government Services,Completed,4,2026-09-01,2026-09-01,Official municipal source searched; public office and role contacts added with traceable URLs.
Koshi Province,Morang,Miklajung Rural Municipality,Ward Offices,Completed,8,2026-09-01,2026-09-01,Official municipal source searched; public office and role contacts added with traceable URLs.
Koshi Province,Morang,Miklajung Rural Municipality,Disaster & Rescue,Completed,2,2026-09-01,2026-09-01,Official public-service contact(s) added with traceable source URLs.
Koshi Province,Morang,Miklajung Rural Municipality,Emergency Services,Completed,2,2026-09-01,2026-09-01,Official public-service contact(s) added with traceable source URLs.
Koshi Province,Morang,Miklajung Rural Municipality,Health & Ambulance,Completed,1,2026-09-01,2026-09-01,Official public-service contact(s) added with traceable source URLs.
Koshi Province,Morang,Miklajung Rural Municipality,Police & Security,Completed,1,2026-09-01,2026-09-01,Official public-service contact(s) added with traceable source URLs.
Koshi Province,Morang,Miklajung Rural Municipality,Travel & Tourism,Completed,1,2026-09-01,2026-09-01,Official public-service contact(s) added with traceable source URLs.
Koshi Province,Morang,Miklajung Rural Municipality,Women & Children,Completed,2,2026-09-01,2026-09-01,Official public-service contact(s) added with traceable source URLs.
Koshi Province,Morang,Miklajung Rural Municipality,Government Services,Completed,3,2026-09-01,2026-09-01,Current official staff contacts added; historical ward secretary entries are retained for manual reconfirmation.
Koshi Province,Morang,Miklajung Rural Municipality,Health & Ambulance,Completed,1,2026-09-01,2026-09-01,Current official staff contacts added; historical ward secretary entries are retained for manual reconfirmation.
Koshi Province,Morang,Miklajung Rural Municipality,Ward Offices,Needs Review,9,2026-09-01,,Current official staff contacts added; historical ward secretary entries are retained for manual reconfirmation.
Koshi Province,Morang,Miklajung Rural Municipality,Government Services,Completed,4,2026-09-01,2026-09-01,Current official staff directory contacts added with traceable source URL.
Koshi Province,Morang,Miklajung Rural Municipality,Information & Inquiry,Completed,1,2026-09-01,2026-09-01,Current official staff directory contacts added with traceable source URL.
Koshi Province,Morang,Miklajung Rural Municipality,Electricity & Utilities,Needs Review,2,2026-09-01,,Official NEA contact added; older or third-party contacts retained only for manual review.
Koshi Province,Morang,Miklajung Rural Municipality,Police & Security,Needs Review,1,2026-09-01,,Official NEA contact added; older or third-party contacts retained only for manual review.
Koshi Province,Morang,Miklajung Rural Municipality,Other,Needs Review,5,2026-09-01,,"Official local organisation contacts added, plus one public-directory school contact retained for review."
Koshi Province,Morang,Miklajung Rural Municipality,Other,Needs Review,5,2026-09-01,,Public financial-service contacts added from official and directory sources; non-current sources are retained for manual review.
Koshi Province,Morang,Miklajung Rural Municipality,Electricity & Utilities,Completed,1,2026-09-01,2026-09-01,Current official source used where available; historical or directory entries retained only for review.
Koshi Province,Morang,Miklajung Rural Municipality,Health & Ambulance,Needs Review,1,2026-09-01,,Current official source used where available; historical or directory entries retained only for review.
Koshi Province,Morang,Miklajung Rural Municipality,Other,Needs Review,1,2026-09-01,,Current official source used where available; historical or directory entries retained only for review.
Koshi Province,Morang,Miklajung Rural Municipality,Government Services,Completed,5,2026-09-01,2026-09-01,Additional current official staff contacts added from the municipal directory.
Koshi Province,Morang,Miklajung Rural Municipality,Other,Completed,1,2026-09-01,2026-09-01,Additional current official staff contacts added from the municipal directory.
Koshi Province,Morang,Miklajung Rural Municipality,Ward Offices,Completed,4,2026-09-01,2026-09-01,Additional current official staff contacts added from the municipal directory.
Koshi Province,Morang,Miklajung Rural Municipality,Women & Children,Completed,1,2026-09-01,2026-09-01,Additional current official staff contacts added from the municipal directory.
Koshi Province,Morang,Miklajung Rural Municipality,Ward Offices,Needs Review,36,2026-09-01,,36 historic official Ward Member role contacts added; all require current-officeholder verification.
Koshi Province,Morang,Dhanpalthan Rural Municipality,Government Complaints,Completed,1,2026-09-01,2026-09-01,Official municipal public contacts added with traceable URLs.
Koshi Province,Morang,Dhanpalthan Rural Municipality,Government Services,Completed,9,2026-09-01,2026-09-01,Official municipal public contacts added with traceable URLs.
Koshi Province,Morang,Dhanpalthan Rural Municipality,Information & Inquiry,Completed,1,2026-09-01,2026-09-01,Official municipal public contacts added with traceable URLs.
Koshi Province,Morang,Dhanpalthan Rural Municipality,Ward Offices,Completed,7,2026-09-01,2026-09-01,Official municipal public contacts added with traceable URLs.
Koshi Province,Morang,Dhanpalthan Rural Municipality,Disaster & Rescue,Completed,2,2026-09-01,2026-09-01,Official national public-service contact(s) added with traceable source URLs.
Koshi Province,Morang,Dhanpalthan Rural Municipality,Emergency Services,Completed,2,2026-09-01,2026-09-01,Official national public-service contact(s) added with traceable source URLs.
Koshi Province,Morang,Dhanpalthan Rural Municipality,Health & Ambulance,Completed,1,2026-09-01,2026-09-01,Official national public-service contact(s) added with traceable source URLs.
Koshi Province,Morang,Dhanpalthan Rural Municipality,Police & Security,Completed,1,2026-09-01,2026-09-01,Official national public-service contact(s) added with traceable source URLs.
Koshi Province,Morang,Dhanpalthan Rural Municipality,Travel & Tourism,Completed,1,2026-09-01,2026-09-01,Official national public-service contact(s) added with traceable source URLs.
Koshi Province,Morang,Dhanpalthan Rural Municipality,Women & Children,Completed,2,2026-09-01,2026-09-01,Official national public-service contact(s) added with traceable source URLs.
Koshi Province,Morang,Dhanpalthan Rural Municipality,Disaster & Rescue,Completed,1,2026-09-01,2026-09-01,Current official staff contacts added from the municipal directory.
Koshi Province,Morang,Dhanpalthan Rural Municipality,Electricity & Utilities,Completed,2,2026-09-01,2026-09-01,Current official staff contacts added from the municipal directory.
Koshi Province,Morang,Dhanpalthan Rural Municipality,Government Services,Completed,26,2026-09-01,2026-09-01,Current official staff contacts added from the municipal directory.
Koshi Province,Morang,Dhanpalthan Rural Municipality,Health & Ambulance,Completed,3,2026-09-01,2026-09-01,Current official staff contacts added from the municipal directory.
Koshi Province,Morang,Dhanpalthan Rural Municipality,Information & Inquiry,Completed,1,2026-09-01,2026-09-01,Current official staff contacts added from the municipal directory.
Koshi Province,Morang,Dhanpalthan Rural Municipality,Other,Completed,1,2026-09-01,2026-09-01,Current official staff contacts added from the municipal directory.
Koshi Province,Morang,Dhanpalthan Rural Municipality,Women & Children,Completed,1,2026-09-01,2026-09-01,Current official staff contacts added from the municipal directory.
Koshi Province,Morang,Dhanpalthan Rural Municipality,Police & Security,Needs Review,1,2026-09-01,,Official ward and police-post contacts added; older police listing retained for reconfirmation.
Koshi Province,Morang,Dhanpalthan Rural Municipality,Ward Offices,Completed,1,2026-09-01,2026-09-01,Official ward and police-post contacts added; older police listing retained for reconfirmation.
Koshi Province,Morang,Dhanpalthan Rural Municipality,Other,Needs Review,3,2026-09-01,,Official branch contacts added; historical and third-party contacts retained for review.
Koshi Province,Morang,Dhanpalthan Rural Municipality,Health & Ambulance,Needs Review,1,2026-09-01,,Third-party pharmacy listing retained for manual verification.
Koshi Province,Morang,Dhanpalthan Rural Municipality,Ward Offices,Completed,3,2026-09-01,2026-09-01,Additional current official Ward Member contacts added.
Koshi Province,Morang,Gramthan Rural Municipality,Government Services,Completed,14,2026-09-01,2026-09-01,Current official municipal staff and representative contacts added with traceable URLs.
Koshi Province,Morang,Gramthan Rural Municipality,Health & Ambulance,Completed,1,2026-09-01,2026-09-01,Current official municipal staff and representative contacts added with traceable URLs.
Koshi Province,Morang,Gramthan Rural Municipality,Information & Inquiry,Completed,1,2026-09-01,2026-09-01,Current official municipal staff and representative contacts added with traceable URLs.
Koshi Province,Morang,Gramthan Rural Municipality,Ward Offices,Completed,31,2026-09-01,2026-09-01,Current official municipal staff and representative contacts added with traceable URLs.
Koshi Province,Morang,Gramthan Rural Municipality,Disaster & Rescue,Completed,2,2026-09-01,2026-09-01,Official national public-service contact(s) added with traceable source URLs.
Koshi Province,Morang,Gramthan Rural Municipality,Emergency Services,Completed,2,2026-09-01,2026-09-01,Official national public-service contact(s) added with traceable source URLs.
Koshi Province,Morang,Gramthan Rural Municipality,Health & Ambulance,Completed,1,2026-09-01,2026-09-01,Official national public-service contact(s) added with traceable source URLs.
Koshi Province,Morang,Gramthan Rural Municipality,Police & Security,Completed,1,2026-09-01,2026-09-01,Official national public-service contact(s) added with traceable source URLs.
Koshi Province,Morang,Gramthan Rural Municipality,Travel & Tourism,Completed,1,2026-09-01,2026-09-01,Official national public-service contact(s) added with traceable source URLs.
Koshi Province,Morang,Gramthan Rural Municipality,Women & Children,Completed,2,2026-09-01,2026-09-01,Official national public-service contact(s) added with traceable source URLs.
Koshi Province,Morang,Gramthan Rural Municipality,Other,Needs Review,7,2026-09-01,,Official financial-service contacts added; the NIMB annual-report entry needs current branch confirmation.
Koshi Province,Morang,Jahada Rural Municipality,Disaster & Rescue,Completed,1,2026-09-01,2026-09-01,Current official municipality contacts added with traceable URLs.
Koshi Province,Morang,Jahada Rural Municipality,Government Complaints,Completed,1,2026-09-01,2026-09-01,Current official municipality contacts added with traceable URLs.
Koshi Province,Morang,Jahada Rural Municipality,Government Services,Completed,4,2026-09-01,2026-09-01,Current official municipality contacts added with traceable URLs.
Koshi Province,Morang,Jahada Rural Municipality,Health & Ambulance,Completed,2,2026-09-01,2026-09-01,Current official municipality contacts added with traceable URLs.
Koshi Province,Morang,Jahada Rural Municipality,Information & Inquiry,Completed,1,2026-09-01,2026-09-01,Current official municipality contacts added with traceable URLs.
Koshi Province,Morang,Jahada Rural Municipality,Police & Security,Completed,1,2026-09-01,2026-09-01,Current official municipality contacts added with traceable URLs.
Koshi Province,Morang,Jahada Rural Municipality,Ward Offices,Completed,25,2026-09-01,2026-09-01,Current official municipality contacts added with traceable URLs.
Koshi Province,Morang,Jahada Rural Municipality,Disaster & Rescue,Completed,2,2026-09-01,2026-09-01,Official national public-service contact(s) added with traceable source URLs.
Koshi Province,Morang,Jahada Rural Municipality,Emergency Services,Completed,2,2026-09-01,2026-09-01,Official national public-service contact(s) added with traceable source URLs.
Koshi Province,Morang,Jahada Rural Municipality,Health & Ambulance,Completed,1,2026-09-01,2026-09-01,Official national public-service contact(s) added with traceable source URLs.
Koshi Province,Morang,Jahada Rural Municipality,Police & Security,Completed,1,2026-09-01,2026-09-01,Official national public-service contact(s) added with traceable source URLs.
Koshi Province,Morang,Jahada Rural Municipality,Travel & Tourism,Completed,1,2026-09-01,2026-09-01,Official national public-service contact(s) added with traceable source URLs.
Koshi Province,Morang,Jahada Rural Municipality,Women & Children,Completed,2,2026-09-01,2026-09-01,Official national public-service contact(s) added with traceable source URLs.
Koshi Province,Morang,Jahada Rural Municipality,Other,Needs Review,6,2026-09-01,2026-09-01,School contacts from a historical official Department of Education directory; retained as reviewable records.
Koshi Province,Morang,Jahada Rural Municipality,Government Services,Completed,1,2026-09-01,2026-09-01,Current official municipality contacts added with traceable URLs.
Koshi Province,Morang,Jahada Rural Municipality,Other,Needs Review,5,2026-09-01,2026-09-01,Financial-service contacts from official organisation directories and reports; retained as reviewable records.
Koshi Province,Morang,Jahada Rural Municipality,Other,Needs Review,8,2026-09-01,2026-09-01,School contacts from a historical official Department of Education directory; retained as reviewable records.
Koshi Province,Morang,Jahada Rural Municipality,Ward Offices,Needs Review,9,2026-09-01,2026-09-01,Archived official ward contacts added as low-confidence review records; current representatives remain separate verified entries.
Koshi Province,Morang,Jahada Rural Municipality,Other,Needs Review,8,2026-09-01,2026-09-01,School contacts from a historical official Department of Education directory; retained as reviewable records.
Koshi Province,Morang,Katahari Rural Municipality,Government Complaints,Completed,1,2026-09-01,2026-09-01,Current official municipality staff contacts added with traceable URL.
Koshi Province,Morang,Katahari Rural Municipality,Government Services,Completed,30,2026-09-01,2026-09-01,Current official municipality staff contacts added with traceable URL.
Koshi Province,Morang,Katahari Rural Municipality,Health & Ambulance,Completed,1,2026-09-01,2026-09-01,Current official municipality staff contacts added with traceable URL.
Koshi Province,Morang,Katahari Rural Municipality,Information & Inquiry,Completed,1,2026-09-01,2026-09-01,Current official municipality staff contacts added with traceable URL.
Koshi Province,Morang,Katahari Rural Municipality,Women & Children,Completed,1,2026-09-01,2026-09-01,Current official municipality staff contacts added with traceable URL.
Koshi Province,Morang,Katahari Rural Municipality,Emergency Services,Completed,2,2026-09-01,2026-09-01,Official municipal emergency directory contacts added.
Koshi Province,Morang,Katahari Rural Municipality,Health & Ambulance,Completed,2,2026-09-01,2026-09-01,Official municipal emergency directory contacts added.
Koshi Province,Morang,Katahari Rural Municipality,Hospitals,Completed,3,2026-09-01,2026-09-01,Official municipal emergency directory contacts added.
Koshi Province,Morang,Katahari Rural Municipality,Police & Security,Completed,2,2026-09-01,2026-09-01,Official municipal emergency directory contacts added.
Koshi Province,Morang,Katahari Rural Municipality,Travel & Tourism,Completed,3,2026-09-01,2026-09-01,Official municipal emergency directory contacts added.
Koshi Province,Morang,Katahari Rural Municipality,Disaster & Rescue,Completed,2,2026-09-01,2026-09-01,Official national public-service contact(s) added with traceable URLs.
Koshi Province,Morang,Katahari Rural Municipality,Emergency Services,Completed,2,2026-09-01,2026-09-01,Official national public-service contact(s) added with traceable URLs.
Koshi Province,Morang,Katahari Rural Municipality,Health & Ambulance,Completed,1,2026-09-01,2026-09-01,Official national public-service contact(s) added with traceable URLs.
Koshi Province,Morang,Katahari Rural Municipality,Police & Security,Completed,1,2026-09-01,2026-09-01,Official national public-service contact(s) added with traceable URLs.
Koshi Province,Morang,Katahari Rural Municipality,Travel & Tourism,Completed,1,2026-09-01,2026-09-01,Official national public-service contact(s) added with traceable URLs.
Koshi Province,Morang,Katahari Rural Municipality,Women & Children,Completed,2,2026-09-01,2026-09-01,Official national public-service contact(s) added with traceable URLs.
Koshi Province,Morang,Katahari Rural Municipality,Other,Needs Review,7,2026-09-01,2026-09-01,School contacts from a historical official Department of Education directory.
Koshi Province,Morang,Katahari Rural Municipality,Government Services,Completed,3,2026-09-01,2026-09-01,Current official office and representative contacts added.
Koshi Province,Morang,Katahari Rural Municipality,Ward Offices,Completed,1,2026-09-01,2026-09-01,Current official office and representative contacts added.
Koshi Province,Morang,Katahari Rural Municipality,Other,Needs Review,4,2026-09-02,2026-09-02,School contacts from a historical official Department of Education directory.
Koshi Province,Morang,Katahari Rural Municipality,Electricity & Utilities,Completed,1,2026-09-02,2026-09-02,Utility and financial-service contacts added with source-based verification.
Koshi Province,Morang,Katahari Rural Municipality,Other,Needs Review,7,2026-09-02,2026-09-02,Utility and financial-service contacts added with source-based verification.
Koshi Province,Morang,Katahari Rural Municipality,Government Services,Completed,6,2026-09-02,2026-09-02,Current official second-page staff contacts added.
Koshi Province,Morang,Ratuwamai Municipality,Government Services,Completed,1,2026-09-02,2026-09-02,Current official municipal contacts added.
Bagmati Province,Kavrepalanchok,Mahabharat Rural Municipality,Health & Ambulance,Completed,2,2026-09-02,2026-09-02,Current official municipal contacts added.
Bagmati Province,Kavrepalanchok,Mahabharat Rural Municipality,Information & Inquiry,Completed,1,2026-09-02,2026-09-02,Current official municipal contacts added.
Bagmati Province,Dhading,Siddhalek Rural Municipality,Government Services,Completed,2,2026-09-02,2026-09-02,Current official elected representative contacts added.
Bagmati Province,Dhading,Siddhalek Rural Municipality,Ward Offices,Completed,37,2026-09-02,2026-09-02,Current official elected representative contacts added.
Bagmati Province,Dhading,Siddhalek Rural Municipality,Other,Needs Review,5,2026-09-02,2026-09-02,School contacts from historical official education directory.
Bagmati Province,Dhading,Siddhalek Rural Municipality,Government Services,Completed,3,2026-09-02,2026-09-02,Current official staff contacts added.
Bagmati Province,Dhading,Siddhalek Rural Municipality,Health & Ambulance,Completed,2,2026-09-02,2026-09-02,Current official staff contacts added.
Bagmati Province,Dhading,Siddhalek Rural Municipality,Information & Inquiry,Completed,1,2026-09-02,2026-09-02,Current official staff contacts added.
Bagmati Province,Dhading,Siddhalek Rural Municipality,Other,Needs Review,4,2026-09-02,2026-09-02,Financial-service directory entries added for review.
Bagmati Province,Rasuwa,Aamachhodingmo Rural Municipality,Government Services,Needs Review,1,2026-09-02,2026-09-02,Official municipal procurement records checked. Historical public-office contact retained for review; current role-specific contacts remain separately verified.
Bagmati Province,Rasuwa,Aamachhodingmo Rural Municipality,Emergency Services,Completed,1,2026-09-02,2026-09-02,Official HEOC page checked; the national ambulance short code was added.
Bagmati Province,Rasuwa,Aamachhodingmo Rural Municipality,Health & Ambulance,Completed,1,2026-09-02,2026-09-02,Official HEOC page checked; the national health information and assistance hotline was added.
Bagmati,Dhading,Jwalamukhi Rural Municipality,Ward Offices,Completed,29,2026-09-02,2026-09-02,"Official elected representatives directory checked. Ward 7 chairperson, executive members, and named ward representatives with public phones were added; unspecified ward numbers were left blank."
Bagmati,Dhading,Jwalamukhi Rural Municipality,Government Services,Completed,11,2026-09-02,2026-09-02,Official staff directory checked; remaining unique public staff contacts added.
Bagmati,Dhading,Rubi Valley Rural Municipality,Health & Ambulance,Completed,1,2026-09-02,2026-09-02,Official municipal staff directory checked; one current public staff contact added.
Bagmati,Dhading,Rubi Valley Rural Municipality,Information & Inquiry,Completed,1,2026-09-02,2026-09-02,Official municipal staff directory checked; one current public staff contact added.
Bagmati,Dhading,Rubi Valley Rural Municipality,Government Services,Completed,1,2026-09-02,2026-09-02,Official municipal staff directory checked; one current public staff contact added.
Bagmati,Dhading,Rubi Valley Rural Municipality,Government Services,Completed,20,2026-09-02,2026-09-02,Official municipal staff directory checked; all newly identified public role contacts added.
Bagmati,Dhading,Rubi Valley Rural Municipality,Ward Offices,Completed,6,2026-09-02,2026-09-02,Official municipal staff directory checked; all newly identified public role contacts added.
Bagmati,Dhading,Rubi Valley Rural Municipality,Health & Ambulance,Completed,1,2026-09-02,2026-09-02,Official municipal staff directory checked; all newly identified public role contacts added.
Bagmati,Dhading,Rubi Valley Rural Municipality,Police & Security,Completed,3,2026-09-02,2026-09-02,Official municipal staff directory checked; all newly identified public role contacts added.
Bagmati,Dhading,Netrawati Dabjong Rural Municipality,Health & Ambulance,Completed,3,2026-09-02,2026-09-02,Official municipal staff directory checked; newly identified public role contacts added.
Bagmati,Dhading,Netrawati Dabjong Rural Municipality,Government Services,Completed,25,2026-09-02,2026-09-02,Official municipal staff directory checked; newly identified public role contacts added.
Bagmati,Dhading,Netrawati Dabjong Rural Municipality,Government Services,Completed,1,2026-09-02,2026-09-02,Official municipal sources checked; historical facility contacts are retained for review.
Bagmati,Dhading,Netrawati Dabjong Rural Municipality,Health & Ambulance,Needs Review,2,2026-09-02,2026-09-02,Official municipal sources checked; historical facility contacts are retained for review.
Bagmati,Dhading,Gangajamuna Rural Municipality,Government Services,Completed,3,2026-09-02,2026-09-02,Current official municipal homepage checked; new role contacts added.
Bagmati,Dhading,Gangajamuna Rural Municipality,Information & Inquiry,Completed,1,2026-09-02,2026-09-02,Current official municipal homepage checked; new role contacts added.
Bagmati,Dhading,Thakre Rural Municipality,Government Services,Completed,1,2026-09-02,2026-09-02,Current official municipal website checked; new public role contacts added.
Bagmati,Dhading,Gajuri Rural Municipality,Information & Inquiry,Completed,1,2026-09-02,2026-09-02,Current official municipal homepage checked; new public contacts added.
Bagmati,Dhading,Gajuri Rural Municipality,Government Services,Completed,2,2026-09-02,2026-09-02,Current official municipal homepage checked; new public contacts added.
Bagmati,Dhading,Galchhi Rural Municipality,Information & Inquiry,Completed,1,2026-09-02,2026-09-02,Official Inland Revenue Department page checked; public tax-office contacts added.
Bagmati,Dhading,Galchhi Rural Municipality,Government Services,Completed,2,2026-09-02,2026-09-02,Official Inland Revenue Department page checked; public tax-office contacts added.
Bagmati,Dhading,Galchhi Rural Municipality,Government Services,Completed,1,2026-09-02,2026-09-02,Official Inland Revenue Department page checked; additional public tax officer contact added.
Koshi Province,Morang,Biratnagar Metropolitan City,Hospitals,Completed,2,2026-09-02,2026-09-02,Official Koshi Hospital website checked; named public role contacts added.
Koshi Province,Morang,Biratnagar Metropolitan City,Emergency Services,Completed,1,2026-09-02,2026-09-02,Official metropolitan emergency directory checked; local municipal police and fire-brigade line added.
Koshi Province,Morang,Biratnagar Metropolitan City,Hospitals,Completed,8,2026-09-02,2026-09-02,Government Social Health Security Section hospital directory checked; distinct public hospital role contacts added and source-traceable.
Koshi Province,Morang,Biratnagar Metropolitan City,Ward Offices,In Progress,11,2026-09-02,,Official ward pages checked; 11 explicitly published ward office landlines added. Remaining wards still require source-by-source collection before the category can be completed.
Koshi Province,Morang,Biratnagar Metropolitan City,Ward Offices,In Progress,3,2026-09-02,,Official ward pages checked; 11 explicitly published ward office landlines added. Remaining wards still require source-by-source collection before the category can be completed.
Koshi Province,Morang,Biratnagar Metropolitan City,Government Services,Completed,8,2026-09-02,2026-09-02,Current official elected representatives directory checked; distinct municipal executive contacts added.
Koshi Province,Morang,Biratnagar Metropolitan City,Other,In Progress,168,2026-09-02,,"Official municipal cooperative register checked; all source rows with usable, non-duplicate phone numbers were added. Other services remain to be collected."
Koshi Province,Morang,Biratnagar Metropolitan City,Police & Security,Completed,2,2026-09-02,2026-09-02,Koshi Province Police contacts and subordinate-office directories checked; current city unit and officer contacts merged or added.
Koshi Province,Morang,Biratnagar Metropolitan City,Other,Needs Review,3,2026-09-02,,Three school contact records from a public education directory added as Needs Review. Official school contact sources were not available in this pass.
Koshi Province,Morang,Dhanpalthan Rural Municipality,Government Services,Completed,0,2026-09-02,2026-09-02,"Official current staff directory checked; all non-duplicate public Government Services contacts added. Health, women/children, ambulance, and grievance staff are tracked separately."
Bagmati Province,Dolakha,Sailung Rural Municipality,Other,Completed,3,2026-09-02,2026-09-02,Official Department of Education school directory checked; three non-duplicate school contacts added.
Bagmati Province,Dolakha,Sailung Rural Municipality,Government Services,Completed,1,2026-09-02,2026-09-02,Current official Sailung municipality website checked; public contact added.
Bagmati Province,Dolakha,Sailung Rural Municipality,Information & Inquiry,Completed,1,2026-09-02,2026-09-02,Current official Sailung municipality website checked; public contact added.
Bagmati Province,Dolakha,Bigu Rural Municipality,Government Services,Completed,2,2026-09-02,2026-09-02,Current official Bigu municipal website checked; main office and CAO contacts added.
Bagmati Province,Dolakha,Bigu Rural Municipality,Health & Ambulance,Completed,6,2026-09-02,2026-09-02,Official municipal health roster and ambulance-service contacts checked.
Bagmati Province,Dolakha,Bigu Rural Municipality,Government Services,Completed,1,2026-09-02,2026-09-02,Official municipal executive roster checked.
Bagmati Province,Dolakha,Bigu Rural Municipality,Information & Inquiry,Completed,1,2026-09-02,2026-09-02,Official municipal information-officer listing checked; one phone conflicts with older DOE school directory.
Bagmati Province,Dolakha,Bigu Rural Municipality,Ward Offices,Completed,8,2026-09-02,2026-09-02,All eight ward-chair contacts collected from the current official representative roster.
Bagmati Province,Dolakha,Bigu Rural Municipality,Government Services,Completed,4,2026-09-02,2026-09-02,Current executive and operational staff rosters checked.
Bagmati Province,Dolakha,Bigu Rural Municipality,Police & Security,Completed,3,2026-09-02,2026-09-02,Official Nepal Police emergency directory checked for Bigu and nearest serving stations.
Bagmati Province,Dolakha,Bigu Rural Municipality,Electricity & Utilities,Completed,1,2026-09-02,2026-09-02,Official NEA no-light directory checked for Singati Unit.
Bagmati Province,Dolakha,Bigu Rural Municipality,Women & Children,Completed,1,2026-09-02,2026-09-02,Official municipal publication checked; section contact added.
Bagmati Province,Dolakha,Gaurishankar Rural Municipality,Health & Ambulance,Completed,3,2026-09-02,2026-09-02,Official municipal ambulance-service listing checked.
Bagmati Province,Dolakha,Gaurishankar Rural Municipality,Police & Security,Completed,0,2026-09-02,2026-09-02,Official Nepal Police directory checked for local area police office.
Bagmati Province,Dolakha,Gaurishankar Rural Municipality,Police & Security,Completed,1,2026-09-02,2026-09-02,Official Nepal Police directory checked for local area police office.
Bagmati Province,Dolakha,Gaurishankar Rural Municipality,Health & Ambulance,Completed,0,2026-09-02,2026-09-02,Official municipal health disclosure cross-checked; missing Jugu Health Post contact added.
Bagmati Province,Dolakha,Gaurishankar Rural Municipality,Health & Ambulance,Completed,0,2026-09-02,2026-09-02,Official municipal health disclosure cross-checked; missing Jugu Health Post contact added.
Bagmati Province,Dolakha,Gaurishankar Rural Municipality,Health & Ambulance,Completed,1,2026-09-02,2026-09-02,Official municipal health disclosure cross-checked; missing Jugu Health Post contact added.
Bagmati Province,Dolakha,Melung Rural Municipality,Health & Ambulance,Completed,6,2026-09-02,2026-09-02,Official health-staff directory checked; new public facility contacts added.
Bagmati Province,Dolakha,Melung Rural Municipality,Health & Ambulance,Completed,24,2026-09-02,2026-09-02,Official health-facility roster checked; phone-bearing facility contacts added.
Bagmati Province,Dolakha,Melung Rural Municipality,Electricity & Utilities,Completed,1,2026-09-02,2026-09-02,Official NEA no-light directory checked for Maelung Unit.
Bagmati Province,Dolakha,Melung Rural Municipality,Police & Security,Completed,0,2026-09-02,2026-09-02,Official Nepal Police directory checked for Melung Police Post.
Bagmati Province,Dolakha,Melung Rural Municipality,Police & Security,Completed,1,2026-09-02,2026-09-02,Official Nepal Police directory checked for Melung Police Post.
Bagmati Province,Dolakha,Tamakoshi Rural Municipality,Health & Ambulance,Completed,16,2026-09-02,2026-09-02,Current official health roster checked; missing phone-bearing facility contacts added.
Bagmati Province,Dolakha,Tamakoshi Rural Municipality,Electricity & Utilities,Completed,1,2026-09-02,2026-09-02,Official NEA no-light directory checked for Jafee Unit.
Bagmati Province,Kavrepalanchok,Mahabharat Rural Municipality,Other,Completed,0,2026-09-02,2026-09-02,Official municipal education bulletin (FY 2081/82) checked; all 49 published community-school head contacts added with source URLs.
Bagmati Province,Lalitpur,Mahankal Rural Municipality,Ward Offices,Completed,4,2026-09-02,2026-09-02,Official current ward-members listing checked; four unique public role contacts added.
Bagmati Province,Lalitpur,Konjyosom Rural Municipality,Government Services,Completed,22,2026-09-02,2026-09-02,"Official staff directory checked. Added all unique public role contacts; existing health, information and grievance contacts were deduplicated."
Bagmati Province,Nuwakot,Meghang Rural Municipality,Government Services,Completed,8,2026-09-02,2026-09-02,Official elected-representatives page checked; eight unique current public role contacts added and existing ward chairs deduplicated.
Bagmati Province,Nuwakot,Kispang Rural Municipality,Ward Offices,Completed,7,2026-09-02,2026-09-02,Official current elected-representatives register checked; seven unique contacts added. Older published contacts retained separately for review.
Bagmati Province,Dhading,Netrawati Dabjong Rural Municipality,Government Services,Completed,5,2026-09-02,2026-09-02,Official staff directory rechecked; five unique current staff contacts added and 33 existing contacts deduplicated.
Bagmati Province,Rasuwa,Uttargaya Rural Municipality,Government Services,Completed,4,2026-09-02,2026-09-02,Official current team directory checked; four unique public contacts added.
Bagmati Province,Rasuwa,Naukunda Rural Municipality,Government Services,Completed,5,2026-09-02,2026-09-02,Official website and current staff listing checked; five unique public contacts added.
Bagmati Province,Rasuwa,Aamachhodingmo Rural Municipality,Ward Offices,Completed,0,2026-09-02,2026-09-02,Official current directory checked; three unique Ward 5 member contacts added.
Sudurpashchim Province,Baitadi,Naugad Rural Municipality,Government Services,Completed,11,2026-09-02,2026-09-02,New Palika; official staff directory checked and all listed contacts with phone numbers added.
Sudurpashchim Province,Baitadi,Dogdakedar Rural Municipality,Government Services,Completed,20,2026-09-02,2026-09-02,New Palika; official staff and contact pages checked. Added all public staff contacts with phones plus ambulance.
Sudurpashchim Province,Baitadi,Dilasaini Rural Municipality,Government Services,Completed,16,2026-09-02,2026-09-02,"New Palika; official roster, leadership, spokesperson, office contact, and audio notice-board contact checked."
Sudurpashchim Province,Baitadi,Pancheshwor Rural Municipality,Government Services,Completed,21,2026-09-02,2026-09-02,New Palika; official elected-representative and home pages checked. One unusually long published phone retained as Needs Review.
Sudurpashchim Province,Baitadi,Sigas Rural Municipality,Government Services,Completed,54,2026-09-02,2026-09-02,New Palika; official multi-page staff directory and official home-page public contacts checked.
Sudurpashchim Province,Baitadi,Surnaya Rural Municipality,Government Services,Completed,16,2026-09-02,2026-09-02,New Palika; official executive contact table and office contact checked.
Sudurpashchim Province,Baitadi,Shivanath Rural Municipality,Government Services,Completed,22,2026-09-02,2026-09-02,"New Palika; official representatives, ward chairs, service-staff contact table, and official office contact checked."
Sudurpashchim Province,Baitadi,Dashrathchand Municipality,Government Services,Completed,23,2026-09-02,2026-09-02,"New Palika; official elected-officials, current leadership, information, and office-contact pages checked."
Sudurpashchim Province,Baitadi,Patan Municipality,Government Services,Completed,33,2026-09-02,2026-09-02,"New Palika; official staff, leadership, ward, fire, ambulance, police, and municipal-contact listings checked."
Sudurpashchim Province,Baitadi,Melauli Municipality,Government Services,Completed,31,2026-09-02,2026-09-02,"New Palika; official representatives, current staff, ward secretary, and office contacts checked."
Sudurpashchim Province,Baitadi,Purchaudi Municipality,Government Services,Completed,31,2026-09-02,2026-09-02,"New Palika; official municipality staff, leadership, office-contact and Area Administration Office staff listings checked."
Sudurpashchim Province,Darchula,Mahakali Municipality,Government Services,Completed,11,2026-09-02,2026-09-02,"New Palika; official current staff, leadership, municipal police, and office contact pages checked."
Sudurpashchim Province,Darchula,Shailyashikhar Municipality,Government Services,Completed,31,2026-09-02,2026-09-02,"New Palika; official staff directory, leadership, and municipal office contacts checked."
Sudurpashchim Province,Darchula,Marma Rural Municipality,Government Services,Completed,17,2026-09-02,2026-09-02,"New Palika; official staff directory, leadership, spokesperson, and office-contact pages checked."
Sudurpashchim Province,Darchula,Api Himal Rural Municipality,Government Services,Completed,7,2026-09-02,2026-09-02,"New Palika; official leadership, staff, complaints, information, health and office-contact pages checked."
Sudurpashchim Province,Darchula,Duhun Rural Municipality,Government Services,Completed,8,2026-09-02,2026-09-02,"New Palika; official leadership, staff, complaints, information, spokesperson, office-contact and audio-board listings checked."
Sudurpashchim Province,Darchula,Malikarjun Rural Municipality,Government Services,Completed,9,2026-09-02,2026-09-02,"New Palika; official leadership, staff, spokesperson, ambulance and office-contact pages checked."
Sudurpashchim Province,Darchula,Lekam Rural Municipality,Government Services,Completed,13,2026-09-02,2026-09-02,"New Palika; official leadership, staff, ambulance, toll-free and office-contact pages checked."
Sudurpashchim Province,Darchula,Byas Rural Municipality,Government Services,Completed,9,2026-09-02,2026-09-02,"New Palika; official staff, information, grievance, municipality and Border Administration Office contacts checked."
Sudurpashchim Province,Darchula,Naugad Rural Municipality,Government Services,Completed,4,2026-09-02,2026-09-02,"Corrected 11 prior official records from Baitadi to Darchula after source audit; added current spokesperson, information, office, and toll-free contacts."
Sudurpashchim Province,Doti,Dipayal Silgadhi Municipality,Government Services,Completed,8,2026-09-02,2026-09-02,"New Palika; official leadership, senior staff, information/spokesperson, and municipal-office contacts checked."
Sudurpashchim Province,Doti,Shikhar Municipality,Government Services; Information & Inquiry; Women & Children; Disaster & Rescue; Ward Offices,Completed,36,2026-09-02,2026-09-02,"Official municipal staff, officials, ward chair, and office contact directories searched; all rows have official source URLs."
Sudurpashchim Province,Doti,Aadarsha Rural Municipality,Government Services; Health & Ambulance; Information & Inquiry; Other,Completed,12,2026-09-02,2026-09-02,Official rural municipality staff directory and official home page searched; all rows have official source URLs.
Sudurpashchim Province,Doti,K.I. Singh Rural Municipality,Government Services; Information & Inquiry; Health & Ambulance; Ward Offices,Completed,14,2026-09-02,2026-09-02,Official staff and elected-representative directories searched; all rows have official source URLs.
Sudurpashchim Province,Doti,Sayal Rural Municipality,Government Services; Health & Ambulance; Information & Inquiry,Completed,10,2026-09-02,2026-09-02,Official contact and staff directories searched; all rows have official source URLs.
Sudurpashchim Province,Doti,Bogatan Fudsil Rural Municipality,Government Services; Information & Inquiry; Health & Ambulance; Women & Children,Completed,12,2026-09-02,2026-09-02,"Official staff, representative, and home-page contact directories searched; all rows have official source URLs. CAO number differs between official pages."
Sudurpashchim Province,Doti,Badikedar Rural Municipality,Government Services; Information & Inquiry,Completed,10,2026-09-02,2026-09-02,"Official staff, representatives, and contact directories searched; all rows have official source URLs."
Sudurpashchim Province,Doti,Purbichauki Rural Municipality,Government Services; Information & Inquiry; Women & Children; Other,Completed,8,2026-09-02,2026-09-02,Official staff and office directories searched; all rows have official source URLs.
Sudurpashchim Province,Doti,Jorayal Rural Municipality,Government Services; Information & Inquiry; Health & Ambulance; Ward Offices; Other,Completed,21,2026-09-02,2026-09-02,Official two-page staff directory and elected-representative directory searched; all rows have official source URLs.
Sudurpashchim Province,Achham,Mangalsen Municipality,Government Services; Health & Ambulance; Information & Inquiry; Women & Children,Completed,17,2026-09-02,2026-09-02,Official municipality staff directory and home page searched; all rows have official source URLs.
Sudurpashchim Province,Achham,Kamalbazar Municipality,Government Services; Information & Inquiry,Completed,5,2026-09-02,2026-09-02,"Official home, elected officials, staff, and contact pages searched; all rows have official source URLs."
Sudurpashchim Province,Achham,Sanfebagar Municipality,Government Services; Information & Inquiry; Health & Ambulance; Women & Children; Ward Offices; Other,Completed,30,2026-09-02,2026-09-02,"Official staff pages, elected-official list, and municipal contact page searched; all rows have official source URLs."
Sudurpashchim Province,Achham,Panchdeval Binayak Municipality,Government Services; Information & Inquiry; Health & Ambulance; Women & Children; Ward Offices; Other,Completed,26,2026-09-02,2026-09-02,"Official staff, representatives, and office contact directories searched; all rows have official source URLs."
Sudurpashchim Province,Achham,Ramaroshan Rural Municipality,Government Services; Health & Ambulance; Women & Children; Ward Offices; Other,Completed,27,2026-09-02,2026-09-02,Official two-page staff and elected-representative directories searched; all rows have official source URLs.
Sudurpashchim Province,Achham,Bannigadhi Jaygadh Rural Municipality,Government Services; Information & Inquiry; Ward Offices; Other,Completed,18,2026-09-02,2026-09-02,Official staff and elected-representative directories searched; all rows have official source URLs.
Sudurpashchim Province,Achham,Mellekh Rural Municipality,Government Services; Information & Inquiry; Ward Offices,Completed,10,2026-09-02,2026-09-02,"Official home, current staff, elected-official, and contact pages searched; all rows have official source URLs."
Sudurpashchim Province,Achham,Chaurpati Rural Municipality,Government Services; Information & Inquiry; Health & Ambulance; Women & Children; Ward Offices,Completed,21,2026-09-02,2026-09-02,"Official staff, home, ward, and contact directories searched; all rows have official source URLs."
Sudurpashchim Province,Achham,Dhakari Rural Municipality,Government Services; Ward Offices; Health & Ambulance; Electricity & Utilities,Completed,76,2026-09-02,2026-09-02,Official elected-representative and municipal staff directory sweep; categories reflect contacts added in this batch.
Sudurpashchim Province,Achham,Turmakhand Rural Municipality,Government Services; Ward Offices; Health & Ambulance; Women & Children; Disaster & Rescue; Information & Inquiry,Completed,36,2026-09-02,2026-09-02,Official municipal leadership and staff-directory sweep; categories reflect contacts added in this batch.
Sudurpashchim Province,Bajura,Badimalika Municipality,Government Services; Ward Offices; Health & Ambulance; Information & Inquiry,Completed,43,2026-09-02,2026-09-02,"Official elected-official, municipal office, and current staff-directory sweep; categories reflect contacts added in this batch."
Sudurpashchim Province,Bajura,Triveni Municipality,Government Services; Ward Offices; Health & Ambulance; Information & Inquiry; Other,Completed,24,2026-09-02,2026-09-02,"Official current executive, municipal office, and Ward 1 directory sweep; categories reflect contacts added in this batch."
Sudurpashchim Province,Bajura,Budhiganga Municipality,Government Services; Ward Offices; Health & Ambulance; Women & Children; Information & Inquiry,Completed,47,2026-09-02,2026-09-02,Official elected-representative and current staff-directory sweep; categories reflect contacts added in this batch.
Sudurpashchim Province,Bajura,Budhinanda Municipality,Government Services; Ward Offices; Information & Inquiry; Government Complaints,Completed,24,2026-09-02,2026-09-02,"Official elected-representative, staff, department-line and municipal complaint-service sweep; categories reflect contacts added in this batch."
Sudurpashchim Province,Bajura,Swamikartik Khapar Rural Municipality,Government Services; Ward Offices; Health & Ambulance; Information & Inquiry,Needs Review,34,2026-09-02,2026-09-02,Current official municipal contacts added as Verified; 2020 official ward-profile contacts retained as Needs Review pending confirmation.
Sudurpashchim Province,Bajura,Jagannath Rural Municipality,Government Services; Health & Ambulance; Information & Inquiry,Completed,9,2026-09-02,2026-09-02,"Official current leadership, municipal services, information and ambulance-contact sweep."
Sudurpashchim Province,Bajura,Gaumul Rural Municipality,Government Services; Ward Offices; Health & Ambulance; Information & Inquiry,Completed,19,2026-09-02,2026-09-02,Official current leadership and staff-directory sweep; categories reflect contacts added in this batch.
Sudurpashchim Province,Bajura,Khaptad Chhededaha Rural Municipality,Government Services; Health & Ambulance; Information & Inquiry,Completed,6,2026-09-02,2026-09-02,Official current municipal staff and office-contact sweep.
Sudurpashchim Province,Bajura,Himali Rural Municipality,Government Services; Health & Ambulance; Information & Inquiry,Needs Review,27,2026-09-02,2026-09-02,Current municipal directory contacts added as Verified; official health-directory contacts are Needs Review pending current-assignment confirmation.
Sudurpashchim Province,Baitadi,Dasharathchand Municipality,Government Services; Government Complaints; Electricity & Utilities; Disaster & Rescue; Information & Inquiry,Completed,15,2026-09-02,2026-09-02,Official municipal leadership and current local-service directory sweep.
Sudurpashchim Province,Darchula,Mahakali Municipality,Government Services; Health & Ambulance,Needs Review,39,2026-09-02,2026-09-02,Official municipal staff directory sweep. Role assignments require currency review because this listing was crawled in 2025.
Sudurpashchim Province,Darchula,Api Himal Rural Municipality,Ward Offices,Completed,14,2026-09-02,2026-09-02,Official elected-representatives directory sweep; published ward numbers were not available for these roles.
Sudurpashchim Province,Darchula,Marma Rural Municipality,Ward Offices; Government Services; Disaster & Rescue,Needs Review,30,2026-09-02,2026-09-02,10 current official representative contacts verified; 20 official staff directory contacts need role-currency review.
Sudurpashchim Province,Darchula,Byas Rural Municipality,Government Services; Ward Offices,Completed,7,2026-09-02,2026-09-02,Current officeholder and ward-chair contact sweep from official municipality directory.
Sudurpashchim Province,Darchula,Lekam Rural Municipality,Ward Offices,Completed,5,2026-09-02,2026-09-02,Official elected-representatives directory sweep; Ward 3 chairperson was already recorded as municipal spokesperson.
Sudurpashchim Province,Darchula,Naugad Rural Municipality,Government Services; Ward Offices; Health & Ambulance; Disaster & Rescue; Electricity & Utilities,Needs Review,29,2026-09-02,2026-09-02,13 current official roster contacts verified; 16 contacts from explicitly labeled official former-staff directory need review.
Sudurpashchim Province,Baitadi,Pancheshwor Rural Municipality,Government Services; Ward Offices; Health & Ambulance; Disaster & Rescue,Completed,48,2026-09-02,2026-09-02,"Expanded current official staff-directory sweep, including ward, health, ambulance, disaster, agriculture and animal-service roles."
Sudurpashchim Province,Baitadi,Surnaya Rural Municipality,Government Services; Information & Inquiry; Health & Ambulance; Women & Children; Government Complaints,Needs Review,13,2026-09-02,2026-09-02,"10 current official contacts verified, including ambulance driver; 3 former staff contacts retained for review."
Sudurpashchim Province,Baitadi,Dilasaini Rural Municipality,Ward Offices; Government Services,Completed,12,2026-09-02,2026-09-02,Current official representative-directory sweep; Ward 5 chairperson already represented as the municipality spokesperson.
Sudurpashchim Province,Baitadi,Dogdakedar Rural Municipality,Government Services; Information & Inquiry; Ward Offices,Needs Review,32,2026-09-02,2026-09-02,"Added four current official office/executive records and 28 official ward roster records. Ward roster pages were submitted in 2018, so those roles are marked Needs Review."
Sudurpashchim Province,Baitadi,Melauli Municipality,Government Services,Completed,10,2026-09-02,2026-09-02,Official staff-directory page 2 sweep. Existing Bishna Mahara record was retained without duplication.
Sudurpashchim Province,Baitadi,Purchaudi Municipality,Ward Offices,Completed,10,2026-09-02,2026-09-02,Current official elected-representatives directory sweep.
Sudurpashchim Province,Doti,Dipayal Silgadhi Municipality,Information & Inquiry; Government Services; Health & Ambulance,Completed,8,2026-09-02,2026-09-02,Official municipal staff and contact-widget sweep. A nameless roster phone fragment was excluded.
Sudurpashchim Province,Doti,Purbichauki Rural Municipality,Government Services; Information & Inquiry,Completed,4,2026-09-02,2026-09-02,Official staff and contact-page sweep.
Sudurpashchim Province,Doti,Sayal Rural Municipality,Government Services; Health & Ambulance,Completed,29,2026-09-04,2026-09-04,Current official staff-directory expanded sweep.
Sudurpashchim Province,Achham,Mellekh Rural Municipality,Government Services; Ward Offices,Completed,10,2026-09-04,2026-09-04,Current official staff and elected-representative directory sweep.
Sudurpashchim Province,Achham,Chaurpati Rural Municipality,Ward Offices,Completed,4,2026-09-04,2026-09-04,Current official representative-directory gap sweep.
Sudurpashchim Province,Darchula,Duhun Rural Municipality,Government Services; Disaster & Rescue,Completed,10,2026-09-04,2026-09-04,Current official staff-directory expanded sweep.
Sudurpashchim Province,Darchula,Malikarjun Rural Municipality,Ward Offices,Completed,9,2026-09-04,2026-09-04,Current official elected-representatives directory sweep for Wards 7 and 8.
Sudurpashchim,Bajura,Jagannath Rural Municipality,Government Services; Health & Ambulance,In Progress,9,2026-09-04,,Added current official municipal staff-directory contacts.
Sudurpashchim,Bajura,Khaptad Chhededaha Rural Municipality,Government Services; Health & Ambulance; Women & Children; Disaster & Rescue; Ward Offices,In Progress,16,2026-09-04,,Added current official staff-directory contacts; one malformed published phone retained as Needs Review.
Sudurpashchim,Bajhang,Khaptadchhanna Rural Municipality,Government Services; Health & Ambulance; Women & Children; Information & Inquiry; Ward Offices,In Progress,24,2026-09-04,,Added full current official staff-directory roster and published spokesperson contact.
Sudurpashchim,Bajura,Gaumul Rural Municipality,Government Services; Health & Ambulance; Information & Inquiry,In Progress,5,2026-09-04,,Added missing current staff contacts and recorded a conflicting official IT-officer number for manual review.
Sudurpashchim,Bajura,Himali Rural Municipality,Government Services; Health & Ambulance; Information & Inquiry,In Progress,14,2026-09-04,,Added missing current official staff-directory contacts.
Sudurpashchim,Bajura,Triveni Municipality,Government Services; Health & Ambulance; Ward Offices,In Progress,10,2026-09-04,,Added current municipal branch chiefs and elected ward chairs.
Sudurpashchim,Bajura,Budhinanda Municipality,Government Services; Health & Ambulance; Information & Inquiry,In Progress,8,2026-09-04,,Added missing current official staff-directory contacts.
Sudurpashchim,Bajura,Swamikartik Khapar Rural Municipality,Government Services,In Progress,2,2026-09-04,,Added the two missing current official staff-directory contacts.
Sudurpashchim,Baitadi,Dilasaini Rural Municipality,Government Services; Ward Offices,In Progress,6,2026-09-04,,Added remaining page-two current staff-directory contacts.
Sudurpashchim,Baitadi,Shivanath Rural Municipality,Government Services; Ward Offices,In Progress,6,2026-09-04,,Added remaining page-two current staff-directory contacts.
Sudurpashchim,Bajhang,Jayaprithvi Municipality,Government Services; Health & Ambulance; Women & Children; Information & Inquiry,In Progress,18,2026-09-04,,Added full current official staff roster plus municipal leadership and information officer.
Sudurpashchim,Bajhang,Bungal Municipality,Government Services; Health & Ambulance; Women & Children; Information & Inquiry; Ward Offices,In Progress,26,2026-09-04,,Added complete current official staff directory.
Sudurpashchim,Bajhang,Bungal Municipality,Government Services; Ward Offices,In Progress,21,2026-09-04,,Added complete current elected-official directory.
Sudurpashchim,Bajhang,Surma Rural Municipality,Government Services; Health & Ambulance; Information & Inquiry; Ward Offices,In Progress,15,2026-09-04,,Added current official staff and executive roster contacts; malformed nine-digit roster value was excluded.
Sudurpashchim,Bajhang,Kedarsyun Rural Municipality,Government Services; Health & Ambulance; Information & Inquiry; Ward Offices,In Progress,28,2026-09-04,,"Added current municipal office, staff, and elected-official contact roster; one information-officer number conflict marked Needs Review."
Sudurpashchim,Bajhang,Masta Rural Municipality,Government Services; Information & Inquiry; Ward Offices; Disaster & Rescue,In Progress,19,2026-09-04,,Added current municipal and ward contacts plus disaster-plan committee contacts marked Needs Review for freshness.
Sudurpashchim,Bajhang,Talkot Rural Municipality,Government Services; Health & Ambulance; Women & Children; Information & Inquiry,In Progress,18,2026-09-04,,Added full current staff roster plus official executive and office contacts.
Sudurpashchim,Bajhang,Thalara Rural Municipality,Government Services; Health & Ambulance; Women & Children; Information & Inquiry,In Progress,19,2026-09-04,,"Added current municipal office, staff, and executive contacts."
Sudurpashchim,Bajhang,Chhabis Pathibhera Rural Municipality,Government Services; Health & Ambulance; Information & Inquiry,In Progress,24,2026-09-04,,Added complete current official roster and executive contacts; excluded malformed 11-digit driver number.
Sudurpashchim,Bajhang,Durgathali Rural Municipality,Government Services; Health & Ambulance; Women & Children; Information & Inquiry; Ward Offices,In Progress,22,2026-09-04,,"Added current municipal office, staff, executive, and ward-chair contacts."
Sudurpashchim,Bajhang,Bitthadchir Rural Municipality,Government Services; Health & Ambulance; Disaster & Rescue; Information & Inquiry,In Progress,17,2026-09-04,,"Added current official municipal office, staff, and executive contacts."
Sudurpashchim,Bajhang,Saipal Rural Municipality,Government Services; Information & Inquiry; Ward Offices,In Progress,11,2026-09-04,,Added current official portal contacts and three older DAO contacts marked Needs Review.
Sudurpashchim,Achham,Sanfebagar Municipality,Ward Offices,In Progress,7,2026-09-04,,Added missing current ward-office staff from official directory.
Sudurpashchim,Achham,Panchadewal Binayak Municipality,Government Services; Health & Ambulance; Women & Children; Information & Inquiry; Ward Offices,In Progress,17,2026-09-04,,"Added current official municipal office, staff, information, and elected-official contacts."
Sudurpashchim,Achham,Kamalbazar Municipality,Government Services; Health & Ambulance; Information & Inquiry,In Progress,27,2026-09-04,,Added current official staff roster contacts not already present.
Sudurpashchim,Achham,Chaurpati Rural Municipality,Government Services; Health & Ambulance; Information & Inquiry; Ward Offices; Electricity & Utilities,In Progress,21,2026-09-04,,Added current official staff absent from earlier local roster batch.
Sudurpashchim,Achham,Turmakhad Rural Municipality,Government Services; Ward Offices; Health & Ambulance; Disaster & Rescue; Information & Inquiry; Women & Children,In Progress,38,2026-09-04,,Added current official staff and elected-representative rosters from municipality pages.
Sudurpashchim,Achham,Ramaroshan Rural Municipality,Government Services; Health & Ambulance; Information & Inquiry,In Progress,7,2026-09-04,,Added missing current staff contacts from live municipal staff directory.
Sudurpashchim,Doti,Jorayal Rural Municipality,Government Services,In Progress,2,2026-09-04,,Added current leadership contacts from homepage.
Koshi Province,Dhankuta,Dhankuta Municipality,Government Services; Ward Offices; Health & Ambulance; Women & Children; Disaster & Rescue; Information & Inquiry; Government Complaints; Travel & Tourism,In Progress,51,2026-09-04,,Added first current official staff roster batch; records without published direct numbers excluded.
Koshi Province,Dhankuta,Dhankuta Municipality,Government Services; Ward Offices; Health & Ambulance; Women & Children; Police & Security; Electricity & Utilities; Travel & Tourism; Information & Inquiry,In Progress,49,2026-09-04,,Second current staff roster batch from municipality directory.
Koshi Province,Dhankuta,Pakhribas Municipality,Emergency Services; Police & Security; Hospitals; Health & Ambulance; Government Services; Ward Offices; Information & Inquiry; Women & Children,In Progress,40,2026-09-04,,Emergency panel and first current official staff roster batch.
Koshi Province,Dhankuta,Pakhribas Municipality,Government Services; Ward Offices; Hospitals; Health & Ambulance; Police & Security; Electricity & Utilities; Women & Children,In Progress,40,2026-09-04,,Second current official staff roster batch.
Koshi Province,Dhankuta,Sangurigadhi Rural Municipality,Government Services; Government Complaints; Ward Offices,Needs Review,8,2026-09-04,,Official site searched; no current public staff roster available in indexed pages.
Koshi Province,Dhankuta,Chaubise Rural Municipality,Government Services; Ward Offices,In Progress,11,2026-09-04,,Imported all direct-number entries on current official staff page.
Koshi Province,Dhankuta,Chhathar Jorpati Rural Municipality,Government Services; Ward Offices; Health & Ambulance; Information & Inquiry,In Progress,21,2026-09-04,,Current staff and elected-representative contacts from official municipality directories.
Koshi Province,Dhankuta,Shahidbhumi Rural Municipality,Government Services; Government Complaints; Information & Inquiry,In Progress,5,2026-09-04,,Added all current official staff records with direct published numbers.
Koshi Province,Dhankuta,Mahalaxmi Municipality,Government Services; Ward Offices; Women & Children; Information & Inquiry,In Progress,8,2026-09-04,,Added current core contacts from official municipality pages.
Koshi Province,Tehrathum,Chhathar Rural Municipality,Government Services; Health & Ambulance; Information & Inquiry,In Progress,11,2026-09-04,,Current official leadership and staff contacts with direct public numbers.
Koshi Province,Tehrathum,Phedap Rural Municipality,Government Services; Ward Offices; Information & Inquiry,In Progress,16,2026-09-04,,Current official staff and elected-representative contacts with direct public numbers.
Koshi Province,Tehrathum,Menchhayayem Rural Municipality,Government Services; Ward Offices; Information & Inquiry,In Progress,12,2026-09-04,,Current staff and elected-representative contacts from official municipality pages.
Koshi,Tehrathum,Aathrai Rural Municipality,"Batch: Government, Health, Ward, Women, Police & Inquiry",In Progress,67,2026-09-05,,Official staff directory batch imported; remaining priority categories require targeted source review.
Koshi,Tehrathum,Aathrai Rural Municipality,Batch: Elected Representatives and Ward Chairs,In Progress,15,2026-09-05,,"Official elected-representatives roster imported; emergency, utility and complaints sources remain to be checked."
Koshi,Tehrathum,Aathrai Rural Municipality,Batch: Priority Utility and Police Services,In Progress,4,2026-09-05,,"Official NEA and Nepal Police sources searched. No separately published official ambulance, fire, or water contact found in this pass."
Koshi,Tehrathum,Myanglung Municipality,Batch: Municipal and District Official Services,In Progress,12,2026-09-05,,"Official municipality, District Coordination Committee and District Administration sources imported. Further municipal staff/ward roster discovery remains pending."
Koshi,Tehrathum,Myanglung Municipality,"Batch: Hospital, Health, Utilities and District Services",In Progress,10,2026-09-05,,"Official hospital, NEA and District Administration sources imported. No official standalone ambulance or fire number located in this pass."
Koshi,Tehrathum,Myanglung Municipality,Batch: Municipal Staff Profiles,In Progress,7,2026-09-05,,Additional official municipal staff-profile contacts imported. Ward-specific current roster with numbers is still not published in the sources found.
Koshi,Tehrathum,Laligurans Municipality,"Batch: Staff, Ward Officials, Emergency and Municipal Services",In Progress,29,2026-09-05,,"Official municipality staff, elected officials and emergency numbers imported. Remaining utilities, complaints and tourism categories require targeted review."
Koshi,Tehrathum,Laligurans Municipality,Batch: Health and Police Follow-up,In Progress,3,2026-09-05,,Official health and police sources checked. Tourism source reviewed but excluded because the Basantapur branch location was not unambiguously identified as Tehrathum.
Koshi,Tehrathum,Chhathar Rural Municipality,"Batch: Ward Roster, Staff and Hospital",In Progress,32,2026-09-05,,"Official elected-official, staff and hospital sources imported. Ward member ward numbers were not published, so left blank."
Koshi,Taplejung,Phungling Municipality,"Batch: Municipal Leadership, Information and Complaints",In Progress,9,2026-09-05,,"Initial official municipal batch imported. Staff, ward, emergency, hospital and utility sources remain to be searched."
Koshi,Taplejung,Phungling Municipality,Batch: Municipal Staff and District Hospital,In Progress,32,2026-09-05,,"Official staff directory and government hospital document imported. Ward, emergency, police and utilities remain in progress."
Koshi,Taplejung,Phungling Municipality,"Batch: Ward 2, 3, 5, 7, 9 and 10 Offices",In Progress,31,2026-09-05,,"Official ward roster pages imported. Wards 1, 4, 6, 8 and 11 remain to be checked."
Koshi,Taplejung,Phungling Municipality,"Batch: Ward 1, 4, 6 and 8 Offices",In Progress,24,2026-09-05,,Official ward roster pages imported. Ward 11 did not expose a usable public roster in this search.
Koshi,Taplejung,Phungling Municipality,"Batch: Priority Utility, Rescue and Administration Services",In Progress,3,2026-09-05,,"Official NEA, Nepal Red Cross and District Administration sources imported. Police, ambulance and fire contacts remain to be searched."
Koshi,Taplejung,Mikwakhola Rural Municipality,"Batch: Municipal Executive, Information, Complaints and Ward Contacts",In Progress,10,2026-09-05,,"Official municipality leadership, officer, grievance and available ward-profile contacts imported. Health, police, ambulance, utilities and remaining ward records remain to be researched."
Koshi,Taplejung,Mikwakhola Rural Municipality,Ward Offices,Completed,5,2026-09-05,2026-09-05,Official municipality ward profiles searched. Direct public office contacts added for Wards 1-5.
Koshi,Taplejung,Mikwakhola Rural Municipality,Government Services - Municipal Office General Line,Needs Review,1,2026-09-05,,Older official procurement notice supplied municipal office contact numbers; currentness requires confirmation.
Koshi,Taplejung,Maiwakhola Rural Municipality,"Batch: Municipal Executive, Office Lines, Ward Spokesperson and Ambulances",In Progress,8,2026-09-05,,"Current official municipal website imported. Additional ward, health, police, utility and disaster contacts remain to be searched."
Koshi,Taplejung,Maiwakhola Rural Municipality,Batch: Current Municipal Staff Directory Page 1,In Progress,5,2026-09-05,,"Current official staff-directory contacts imported. Remaining staff page, elected and health pages pending."
Koshi,Taplejung,Maiwakhola Rural Municipality,Batch: Health Staff and Additional Municipal Staff,In Progress,12,2026-09-05,,Official health roster and current municipality role pages imported. Ward and remaining staff pages are next.
Koshi,Taplejung,Maiwakhola Rural Municipality,Ward Offices,Completed,5,2026-09-05,2026-09-05,Official elected-official directory searched. Direct public chairperson contacts now cover Wards 1-6.
Koshi,Taplejung,Maiwakhola Rural Municipality,Batch: Remaining Current Municipal Staff,In Progress,10,2026-09-05,,All additional current phone-bearing staff records visible on the official directory imported.
Koshi,Taplejung,Meringden Rural Municipality,"Batch: Municipal Executive, Staff, Health, Women and Municipal Police",In Progress,18,2026-09-05,,"Official municipal homepage and staff directory imported. Ward offices, ambulance, utilities and disaster services remain to be researched."
Koshi,Taplejung,Meringden Rural Municipality,Batch: Remaining Current Municipal Staff,In Progress,15,2026-09-05,,All additional current phone-bearing staff visible in official directory imported; staff with no published phone excluded.
Koshi,Taplejung,Phaktanglung Rural Municipality,"Batch: Executive, Ward Offices, Department Lines and Ambulance Service",In Progress,23,2026-09-05,,"Official municipality website imported with ward, service-branch and ambulance contacts. Ward Offices category is complete for Wards 1-7."
Koshi,Taplejung,Phaktanglung Rural Municipality,Ward Offices,Completed,0,2026-09-05,2026-09-05,Official municipality ward chair and secretary contact list covers Wards 1-7.
Koshi,Taplejung,Phaktanglung Rural Municipality,Batch: Remaining Current Municipal Staff,In Progress,17,2026-09-05,,"Official directory’s additional current, non-duplicate phone-bearing staff imported."
Koshi,Taplejung,Sidingwa Rural Municipality,Batch: Municipal Executive and Information Contacts,In Progress,5,2026-09-05,,"Official homepage and official procurement notice imported. Ward, health, ambulance and staff directories remain to be located."
Koshi,Taplejung,Sidingwa Rural Municipality,Batch: Current Municipal Staff Directory,In Progress,23,2026-09-05,,Current official staff-directory contacts imported. Published number 986646467479 retained exactly as written for health section chief and may need format review.
Koshi,Taplejung,Sidingwa Rural Municipality,Ward Offices,Completed,7,2026-09-05,2026-09-05,Current official elected-official directory searched; direct public chairperson contacts cover Wards 1-7.
Koshi,Taplejung,Sirijangha Rural Municipality,"Batch: Executive, Current Staff and Ward Contacts",In Progress,27,2026-09-05,,"Official home, staff and elected-official directories imported. Ward chair page omits ward mapping; records retained with blank Ward."
Koshi,Taplejung,Sirijangha Rural Municipality,"Batch: Executive, Current Staff and Ward Contacts",In Progress,16,2026-09-05,,"Official home, staff and elected-official directories imported. Ward chair page omits ward mapping; records retained with blank Ward."
Koshi,Taplejung,Sirijangha Rural Municipality,"Batch: Executive, Current Staff and Ward Contacts",In Progress,8,2026-09-05,,"Official home, staff and elected-official directories imported. Ward chair page omits ward mapping; records retained with blank Ward."
Koshi,Taplejung,Sirijangha Rural Municipality,"Batch: Executive, Current Staff and Ward Contacts",In Progress,0,2026-09-05,,"Official home, staff and elected-official directories imported. Ward chair page omits ward mapping; records retained with blank Ward."
Koshi,Taplejung,Pathivara Yangwarak Rural Municipality,Batch: Current official staff roster,In Progress,28,2026-09-05,,"Official roster imported; continue with elected officials, wards, emergency and utility coverage."
Koshi,Taplejung,Pathivara Yangwarak Rural Municipality,Batch: Current official staff roster,In Progress,28,2026-09-05,,"Official roster imported; continue with elected officials, wards, emergency and utility coverage."
Koshi,Panchthar,Hilihang Rural Municipality,Batch: Current municipal roster and ward contacts,In Progress,31,2026-09-06,,"Official municipal homepage, staff directory, elected-official directory and Ward 1, 3 and 5 pages searched. Continue with remaining wards and district emergency, health and utility services."
Koshi,Panchthar,Kummayak Rural Municipality,Batch: Current municipal staff and ward roster,In Progress,46,2026-09-06,,"Official municipal staff and elected-official directories searched. All five ward chairperson and ward secretary contacts were published; continue with emergency, police, hospital and utility services."
Koshi,Ilam,Phakphokthum Rural Municipality,Batch: municipal roster and district services,In Progress,34,2026-09-06,,Official municipal staff and officials roster; NEA and Nepal Police district service contacts added. Other categories remain to be researched.
Koshi,Ilam,Ilam Municipality,"Batch: municipal roster, wards and emergency services",In Progress,42,2026-09-06,,"Current official municipal staff, ward, emergency and public service contacts. More district service and hospital coverage remains."
Koshi,Ilam,Deumai Municipality,Batch: municipality and area administration,In Progress,16,2026-09-06,,"Current official municipality roster and Mangalbare Area Administration Office added; wards, health facilities, police and utilities remain."
Koshi,Ilam,Mai Municipality,Batch: official municipal roster and local services,In Progress,41,2026-09-06,,"Current official staff roster, ward secretaries, complaint, municipal police and ambulance driver contacts. Ward chairs and health facilities remain."
Koshi,Ilam,Chulachuli Rural Municipality,"Batch: official roster, health and public safety",In Progress,60,2026-09-06,,"Current municipal staff and officials added. District police, NEA and local ambulance verification remain."
Koshi,Ilam,Mangsebung Rural Municipality,"Batch: official roster, public services and emergency support",In Progress,65,2026-09-06,,"Official municipal staff, elected representatives, ambulance directory and NEA district contact added. Police, hospitals, disaster, tourism and full ward-office coverage remain."
Koshi,Ilam,Rong Rural Municipality,Batch: official municipal roster and ward leadership,In Progress,33,2026-09-06,,"Current official municipal staff and elected representatives added. Health facilities, ambulance, police, utilities, disaster and tourism remain."
Koshi,Ilam,Suryodaya Municipality,"Batch: official roster, emergency and municipal services",In Progress,35,2026-09-06,,"Official municipal roster, fire brigade, police contacts, complaint officer and public services added. Ward coverage, hospitals, ambulance, utilities, tourism and disaster response remain."
Koshi,Ilam,Mai Jogmai Rural Municipality,Batch: official municipal roster and elected representatives,In Progress,41,2026-09-09,,"Official roster, service contacts, current elected representatives, complaint, information and disaster staff added. Health facilities, ambulance, police, utilities, tourism and remaining ward coverage remain."
Koshi,Ilam,Sandakpur Rural Municipality,Batch: official leadership and municipal service contacts,In Progress,33,2026-09-09,,"Official office, CAO, information officer, animal service and full published representative roster added. Staff directory timed out; health, ambulance, police, utilities, tourism, disaster and ward secretary contacts remain."
Koshi,Panchthar,Phidim Municipality,"Batch: official roster, ward offices and public safety",In Progress,50,2026-09-09,,"Official municipal roster, ward secretaries, health, municipal police, disaster, women/children and public services added. Emergency hotlines, hospitals, ambulance, utilities, tourism and remaining wards remain."
Koshi,Taplejung,Phungling Municipality,Batch: official municipal contact and public roles,In Progress,21,2026-09-09,,"Current official office, information, complaint and spokesperson entries added alongside historic official role contacts marked Needs Review. Police, hospitals, current staff, utilities, ward offices, disaster and tourism remain."
Koshi,Taplejung,Aathrai Tribeni Rural Municipality,Batch: official roster and ward offices,In Progress,22,2026-09-09,,"Official municipal staff, health posts, elected leadership and ward contacts added. Ambulance, police, utilities, disaster, tourism and remaining service coverage remain."
Koshi,Udayapur,Triyuga Municipality,Batch: official municipal roster and public services,In Progress,35,2026-09-09,,"Official roster contacts added. Police, fire, ambulance, hospitals, utilities, ward offices, tourism and remaining disaster coverage remain."
Koshi,Udayapur,Katari Municipality,Batch: official executive and public contact,In Progress,6,2026-09-09,,"Official office, leadership, spokesperson and public information contacts added. Staff roster, health, ambulance, police, utilities, wards, disaster and tourism remain."
Koshi,Udayapur,Chaudandigadhi Municipality,Government Services,In Progress,4,2026-09-09,,Official municipal portal searched; ward-page entries needing current confirmation are marked Needs Review.
Koshi,Udayapur,Chaudandigadhi Municipality,Information & Inquiry,In Progress,2,2026-09-09,,Official municipal portal searched; ward-page entries needing current confirmation are marked Needs Review.
Koshi,Udayapur,Chaudandigadhi Municipality,Health & Ambulance,In Progress,2,2026-09-09,,Official municipal portal searched; ward-page entries needing current confirmation are marked Needs Review.
Koshi,Udayapur,Chaudandigadhi Municipality,Ward Offices,In Progress,30,2026-09-09,,Official municipal portal searched; ward-page entries needing current confirmation are marked Needs Review.
Koshi,Udayapur,Udayapurgadhi Rural Municipality,Government Services,In Progress,5,2026-09-09,,Official municipality staff directory searched; historic ward contacts are marked Needs Review.
Koshi,Udayapur,Udayapurgadhi Rural Municipality,Health & Ambulance,In Progress,1,2026-09-09,,Official municipality staff directory searched; historic ward contacts are marked Needs Review.
Koshi,Udayapur,Udayapurgadhi Rural Municipality,Ward Offices,In Progress,19,2026-09-09,,Official municipality staff directory searched; historic ward contacts are marked Needs Review.
Koshi,Udayapur,Rautamai Rural Municipality,Government Complaints,In Progress,1,2026-09-09,,Current official municipal staff and elected-representative directories searched.
Koshi,Udayapur,Rautamai Rural Municipality,Government Services,In Progress,28,2026-09-09,,Current official municipal staff and elected-representative directories searched.
Koshi,Udayapur,Rautamai Rural Municipality,Health & Ambulance,In Progress,3,2026-09-09,,Current official municipal staff and elected-representative directories searched.
Koshi,Udayapur,Rautamai Rural Municipality,Information & Inquiry,In Progress,2,2026-09-09,,Current official municipal staff and elected-representative directories searched.
Koshi,Udayapur,Rautamai Rural Municipality,Other,In Progress,4,2026-09-09,,Current official municipal staff and elected-representative directories searched.
Koshi,Udayapur,Rautamai Rural Municipality,Ward Offices,In Progress,1,2026-09-09,,Current official municipal staff and elected-representative directories searched.
Koshi,Udayapur,Rautamai Rural Municipality,Women & Children,In Progress,1,2026-09-09,,Current official municipal staff and elected-representative directories searched.
Koshi,Udayapur,Limchungbung Rural Municipality,Government Complaints,In Progress,1,2026-09-09,,"Official municipal staff, officials, contact, and Ward 4 pages searched."
Koshi,Udayapur,Tapli Rural Municipality,Information & Inquiry,In Progress,2,2026-09-09,,"Official municipal homepage, staff, officials, contact and ward pages searched."
Koshi,Udayapur,Tapli Rural Municipality,Health & Ambulance,In Progress,1,2026-09-09,,"Official municipal homepage, staff, officials, contact and ward pages searched."
Koshi,Khotang,Halesi Tuwachung Municipality,Information & Inquiry,In Progress,1,2026-09-09,,Official municipal homepage and staff directory searched.
Koshi,Khotang,Halesi Tuwachung Municipality,Police & Security,In Progress,2,2026-09-09,,Official municipal homepage and staff directory searched.
Koshi,Khotang,Halesi Tuwachung Municipality,Government Services,In Progress,9,2026-09-09,,Official municipal homepage and staff directory searched.
Koshi,Khotang,Diktel Rupakot Majhuwagadhi Municipality,Other,In Progress,1,2026-09-09,,Official municipal staff and contact directories searched.
Koshi,Khotang,Diktel Rupakot Majhuwagadhi Municipality,Government Services,In Progress,21,2026-09-09,,Official municipal staff and contact directories searched.
Koshi,Khotang,Diktel Rupakot Majhuwagadhi Municipality,Information & Inquiry,In Progress,3,2026-09-09,,Official municipal staff and contact directories searched.
Koshi,Khotang,Diktel Rupakot Majhuwagadhi Municipality,Health & Ambulance,In Progress,1,2026-09-09,,Official municipal staff and contact directories searched.
Koshi,Khotang,Diktel Rupakot Majhuwagadhi Municipality,Women & Children,In Progress,1,2026-09-09,,Official municipal staff and contact directories searched.
Koshi,Khotang,Aiselukharka Rural Municipality,Information & Inquiry,In Progress,2,2026-09-09,,"Official municipal staff, officials, contact, and Area Administration Office sources searched."
Koshi,Khotang,Aiselukharka Rural Municipality,Women & Children,In Progress,1,2026-09-09,,"Official municipal staff, officials, contact, and Area Administration Office sources searched."
Koshi,Khotang,Aiselukharka Rural Municipality,Ward Offices,In Progress,5,2026-09-09,,"Official municipal staff, officials, contact, and Area Administration Office sources searched."
Koshi,Khotang,Aiselukharka Rural Municipality,Other,In Progress,1,2026-09-09,,"Official municipal staff, officials, contact, and Area Administration Office sources searched."
Koshi,Khotang,Aiselukharka Rural Municipality,Government Services,In Progress,11,2026-09-09,,"Official municipal staff, officials, contact, and Area Administration Office sources searched."
Koshi,Khotang,Kepilasgadhi Rural Municipality,Information & Inquiry,In Progress,1,2026-09-09,,"Official municipal home, current-staff, staff and elected-representative directories searched."
Koshi,Khotang,Kepilasgadhi Rural Municipality,Ward Offices,In Progress,7,2026-09-09,,"Official municipal home, current-staff, staff and elected-representative directories searched."
Koshi,Khotang,Kepilasgadhi Rural Municipality,Government Services,In Progress,6,2026-09-09,,"Official municipal home, current-staff, staff and elected-representative directories searched."
Koshi,Khotang,Diprung Chuichumma Rural Municipality,Information & Inquiry,In Progress,1,2026-09-09,,Official new portal and linked legacy official staff profiles searched.
Koshi,Khotang,Diprung Chuichumma Rural Municipality,Government Services,In Progress,7,2026-09-09,,Official new portal and linked legacy official staff profiles searched.
Koshi,Khotang,Diprung Chuichumma Rural Municipality,Police & Security,In Progress,1,2026-09-09,,Official new portal and linked legacy official staff profiles searched.
Koshi,Khotang,Jantedhunga Rural Municipality,Government Complaints,In Progress,1,2026-09-09,,"Official municipal staff, elected representative, contact and ward pages searched."
Koshi,Khotang,Jantedhunga Rural Municipality,Government Services,In Progress,11,2026-09-09,,"Official municipal staff, elected representative, contact and ward pages searched."
Koshi,Khotang,Jantedhunga Rural Municipality,Ward Offices,In Progress,10,2026-09-09,,"Official municipal staff, elected representative, contact and ward pages searched."
Koshi,Khotang,Jantedhunga Rural Municipality,Information & Inquiry,In Progress,2,2026-09-09,,"Official municipal staff, elected representative, contact and ward pages searched."
Koshi,Khotang,Jantedhunga Rural Municipality,Health & Ambulance,In Progress,2,2026-09-09,,"Official municipal staff, elected representative, contact and ward pages searched."
Koshi,Khotang,Jantedhunga Rural Municipality,Other,In Progress,2,2026-09-09,,"Official municipal staff, elected representative, contact and ward pages searched."
Koshi,Khotang,Khotehang Rural Municipality,Government Services,In Progress,14,2026-09-09,,"Official municipal home, current, staff and contact sources searched."
Koshi,Khotang,Khotehang Rural Municipality,Information & Inquiry,In Progress,3,2026-09-09,,"Official municipal home, current, staff and contact sources searched."
Koshi,Khotang,Khotehang Rural Municipality,Disaster & Rescue,In Progress,1,2026-09-09,,"Official municipal home, current, staff and contact sources searched."
Koshi,Khotang,Khotehang Rural Municipality,Ward Offices,In Progress,4,2026-09-09,,"Official municipal home, current, staff and contact sources searched."
Koshi,Khotang,Khotehang Rural Municipality,Health & Ambulance,In Progress,2,2026-09-09,,"Official municipal home, current, staff and contact sources searched."
Koshi,Khotang,Sakela Rural Municipality,Health & Ambulance,In Progress,2,2026-09-09,,"Official municipal staff, official, contact and home pages searched."
Koshi,Khotang,Sakela Rural Municipality,Women & Children,In Progress,1,2026-09-09,,"Official municipal staff, official, contact and home pages searched."
Koshi,Khotang,Sakela Rural Municipality,Government Services,In Progress,14,2026-09-09,,"Official municipal staff, official, contact and home pages searched."
Koshi,Khotang,Sakela Rural Municipality,Other,In Progress,1,2026-09-09,,"Official municipal staff, official, contact and home pages searched."
Koshi,Khotang,Sakela Rural Municipality,Ward Offices,In Progress,3,2026-09-09,,"Official municipal staff, official, contact and home pages searched."
Koshi,Khotang,Sakela Rural Municipality,Information & Inquiry,In Progress,2,2026-09-09,,"Official municipal staff, official, contact and home pages searched."
Koshi,Solukhumbu,Solududhkunda Municipality,Government Services,In Progress,18,2026-09-09,,Current municipal staff and official pages plus District Administration Office government directory searched.
Koshi,Solukhumbu,Solududhkunda Municipality,Ward Offices,In Progress,11,2026-09-09,,Current municipal staff and official pages plus District Administration Office government directory searched.
Koshi,Solukhumbu,Solududhkunda Municipality,Police & Security,In Progress,5,2026-09-09,,Current municipal staff and official pages plus District Administration Office government directory searched.
Koshi,Solukhumbu,Solududhkunda Municipality,Electricity & Utilities,In Progress,1,2026-09-09,,Current municipal staff and official pages plus District Administration Office government directory searched.
Koshi,Solukhumbu,Solududhkunda Municipality,Information & Inquiry,In Progress,2,2026-09-09,,Current municipal staff and official pages plus District Administration Office government directory searched.
Koshi,Solukhumbu,Solududhkunda Municipality,Health & Ambulance,In Progress,10,2026-09-09,,Current municipal staff and official pages plus District Administration Office government directory searched.
Koshi,Solukhumbu,Solududhkunda Municipality,Disaster & Rescue,In Progress,1,2026-09-09,,Current municipal staff and official pages plus District Administration Office government directory searched.
Koshi,Solukhumbu,Solududhkunda Municipality,Hospitals,In Progress,1,2026-09-09,,Current municipal staff and official pages plus District Administration Office government directory searched.
Koshi,Solukhumbu,Solududhkunda Municipality,Women & Children,In Progress,1,2026-09-09,,Current municipal staff and official pages plus District Administration Office government directory searched.
Koshi,Solukhumbu,Mapya Dudhkoshi Rural Municipality,Ward Offices,In Progress,7,2026-09-09,,Current official municipal staff and elected-official pages searched.
Koshi,Solukhumbu,Mapya Dudhkoshi Rural Municipality,Other,In Progress,2,2026-09-09,,Current official municipal staff and elected-official pages searched.
Koshi,Solukhumbu,Mapya Dudhkoshi Rural Municipality,Government Services,In Progress,15,2026-09-09,,Current official municipal staff and elected-official pages searched.
Koshi,Solukhumbu,Mapya Dudhkoshi Rural Municipality,Women & Children,In Progress,3,2026-09-09,,Current official municipal staff and elected-official pages searched.
Koshi,Solukhumbu,Thulung Dudhkoshi Rural Municipality,Other,In Progress,16,2026-09-09,,"Official municipal staff, current roles, ward and former-elected pages searched."
Koshi,Solukhumbu,Thulung Dudhkoshi Rural Municipality,Ward Offices,In Progress,9,2026-09-09,,"Official municipal staff, current roles, ward and former-elected pages searched."
Koshi,Solukhumbu,Thulung Dudhkoshi Rural Municipality,Police & Security,In Progress,1,2026-09-09,,"Official municipal staff, current roles, ward and former-elected pages searched."
Koshi,Solukhumbu,Thulung Dudhkoshi Rural Municipality,Government Services,In Progress,7,2026-09-09,,"Official municipal staff, current roles, ward and former-elected pages searched."
Koshi,Solukhumbu,Thulung Dudhkoshi Rural Municipality,Health & Ambulance,In Progress,1,2026-09-09,,"Official municipal staff, current roles, ward and former-elected pages searched."
Koshi,Solukhumbu,Thulung Dudhkoshi Rural Municipality,Information & Inquiry,In Progress,2,2026-09-09,,"Official municipal staff, current roles, ward and former-elected pages searched."
Koshi,Solukhumbu,Mahakulung Rural Municipality,Women & Children,In Progress,3,2026-09-09,,"Current official municipal home, contact and elected-official pages searched."
Koshi,Solukhumbu,Mahakulung Rural Municipality,Information & Inquiry,In Progress,1,2026-09-09,,"Current official municipal home, contact and elected-official pages searched."
Koshi,Solukhumbu,Mahakulung Rural Municipality,Government Services,In Progress,11,2026-09-09,,"Current official municipal home, contact and elected-official pages searched."
Koshi,Solukhumbu,Nechasalyan Rural Municipality,Information & Inquiry,In Progress,1,2026-09-09,,"Current municipal home, contact and staff pages searched."
Koshi,Solukhumbu,Nechasalyan Rural Municipality,Other,In Progress,15,2026-09-09,,"Current municipal home, contact and staff pages searched."
Koshi,Solukhumbu,Nechasalyan Rural Municipality,Health & Ambulance,In Progress,7,2026-09-09,,"Current municipal home, contact and staff pages searched."
Koshi,Solukhumbu,Nechasalyan Rural Municipality,Ward Offices,In Progress,5,2026-09-09,,"Current municipal home, contact and staff pages searched."
Koshi,Solukhumbu,Nechasalyan Rural Municipality,Government Services,In Progress,11,2026-09-09,,"Current municipal home, contact and staff pages searched."
Koshi,Solukhumbu,Sotang Rural Municipality,Information & Inquiry,In Progress,1,2026-09-09,,Current official municipal staff and Area Administration Office pages searched.
Koshi,Solukhumbu,Sotang Rural Municipality,Women & Children,In Progress,1,2026-09-09,,Current official municipal staff and Area Administration Office pages searched.
Koshi,Solukhumbu,Sotang Rural Municipality,Electricity & Utilities,In Progress,1,2026-09-09,,Current official municipal staff and Area Administration Office pages searched.
Koshi,Solukhumbu,Sotang Rural Municipality,Other,In Progress,1,2026-09-09,,Current official municipal staff and Area Administration Office pages searched.
Koshi,Solukhumbu,Sotang Rural Municipality,Government Services,In Progress,24,2026-09-09,,Current official municipal staff and Area Administration Office pages searched.
Koshi,Solukhumbu,Sotang Rural Municipality,Health & Ambulance,In Progress,5,2026-09-09,,Current official municipal staff and Area Administration Office pages searched.
Koshi,Solukhumbu,Sotang Rural Municipality,Hospitals,In Progress,1,2026-09-09,,Current official municipal staff and Area Administration Office pages searched.
Koshi,Solukhumbu,Sotang Rural Municipality,Ward Offices,In Progress,5,2026-09-09,,Current official municipal staff and Area Administration Office pages searched.
Koshi,Solukhumbu,Likhupike Rural Municipality,Other,In Progress,13,2026-09-09,,Current official municipal portal and public Department of Education directory searched.
Koshi,Solukhumbu,Likhupike Rural Municipality,Information & Inquiry,In Progress,1,2026-09-09,,Current official municipal portal and public Department of Education directory searched.
Koshi,Solukhumbu,Likhupike Rural Municipality,Government Services,In Progress,4,2026-09-09,,Current official municipal portal and public Department of Education directory searched.
Koshi,Solukhumbu,Khumbu Pasang Lhamu Rural Municipality,Government Services,In Progress,2,2026-09-09,,"Official municipal, Nepal Police, National Park and local utility sources searched."
Koshi,Solukhumbu,Khumbu Pasang Lhamu Rural Municipality,Information & Inquiry,In Progress,1,2026-09-09,,"Official municipal, Nepal Police, National Park and local utility sources searched."
Koshi,Solukhumbu,Khumbu Pasang Lhamu Rural Municipality,Travel & Tourism,In Progress,2,2026-09-09,,"Official municipal, Nepal Police, National Park and local utility sources searched."
Koshi,Solukhumbu,Khumbu Pasang Lhamu Rural Municipality,Electricity & Utilities,In Progress,1,2026-09-09,,"Official municipal, Nepal Police, National Park and local utility sources searched."
Koshi,Okhaldhunga,Siddhicharan Municipality,Health & Ambulance,In Progress,5,2026-09-09,,"Current official municipal home, contact and staff pages searched."
Koshi,Okhaldhunga,Siddhicharan Municipality,Police & Security,In Progress,1,2026-09-09,,"Current official municipal home, contact and staff pages searched."
Koshi,Okhaldhunga,Siddhicharan Municipality,Information & Inquiry,In Progress,5,2026-09-09,,"Current official municipal home, contact and staff pages searched."
Koshi,Okhaldhunga,Siddhicharan Municipality,Hospitals,In Progress,2,2026-09-09,,"Current official municipal home, contact and staff pages searched."
Koshi,Okhaldhunga,Siddhicharan Municipality,Women & Children,In Progress,3,2026-09-09,,"Current official municipal home, contact and staff pages searched."
Koshi,Okhaldhunga,Siddhicharan Municipality,Electricity & Utilities,In Progress,4,2026-09-09,,"Current official municipal home, contact and staff pages searched."
Koshi,Okhaldhunga,Siddhicharan Municipality,Government Complaints,In Progress,3,2026-09-09,,"Current official municipal home, contact and staff pages searched."
Koshi,Okhaldhunga,Siddhicharan Municipality,Government Services,In Progress,29,2026-09-09,,"Current official municipal home, contact and staff pages searched."
Koshi,Okhaldhunga,Molung Rural Municipality,Information & Inquiry,In Progress,2,2026-09-09,,Official municipal home and elected-official pages searched; police post from public directory needs direct verification.
Koshi,Okhaldhunga,Molung Rural Municipality,Ward Offices,In Progress,8,2026-09-09,,Official municipal home and elected-official pages searched; police post from public directory needs direct verification.
Koshi,Okhaldhunga,Molung Rural Municipality,Government Services,In Progress,5,2026-09-09,,Official municipal home and elected-official pages searched; police post from public directory needs direct verification.
Koshi,Okhaldhunga,Molung Rural Municipality,Police & Security,In Progress,1,2026-09-09,,Official municipal home and elected-official pages searched; police post from public directory needs direct verification.
Koshi,Okhaldhunga,Khiji Demba Rural Municipality,Women & Children,In Progress,4,2026-09-09,,"Live municipal home, officials and staff pages searched. Older staff-page records retained as Needs Review."
Koshi,Okhaldhunga,Khiji Demba Rural Municipality,Information & Inquiry,In Progress,1,2026-09-09,,"Live municipal home, officials and staff pages searched. Older staff-page records retained as Needs Review."
Koshi,Okhaldhunga,Khiji Demba Rural Municipality,Ward Offices,In Progress,9,2026-09-09,,"Live municipal home, officials and staff pages searched. Older staff-page records retained as Needs Review."
Koshi,Okhaldhunga,Khiji Demba Rural Municipality,Health & Ambulance,In Progress,2,2026-09-09,,"Live municipal home, officials and staff pages searched. Older staff-page records retained as Needs Review."
Koshi,Okhaldhunga,Khiji Demba Rural Municipality,Electricity & Utilities,In Progress,1,2026-09-09,,"Live municipal home, officials and staff pages searched. Older staff-page records retained as Needs Review."
Koshi,Okhaldhunga,Khiji Demba Rural Municipality,Government Services,In Progress,38,2026-09-09,,"Live municipal home, officials and staff pages searched. Older staff-page records retained as Needs Review."
Koshi,Okhaldhunga,Champadevi Rural Municipality,Information & Inquiry,In Progress,1,2026-09-09,,Current municipality and DCC official directories searched; historic ward-page contacts retained as Needs Review.
Koshi,Okhaldhunga,Champadevi Rural Municipality,Ward Offices,In Progress,9,2026-09-09,,Current municipality and DCC official directories searched; historic ward-page contacts retained as Needs Review.
Koshi,Okhaldhunga,Champadevi Rural Municipality,Government Complaints,In Progress,1,2026-09-09,,Current municipality and DCC official directories searched; historic ward-page contacts retained as Needs Review.
Koshi,Okhaldhunga,Champadevi Rural Municipality,Government Services,In Progress,4,2026-09-09,,Current municipality and DCC official directories searched; historic ward-page contacts retained as Needs Review.
Koshi,Okhaldhunga,Chishankhugadhi Rural Municipality,Information & Inquiry,In Progress,2,2026-09-09,,Mofaga official local-contact directory and public municipal social-directory page searched; social-source role contacts need direct verification.
Koshi,Okhaldhunga,Chishankhugadhi Rural Municipality,Government Services,In Progress,2,2026-09-09,,Mofaga official local-contact directory and public municipal social-directory page searched; social-source role contacts need direct verification.
Koshi,Okhaldhunga,Manebhanjyang Rural Municipality,Government Services,In Progress,8,2026-09-09,,Current municipal homepage and historic official ward pages searched. Ward contacts require direct confirmation.
Koshi,Okhaldhunga,Manebhanjyang Rural Municipality,Information & Inquiry,In Progress,1,2026-09-09,,Current municipal homepage and historic official ward pages searched. Ward contacts require direct confirmation.
Koshi,Okhaldhunga,Manebhanjyang Rural Municipality,Ward Offices,In Progress,2,2026-09-09,,Current municipal homepage and historic official ward pages searched. Ward contacts require direct confirmation.
Koshi,Okhaldhunga,Sunkoshi Rural Municipality,Government Complaints,In Progress,1,2026-09-09,,"Current official municipal home, staff, letterhead and ward-office directory pages searched."
Koshi,Okhaldhunga,Sunkoshi Rural Municipality,Information & Inquiry,In Progress,1,2026-09-09,,"Current official municipal home, staff, letterhead and ward-office directory pages searched."
Koshi,Okhaldhunga,Sunkoshi Rural Municipality,Health & Ambulance,In Progress,1,2026-09-09,,"Current official municipal home, staff, letterhead and ward-office directory pages searched."
Koshi,Okhaldhunga,Sunkoshi Rural Municipality,Government Services,In Progress,4,2026-09-09,,"Current official municipal home, staff, letterhead and ward-office directory pages searched."
Koshi,Okhaldhunga,Sunkoshi Rural Municipality,Ward Offices,In Progress,20,2026-09-09,,"Current official municipal home, staff, letterhead and ward-office directory pages searched."
Koshi,Udayapur,Tapli Rural Municipality,Government Services,In Progress,10,2026-09-09,,Current official municipal staff and Ward 1 pages searched; existing Ward 1 secretary record refreshed.
Koshi,Udayapur,Tapli Rural Municipality,Ward Offices,In Progress,5,2026-09-09,,Current official municipal staff and Ward 1 pages searched; existing Ward 1 secretary record refreshed.
Koshi,Udayapur,Tapli Rural Municipality,Women & Children,In Progress,1,2026-09-09,,Current official municipal staff and Ward 1 pages searched; existing Ward 1 secretary record refreshed.
Koshi,Udayapur,Tapli Rural Municipality,Electricity & Utilities,In Progress,1,2026-09-09,,Current official municipal staff and Ward 1 pages searched; existing Ward 1 secretary record refreshed.
Koshi,Khotang,Rawabesi Rural Municipality,Women & Children,In Progress,1,2026-09-09,,Current municipal home/staff/ward pages and CAAN airport profile searched.
Koshi,Khotang,Rawabesi Rural Municipality,Travel & Tourism,In Progress,1,2026-09-09,,Current municipal home/staff/ward pages and CAAN airport profile searched.
Koshi,Khotang,Rawabesi Rural Municipality,Ward Offices,In Progress,1,2026-09-09,,Current municipal home/staff/ward pages and CAAN airport profile searched.
Koshi,Khotang,Rawabesi Rural Municipality,Information & Inquiry,In Progress,1,2026-09-09,,Current municipal home/staff/ward pages and CAAN airport profile searched.
Koshi,Khotang,Rawabesi Rural Municipality,Government Services,In Progress,2,2026-09-09,,Current municipal home/staff/ward pages and CAAN airport profile searched.
Koshi,Udayapur,Limchungbung Rural Municipality,Ward Offices,In Progress,4,2026-09-09,,Current official municipal staff directory searched.
Koshi,Udayapur,Limchungbung Rural Municipality,Women & Children,In Progress,4,2026-09-09,,Current official municipal staff directory searched.
Koshi,Udayapur,Limchungbung Rural Municipality,Information & Inquiry,In Progress,2,2026-09-09,,Current official municipal staff directory searched.
Koshi,Udayapur,Limchungbung Rural Municipality,Electricity & Utilities,In Progress,1,2026-09-09,,Current official municipal staff directory searched.
Koshi,Udayapur,Limchungbung Rural Municipality,Government Services,In Progress,18,2026-09-09,,Current official municipal staff directory searched.
Koshi,Udayapur,Limchungbung Rural Municipality,Health & Ambulance,In Progress,2,2026-09-09,,Current official municipal staff directory searched.
Koshi,Khotang,Barahapokhari Rural Municipality,Information & Inquiry,In Progress,1,2026-09-09,,Current official municipal staff directory searched.
Koshi,Khotang,Barahapokhari Rural Municipality,Health & Ambulance,In Progress,5,2026-09-09,,Current official municipal staff directory searched.
Koshi,Khotang,Barahapokhari Rural Municipality,Government Services,In Progress,7,2026-09-09,,Current official municipal staff directory searched.
Koshi,Khotang,Diprung Chuichumma Rural Municipality,Ward Offices,In Progress,2,2026-09-10,,Live and legacy official ward pages searched; legacy contacts retained as Needs Review.
Koshi,Bhojpur,Shadananda Municipality,Government Services,In Progress,21,2026-09-10,,"Live official municipal contact, staff and service-notice pages searched; current public role contacts recorded."
Koshi,Bhojpur,Shadananda Municipality,Information & Inquiry,In Progress,1,2026-09-10,,"Live official municipality, staff and contact pages searched."
Koshi,Bhojpur,Bhojpur Municipality,Government Services,In Progress,14,2026-09-10,,"Official municipal contact, current staff, and official ward roster sources searched. Ward roster requires current-assignment confirmation."
Koshi,Bhojpur,Bhojpur Municipality,Information & Inquiry,In Progress,1,2026-09-10,,"Official municipal contact, current staff, and official ward roster sources searched. Ward roster requires current-assignment confirmation."
Koshi,Bhojpur,Bhojpur Municipality,Ward Offices,In Progress,12,2026-09-10,,"Official municipal contact, current staff, and official ward roster sources searched. Ward roster requires current-assignment confirmation."
Koshi,Bhojpur,Hatuwagadhi Rural Municipality,Government Services,In Progress,13,2026-09-10,,Live official municipal staff and ward-contact directory searched.
Koshi,Bhojpur,Hatuwagadhi Rural Municipality,Women & Children,In Progress,1,2026-09-10,,Live official municipal staff and ward-contact directory searched.
Koshi,Bhojpur,Hatuwagadhi Rural Municipality,Ward Offices,In Progress,9,2026-09-10,,Live official municipal staff and ward-contact directory searched.
Koshi,Bhojpur,Hatuwagadhi Rural Municipality,Information & Inquiry,In Progress,2,2026-09-10,,Live official municipal staff and ward-contact directory searched.
Koshi,Bhojpur,Hatuwagadhi Rural Municipality,Health & Ambulance,In Progress,2,2026-09-10,,Live official municipal staff and ward-contact directory searched.
Koshi,Bhojpur,Aamchok Rural Municipality,Information & Inquiry,In Progress,1,2026-09-10,,Live official municipal current and staff directories searched.
Koshi,Bhojpur,Aamchok Rural Municipality,Ward Offices,In Progress,4,2026-09-10,,Live official municipal current and staff directories searched.
Koshi,Bhojpur,Aamchok Rural Municipality,Government Services,In Progress,19,2026-09-10,,Live official municipal current and staff directories searched.
Koshi,Bhojpur,Aamchok Rural Municipality,Health & Ambulance,In Progress,1,2026-09-10,,Live official municipal current and staff directories searched.
Koshi,Bhojpur,Arun Rural Municipality,Ward Offices,In Progress,5,2026-09-10,,Live official staff and elected-official directories searched.
Koshi,Bhojpur,Arun Rural Municipality,Government Complaints,In Progress,1,2026-09-10,,Live official staff and elected-official directories searched.
Koshi,Bhojpur,Arun Rural Municipality,Government Services,In Progress,16,2026-09-10,,Live official staff and elected-official directories searched.
Koshi,Bhojpur,Arun Rural Municipality,Information & Inquiry,In Progress,2,2026-09-10,,Live official staff and elected-official directories searched.
Koshi,Bhojpur,Arun Rural Municipality,Health & Ambulance,In Progress,1,2026-09-10,,Live official staff and elected-official directories searched.
Koshi,Bhojpur,Ramprasad Rai Rural Municipality,Government Services,In Progress,4,2026-09-10,,Live official municipality homepage and contact page searched.
Koshi,Bhojpur,Ramprasad Rai Rural Municipality,Information & Inquiry,In Progress,1,2026-09-10,,Live official municipality homepage and contact page searched.
Koshi,Bhojpur,Temke Maiyung Rural Municipality,Government Services,In Progress,3,2026-09-10,,Official municipality and official digital-profile contact sources searched.
Koshi,Bhojpur,Temke Maiyung Rural Municipality,Information & Inquiry,In Progress,1,2026-09-10,,Official municipality and official digital-profile contact sources searched.
Koshi,Bhojpur,Pauwadungma Rural Municipality,Government Services,In Progress,4,2026-09-10,,"Live official municipality homepage, contact and current-official pages searched."
Koshi,Bhojpur,Pauwadungma Rural Municipality,Information & Inquiry,In Progress,1,2026-09-10,,"Live official municipality homepage, contact and current-official pages searched."
Koshi,Bhojpur,Salpasilichho Rural Municipality,Health & Ambulance,In Progress,4,2026-09-10,,Live official staff directory searched.
Koshi,Bhojpur,Salpasilichho Rural Municipality,Government Services,In Progress,10,2026-09-10,,Live official staff directory searched.
Koshi,Bhojpur,Salpasilichho Rural Municipality,Women & Children,In Progress,1,2026-09-10,,Live official staff directory searched.
Koshi,Bhojpur,Salpasilichho Rural Municipality,Information & Inquiry,In Progress,1,2026-09-10,,Live official staff directory searched.
Koshi,Sankhuwasabha,Chainpur Municipality,Information & Inquiry,In Progress,1,2026-09-10,,Live official municipal and Area Administration Office sources searched.
Koshi,Sankhuwasabha,Chainpur Municipality,Government Services,In Progress,6,2026-09-10,,Live official municipal and Area Administration Office sources searched.
Koshi,Sankhuwasabha,Khandbari Municipality,Information & Inquiry,In Progress,2,2026-09-10,,Live official municipal staff directory searched.
Koshi,Sankhuwasabha,Khandbari Municipality,Health & Ambulance,In Progress,3,2026-09-10,,Live official municipal staff directory searched.
Koshi,Sankhuwasabha,Khandbari Municipality,Government Complaints,In Progress,1,2026-09-10,,Live official municipal staff directory searched.
Koshi,Sankhuwasabha,Khandbari Municipality,Government Services,In Progress,9,2026-09-10,,Live official municipal staff directory searched.
Koshi,Sankhuwasabha,Khandbari Municipality,Women & Children,In Progress,1,2026-09-10,,Live official municipal staff directory searched.
Koshi,Sankhuwasabha,Madi Municipality,Government Services,In Progress,5,2026-09-10,,Live official municipality staff directory searched.
Koshi,Sankhuwasabha,Madi Municipality,Information & Inquiry,In Progress,2,2026-09-10,,Live official municipality staff directory searched.
Koshi,Sankhuwasabha,Madi Municipality,Health & Ambulance,In Progress,1,2026-09-10,,Live official municipality staff directory searched.
